ISO-10303-21;
HEADER;
FILE_DESCRIPTION (( 'STEP AP214' ),
    '1' );
FILE_NAME ('T2055+3.STEP',
    '2020-11-26T10:39:03',
    ( '' ),
    ( '' ),
    'SwSTEP 2.0',
    'SolidWorks 2018',
    '' );
FILE_SCHEMA (( 'AUTOMOTIVE_DESIGN' ));
ENDSEC;

DATA;
#1 = ORIENTED_EDGE ( 'NONE', *, *, #5416, .F. ) ;
#2 = ORIENTED_EDGE ( 'NONE', *, *, #4690, .F. ) ;
#3 = ORIENTED_EDGE ( 'NONE', *, *, #6106, .T. ) ;
#4 = CARTESIAN_POINT ( 'NONE',  ( 0.1500000000000008271, 0.2000000000000000111, 1.949999999999999734 ) ) ;
#5 = FILL_AREA_STYLE_COLOUR ( '', #6357 ) ;
#6 = DIRECTION ( 'NONE',  ( 0.000000000000000000, 0.000000000000000000, -1.000000000000000000 ) ) ;
#7 = CARTESIAN_POINT ( 'NONE',  ( 1.949999999999998623, 0.1999999999999999833, -0.5000000000000000000 ) ) ;
#8 = EDGE_CURVE ( 'NONE', #4272, #3275, #3749, .T. ) ;
#10 = DIRECTION ( 'NONE',  ( -1.000000000000000000, 0.000000000000000000, 7.228014483236699514E-16 ) ) ;
#9 = DIRECTION ( 'NONE',  ( 1.000000000000000000, 0.000000000000000000, 0.000000000000000000 ) ) ;
#11 = ORIENTED_EDGE ( 'NONE', *, *, #5566, .T. ) ;
#12 = CARTESIAN_POINT ( 'NONE',  ( 1.949999999999998623, 0.8264982043070834283, -1.149999999999999911 ) ) ;
#13 = DIRECTION ( 'NONE',  ( -0.000000000000000000, -0.000000000000000000, 1.000000000000000000 ) ) ;
#14 = AXIS2_PLACEMENT_3D ( 'NONE', #6270, #5234, #3141 ) ;
#15 = ORIENTED_EDGE ( 'NONE', *, *, #3013, .T. ) ;
#16 = VERTEX_POINT ( 'NONE', #262 ) ;
#17 = ADVANCED_FACE ( 'NONE', ( #4820 ), #2341, .F. ) ;
#18 = LINE ( 'NONE', #228, #332 ) ;
#19 = ORIENTED_EDGE ( 'NONE', *, *, #4512, .F. ) ;
#20 = VECTOR ( 'NONE', #3227, 1000.000000000000000 ) ;
#21 = ORIENTED_EDGE ( 'NONE', *, *, #4876, .F. ) ;
#22 = DIRECTION ( 'NONE',  ( 1.000000000000000000, -0.000000000000000000, 7.228014483236699514E-16 ) ) ;
#23 = LINE ( 'NONE', #2986, #2602 ) ;
#24 = ORIENTED_EDGE ( 'NONE', *, *, #2937, .F. ) ;
#25 = COLOUR_RGB ( '',0.7921568627450980005, 0.8196078431372548767, 0.9333333333333333481 ) ;
#26 = CARTESIAN_POINT ( 'NONE',  ( 1.949999999999998623, 0.05000000000000023870, -0.1499999999999999667 ) ) ;
#27 = FACE_OUTER_BOUND ( 'NONE', #2144, .T. ) ;
#28 = ORIENTED_EDGE ( 'NONE', *, *, #4699, .T. ) ;
#29 = CARTESIAN_POINT ( 'NONE',  ( -2.499999999999998668, 0.04999999999999991257, -0.1499999999999999667 ) ) ;
#30 = DIRECTION ( 'NONE',  ( 0.000000000000000000, -1.000000000000000000, 0.000000000000000000 ) ) ;
#31 = LINE ( 'NONE', #4387, #2213 ) ;
#32 =( NAMED_UNIT ( * ) SI_UNIT ( $, .STERADIAN. ) SOLID_ANGLE_UNIT ( ) );
#33 = ORIENTED_EDGE ( 'NONE', *, *, #3836, .T. ) ;
#34 = VECTOR ( 'NONE', #5943, 1000.000000000000000 ) ;
#35 = EDGE_CURVE ( 'NONE', #1134, #2053, #792, .T. ) ;
#36 = LINE ( 'NONE', #5728, #3014 ) ;
#37 = ORIENTED_EDGE ( 'NONE', *, *, #5084, .F. ) ;
#38 = ORIENTED_EDGE ( 'NONE', *, *, #1605, .F. ) ;
#39 = PLANE ( 'NONE',  #2347 ) ;
#40 = CARTESIAN_POINT ( 'NONE',  ( 1.949999999999998623, 0.05000000000000023870, -0.5000000000000000000 ) ) ;
#41 = LINE ( 'NONE', #6557, #1323 ) ;
#42 = LINE ( 'NONE', #3596, #5700 ) ;
#43 = ORIENTED_EDGE ( 'NONE', *, *, #4673, .F. ) ;
#44 = VECTOR ( 'NONE', #1374, 1000.000000000000000 ) ;
#45 = EDGE_CURVE ( 'NONE', #3404, #2283, #6206, .T. ) ;
#46 = ORIENTED_EDGE ( 'NONE', *, *, #3704, .T. ) ;
#47 = VECTOR ( 'NONE', #201, 1000.000000000000000 ) ;
#48 = PRESENTATION_STYLE_ASSIGNMENT (( #2791 ) ) ;
#49 = ORIENTED_EDGE ( 'NONE', *, *, #2653, .F. ) ;
#50 = CARTESIAN_POINT ( 'NONE',  ( 1.949999999999998623, 0.05000000000000023870, -1.449999999999999956 ) ) ;
#51 = ORIENTED_EDGE ( 'NONE', *, *, #5830, .F. ) ;
#52 = LINE ( 'NONE', #4259, #1339 ) ;
#53 = CARTESIAN_POINT ( 'NONE',  ( 0.000000000000000000, 0.2000000000000000111, 0.000000000000000000 ) ) ;
#54 = EDGE_CURVE ( 'NONE', #6005, #4793, #3435, .T. ) ;
#55 = DIRECTION ( 'NONE',  ( 1.000000000000000000, -0.000000000000000000, 0.000000000000000000 ) ) ;
#56 = VERTEX_POINT ( 'NONE', #3447 ) ;
#57 = CARTESIAN_POINT ( 'NONE',  ( 1.450000000000000844, 0.8264982043070837614, 1.949999999999999734 ) ) ;
#58 = LINE ( 'NONE', #1277, #4983 ) ;
#59 = PLANE ( 'NONE',  #2770 ) ;
#60 = AXIS2_PLACEMENT_3D ( 'NONE', #4442, #2925, #3854 ) ;
#61 = FACE_OUTER_BOUND ( 'NONE', #3458, .T. ) ;
#62 = ORIENTED_EDGE ( 'NONE', *, *, #4225, .T. ) ;
#63 = VECTOR ( 'NONE', #5324, 1000.000000000000000 ) ;
#64 = PLANE ( 'NONE',  #5693 ) ;
#65 = VECTOR ( 'NONE', #1315, 1000.000000000000000 ) ;
#66 = ADVANCED_FACE ( 'NONE', ( #3364 ), #292, .T. ) ;
#67 = EDGE_CURVE ( 'NONE', #963, #5317, #1999, .T. ) ;
#68 = MECHANICAL_DESIGN_GEOMETRIC_PRESENTATION_REPRESENTATION (  '', ( #102 ), #2868 ) ;
#69 = AXIS2_PLACEMENT_3D ( 'NONE', #4342, #167, #2772 ) ;
#70 = LINE ( 'NONE', #987, #1754 ) ;
#71 = DIRECTION ( 'NONE',  ( -1.000000000000000000, 0.000000000000000000, 1.445602896647339706E-15 ) ) ;
#72 = CARTESIAN_POINT ( 'NONE',  ( -2.499999999999998668, 0.000000000000000000, 0.7999999999999999334 ) ) ;
#73 = CARTESIAN_POINT ( 'NONE',  ( -2.499999999999998668, 0.8000000000000003775, -2.499999999999998668 ) ) ;
#74 = CARTESIAN_POINT ( 'NONE',  ( -2.099999999999999645, 0.8000000000000000444, -2.100000000000000089 ) ) ;
#75 = CARTESIAN_POINT ( 'NONE',  ( -2.499999999999998668, 0.1999999999999999833, 0.7999999999999999334 ) ) ;
#76 = EDGE_CURVE ( 'NONE', #4238, #2907, #866, .T. ) ;
#77 = ORIENTED_EDGE ( 'NONE', *, *, #2276, .T. ) ;
#78 =( LENGTH_UNIT ( ) NAMED_UNIT ( * ) SI_UNIT ( .MILLI., .METRE. ) );
#79 = VERTEX_POINT ( 'NONE', #4935 ) ;
#80 = ORIENTED_EDGE ( 'NONE', *, *, #6076, .F. ) ;
#81 = DIRECTION ( 'NONE',  ( -0.000000000000000000, 0.000000000000000000, 1.000000000000000000 ) ) ;
#82 = EDGE_LOOP ( 'NONE', ( #3305, #850, #1249, #579 ) ) ;
#83 = PRESENTATION_LAYER_ASSIGNMENT (  '', '', ( #4922 ) ) ;
#84 = EDGE_CURVE ( 'NONE', #3275, #3279, #3201, .T. ) ;
#85 = PLANE ( 'NONE',  #4944 ) ;
#86 = CARTESIAN_POINT ( 'NONE',  ( -1.949999999999998623, 0.000000000000000000, -0.5000000000000000000 ) ) ;
#87 = CARTESIAN_POINT ( 'NONE',  ( -1.949999999999998623, 0.1999999999999999833, 0.1499999999999999667 ) ) ;
#88 = CARTESIAN_POINT ( 'NONE',  ( 1.150000000000000355, 0.05000000000000000278, 0.000000000000000000 ) ) ;
#89 = ADVANCED_FACE ( 'NONE', ( #855 ), #4091, .F. ) ;
#90 = PLANE ( 'NONE',  #4467 ) ;
#91 = CARTESIAN_POINT ( 'NONE',  ( 0.000000000000000000, 0.2000000000000000111, 0.000000000000000000 ) ) ;
#92 = ORIENTED_EDGE ( 'NONE', *, *, #1261, .F. ) ;
#93 = PLANE ( 'NONE',  #4945 ) ;
#94 = COLOUR_RGB ( '',0.7921568627450980005, 0.8196078431372548767, 0.9333333333333333481 ) ;
#95 = ORIENTED_EDGE ( 'NONE', *, *, #3858, .T. ) ;
#96 = EDGE_CURVE ( 'NONE', #5026, #3087, #4496, .T. ) ;
#97 = EDGE_CURVE ( 'NONE', #1538, #3243, #3597, .T. ) ;
#98 = DIRECTION ( 'NONE',  ( 0.000000000000000000, -1.000000000000000000, 0.000000000000000000 ) ) ;
#99 = ORIENTED_EDGE ( 'NONE', *, *, #3065, .F. ) ;
#100 = DIRECTION ( 'NONE',  ( 0.000000000000000000, 0.000000000000000000, 1.000000000000000000 ) ) ;
#101 = LINE ( 'NONE', #2743, #4056 ) ;
#102 = STYLED_ITEM ( 'NONE', ( #2138 ), #4334 ) ;
#103 = VERTEX_POINT ( 'NONE', #2497 ) ;
#104 = VECTOR ( 'NONE', #3900, 1000.000000000000000 ) ;
#105 = VECTOR ( 'NONE', #5475, 1000.000000000000000 ) ;
#106 = DIRECTION ( 'NONE',  ( 1.000000000000000000, 0.000000000000000000, 0.000000000000000000 ) ) ;
#107 = VECTOR ( 'NONE', #474, 1000.000000000000000 ) ;
#108 = VERTEX_POINT ( 'NONE', #382 ) ;
#109 = FACE_OUTER_BOUND ( 'NONE', #5654, .T. ) ;
#110 = CARTESIAN_POINT ( 'NONE',  ( -0.4999999999999989453, 0.04999999999999969746, 2.499999999999999556 ) ) ;
#111 = VECTOR ( 'NONE', #2714, 1000.000000000000000 ) ;
#112 = DIRECTION ( 'NONE',  ( 0.000000000000000000, -1.000000000000000000, 0.000000000000000000 ) ) ;
#113 = EDGE_LOOP ( 'NONE', ( #522, #6323, #495, #630 ) ) ;
#114 = EDGE_CURVE ( 'NONE', #4634, #6553, #464, .T. ) ;
#115 = ORIENTED_EDGE ( 'NONE', *, *, #1273, .T. ) ;
#116 = DIRECTION ( 'NONE',  ( 1.000000000000000000, -0.000000000000000000, 1.445602896647339706E-15 ) ) ;
#117 = VECTOR ( 'NONE', #2358, 1000.000000000000000 ) ;
#118 = CARTESIAN_POINT ( 'NONE',  ( 0.000000000000000000, 0.05000000000000000278, -1.549999999999999600 ) ) ;
#119 = CARTESIAN_POINT ( 'NONE',  ( -1.949999999999998623, 0.8264982043070834283, 1.449999999999999956 ) ) ;
#120 = FACE_OUTER_BOUND ( 'NONE', #6513, .T. ) ;
#121 = ORIENTED_EDGE ( 'NONE', *, *, #2338, .F. ) ;
#122 = LINE ( 'NONE', #2579, #6497 ) ;
#123 = ORIENTED_EDGE ( 'NONE', *, *, #4067, .F. ) ;
#124 = CARTESIAN_POINT ( 'NONE',  ( 1.949999999999998623, 0.1999999999999999833, 1.149999999999999911 ) ) ;
#125 = VERTEX_POINT ( 'NONE', #2453 ) ;
#126 = VECTOR ( 'NONE', #2298, 1000.000000000000000 ) ;
#127 = EDGE_CURVE ( 'NONE', #3062, #3811, #1023, .T. ) ;
#128 = EDGE_CURVE ( 'NONE', #3006, #5620, #286, .T. ) ;
#129 = VECTOR ( 'NONE', #649, 1000.000000000000000 ) ;
#130 = VERTEX_POINT ( 'NONE', #901 ) ;
#131 = VERTEX_POINT ( 'NONE', #5555 ) ;
#132 = CARTESIAN_POINT ( 'NONE',  ( 0.000000000000000000, 0.05000000000000000278, -0.1499999999999999667 ) ) ;
#133 = PRESENTATION_STYLE_ASSIGNMENT (( #3222 ) ) ;
#134 = ADVANCED_FACE ( 'NONE', ( #783 ), #3012, .F. ) ;
#135 = ORIENTED_EDGE ( 'NONE', *, *, #4849, .T. ) ;
#136 = LINE ( 'NONE', #142, #1997 ) ;
#137 = ORIENTED_EDGE ( 'NONE', *, *, #4673, .T. ) ;
#138 = DIRECTION ( 'NONE',  ( -1.000000000000000000, 0.000000000000000000, 7.228014483236699514E-16 ) ) ;
#139 = ORIENTED_EDGE ( 'NONE', *, *, #2674, .F. ) ;
#140 = FACE_OUTER_BOUND ( 'NONE', #3021, .T. ) ;
#141 = LINE ( 'NONE', #2463, #3368 ) ;
#142 = CARTESIAN_POINT ( 'NONE',  ( 2.499999999999998668, 0.8264982043070834283, -1.149999999999999911 ) ) ;
#143 = EDGE_CURVE ( 'NONE', #1664, #2568, #1030, .T. ) ;
#144 = CARTESIAN_POINT ( 'NONE',  ( -0.7999999999999990452, 0.1999999999999999833, 1.949999999999999512 ) ) ;
#145 = VERTEX_POINT ( 'NONE', #1449 ) ;
#146 = LINE ( 'NONE', #1382, #960 ) ;
#147 = DIRECTION ( 'NONE',  ( 0.000000000000000000, -0.000000000000000000, 1.000000000000000000 ) ) ;
#148 = DIRECTION ( 'NONE',  ( -0.000000000000000000, 0.000000000000000000, 1.000000000000000000 ) ) ;
#149 = CARTESIAN_POINT ( 'NONE',  ( 1.949999999999998623, 0.2000000000000002054, -1.149999999999999911 ) ) ;
#150 = DIRECTION ( 'NONE',  ( 1.000000000000000000, 0.000000000000000000, -3.942553354492745996E-16 ) ) ;
#151 = EDGE_CURVE ( 'NONE', #6165, #3497, #4239, .T. ) ;
#152 = DIRECTION ( 'NONE',  ( 0.000000000000000000, -1.000000000000000000, 0.000000000000000000 ) ) ;
#153 = AXIS2_PLACEMENT_3D ( 'NONE', #3369, #2331, #5954 ) ;
#154 = ORIENTED_EDGE ( 'NONE', *, *, #4405, .T. ) ;
#155 = CARTESIAN_POINT ( 'NONE',  ( -1.149999999999999023, 0.000000000000000000, 1.949999999999999734 ) ) ;
#156 = CARTESIAN_POINT ( 'NONE',  ( 1.949999999999998623, 0.2000000000000002054, -0.5000000000000000000 ) ) ;
#157 = ORIENTED_EDGE ( 'NONE', *, *, #819, .T. ) ;
#158 = VERTEX_POINT ( 'NONE', #3534 ) ;
#159 = SURFACE_SIDE_STYLE ('',( #5455 ) ) ;
#160 = ADVANCED_FACE ( 'NONE', ( #6590 ), #4033, .T. ) ;
#161 =( NAMED_UNIT ( * ) SI_UNIT ( $, .STERADIAN. ) SOLID_ANGLE_UNIT ( ) );
#162 = ORIENTED_EDGE ( 'NONE', *, *, #3820, .F. ) ;
#163 = DIRECTION ( 'NONE',  ( -1.000000000000000000, 0.000000000000000000, -0.000000000000000000 ) ) ;
#164 = EDGE_CURVE ( 'NONE', #2546, #5179, #4896, .T. ) ;
#165 = ORIENTED_EDGE ( 'NONE', *, *, #6611, .T. ) ;
#166 = DIRECTION ( 'NONE',  ( -3.942553354492745010E-16, 0.000000000000000000, -1.000000000000000000 ) ) ;
#167 = DIRECTION ( 'NONE',  ( -1.000000000000000000, 0.000000000000000000, 3.942553354492744024E-16 ) ) ;
#168 = EDGE_CURVE ( 'NONE', #1324, #3485, #456, .T. ) ;
#169 = CARTESIAN_POINT ( 'NONE',  ( 1.450000000000000844, 0.000000000000000000, 1.949999999999999734 ) ) ;
#170 = CARTESIAN_POINT ( 'NONE',  ( 0.8000000000000003775, 0.2000000000000000111, -2.499999999999999556 ) ) ;
#171 = ORIENTED_EDGE ( 'NONE', *, *, #6642, .T. ) ;
#172 =( NAMED_UNIT ( * ) SI_UNIT ( $, .STERADIAN. ) SOLID_ANGLE_UNIT ( ) );
#173 = DIRECTION ( 'NONE',  ( 0.000000000000000000, -1.000000000000000000, 0.000000000000000000 ) ) ;
#174 = ORIENTED_EDGE ( 'NONE', *, *, #2194, .T. ) ;
#175 = AXIS2_PLACEMENT_3D ( 'NONE', #6322, #5803, #1585 ) ;
#176 = VECTOR ( 'NONE', #1147, 1000.000000000000000 ) ;
#177 = DIRECTION ( 'NONE',  ( 0.000000000000000000, 0.000000000000000000, 1.000000000000000000 ) ) ;
#178 = ORIENTED_EDGE ( 'NONE', *, *, #844, .F. ) ;
#179 = DIRECTION ( 'NONE',  ( 1.000000000000000000, 0.000000000000000000, 0.000000000000000000 ) ) ;
#180 = CARTESIAN_POINT ( 'NONE',  ( 2.499999999999998668, 0.8264982043070834283, 1.449999999999999956 ) ) ;
#181 = VERTEX_POINT ( 'NONE', #3467 ) ;
#182 =( NAMED_UNIT ( * ) PLANE_ANGLE_UNIT ( ) SI_UNIT ( $, .RADIAN. ) );
#183 = ORIENTED_EDGE ( 'NONE', *, *, #6201, .T. ) ;
#184 = VECTOR ( 'NONE', #218, 1000.000000000000000 ) ;
#185 = ORIENTED_EDGE ( 'NONE', *, *, #6466, .T. ) ;
#186 = CARTESIAN_POINT ( 'NONE',  ( 0.8000000000000010436, 0.1999999999999999833, 2.499999999999999556 ) ) ;
#187 = ORIENTED_EDGE ( 'NONE', *, *, #4043, .T. ) ;
#188 = CARTESIAN_POINT ( 'NONE',  ( -2.499999999999998668, 0.04999999999999991257, 1.449999999999999956 ) ) ;
#189 = AXIS2_PLACEMENT_3D ( 'NONE', #5797, #3691, #3236 ) ;
#190 =( GEOMETRIC_REPRESENTATION_CONTEXT ( 3 ) GLOBAL_UNCERTAINTY_ASSIGNED_CONTEXT ( ( #648 ) ) GLOBAL_UNIT_ASSIGNED_CONTEXT ( ( #6685, #3563, #6227 ) ) REPRESENTATION_CONTEXT ( 'NONE', 'WORKASPACE' ) );
#191 = ADVANCED_FACE ( 'NONE', ( #3117 ), #6559, .F. ) ;
#192 = FACE_OUTER_BOUND ( 'NONE', #4846, .T. ) ;
#193 = VERTEX_POINT ( 'NONE', #5087 ) ;
#194 = LINE ( 'NONE', #4838, #2852 ) ;
#195 = DIRECTION ( 'NONE',  ( 3.942553354492744024E-16, 0.000000000000000000, 1.000000000000000000 ) ) ;
#196 = VECTOR ( 'NONE', #6580, 1000.000000000000000 ) ;
#197 = ORIENTED_EDGE ( 'NONE', *, *, #4320, .T. ) ;
#198 = ORIENTED_EDGE ( 'NONE', *, *, #5804, .T. ) ;
#199 = ORIENTED_EDGE ( 'NONE', *, *, #2426, .F. ) ;
#200 = FACE_OUTER_BOUND ( 'NONE', #3064, .T. ) ;
#201 = DIRECTION ( 'NONE',  ( -0.000000000000000000, -1.000000000000000000, -0.000000000000000000 ) ) ;
#202 = VECTOR ( 'NONE', #1438, 1000.000000000000000 ) ;
#203 = EDGE_CURVE ( 'NONE', #4272, #6185, #5149, .T. ) ;
#204 = EDGE_LOOP ( 'NONE', ( #5810, #4059, #5213, #3994 ) ) ;
#205 = LINE ( 'NONE', #6519, #4979 ) ;
#206 = CARTESIAN_POINT ( 'NONE',  ( 1.949999999999998623, 0.2000000000000002054, 1.449999999999999956 ) ) ;
#207 = VERTEX_POINT ( 'NONE', #2699 ) ;
#208 = APPLICATION_CONTEXT ( 'automotive_design' ) ;
#209 = LINE ( 'NONE', #4362, #1660 ) ;
#210 = CARTESIAN_POINT ( 'NONE',  ( -1.949999999999998623, 0.1999999999999999833, -0.5000000000000000000 ) ) ;
#211 = ORIENTED_EDGE ( 'NONE', *, *, #1293, .F. ) ;
#212 = ORIENTED_EDGE ( 'NONE', *, *, #2175, .T. ) ;
#213 = LINE ( 'NONE', #4330, #3675 ) ;
#214 = CARTESIAN_POINT ( 'NONE',  ( 1.949999999999998623, 0.000000000000000000, 0.5000000000000000000 ) ) ;
#215 = EDGE_CURVE ( 'NONE', #297, #6370, #1508, .T. ) ;
#216 = ORIENTED_EDGE ( 'NONE', *, *, #2328, .T. ) ;
#217 = LINE ( 'NONE', #4687, #4501 ) ;
#218 = DIRECTION ( 'NONE',  ( 1.000000000000000000, -0.000000000000000000, -0.000000000000000000 ) ) ;
#219 = FACE_OUTER_BOUND ( 'NONE', #1062, .T. ) ;
#220 = ORIENTED_EDGE ( 'NONE', *, *, #3529, .T. ) ;
#221 = VECTOR ( 'NONE', #2875, 1000.000000000000000 ) ;
#222 = DIRECTION ( 'NONE',  ( 0.000000000000000000, 0.000000000000000000, -1.000000000000000000 ) ) ;
#223 = DIRECTION ( 'NONE',  ( 1.000000000000000000, -0.000000000000000000, 1.445602896647339706E-15 ) ) ;
#224 = DIRECTION ( 'NONE',  ( 1.000000000000000000, -0.000000000000000000, 0.000000000000000000 ) ) ;
#225 = CARTESIAN_POINT ( 'NONE',  ( -1.550000000000000488, 0.1999999999999996503, 1.550000000000000488 ) ) ;
#226 = ADVANCED_FACE ( 'NONE', ( #5384 ), #4277, .T. ) ;
#227 = EDGE_CURVE ( 'NONE', #371, #145, #6120, .T. ) ;
#228 = CARTESIAN_POINT ( 'NONE',  ( 1.949999999999998623, 0.8264982043070834283, -1.449999999999999956 ) ) ;
#229 = AXIS2_PLACEMENT_3D ( 'NONE', #4429, #4941, #1856 ) ;
#230 = DIRECTION ( 'NONE',  ( 0.000000000000000000, -0.000000000000000000, 1.000000000000000000 ) ) ;
#231 = MANIFOLD_SOLID_BREP ( 'Boss-Extrude5', #6113 ) ;
#232 = ORIENTED_EDGE ( 'NONE', *, *, #4102, .T. ) ;
#233 = CARTESIAN_POINT ( 'NONE',  ( 2.500000000000002220, 0.05000000000000000278, -2.499999999999999112 ) ) ;
#234 = DIRECTION ( 'NONE',  ( 0.000000000000000000, -0.000000000000000000, -1.000000000000000000 ) ) ;
#235 = EDGE_CURVE ( 'NONE', #145, #6165, #4409, .T. ) ;
#236 = CARTESIAN_POINT ( 'NONE',  ( -0.4999999999999989453, 0.8264982043070837614, 2.499999999999999556 ) ) ;
#237 = EDGE_LOOP ( 'NONE', ( #6110, #6245, #4573, #768, #6612 ) ) ;
#238 = AXIS2_PLACEMENT_3D ( 'NONE', #4644, #1064, #3689 ) ;
#239 = AXIS2_PLACEMENT_3D ( 'NONE', #2647, #4198, #599 ) ;
#240 = EDGE_CURVE ( 'NONE', #5495, #3811, #6431, .T. ) ;
#241 = ORIENTED_EDGE ( 'NONE', *, *, #2306, .T. ) ;
#242 = ORIENTED_EDGE ( 'NONE', *, *, #2573, .F. ) ;
#243 = DIRECTION ( 'NONE',  ( 0.000000000000000000, -1.000000000000000000, 0.000000000000000000 ) ) ;
#244 = CARTESIAN_POINT ( 'NONE',  ( -1.949999999999998623, 0.000000000000000000, -0.5000000000000000000 ) ) ;
#245 = CARTESIAN_POINT ( 'NONE',  ( -1.550000000000000488, 0.1999999999999996503, 1.550000000000000488 ) ) ;
#246 = CARTESIAN_POINT ( 'NONE',  ( 2.499999999999998668, 0.000000000000000000, 0.7999999999999999334 ) ) ;
#247 = EDGE_CURVE ( 'NONE', #4627, #1460, #213, .T. ) ;
#248 = ORIENTED_EDGE ( 'NONE', *, *, #54, .T. ) ;
#249 = DIRECTION ( 'NONE',  ( -1.000000000000000000, 0.000000000000000000, 0.000000000000000000 ) ) ;
#250 = CARTESIAN_POINT ( 'NONE',  ( 1.949999999999998623, 0.1999999999999999833, 1.149999999999999911 ) ) ;
#251 = VECTOR ( 'NONE', #5401, 1000.000000000000000 ) ;
#252 = ORIENTED_EDGE ( 'NONE', *, *, #4774, .T. ) ;
#253 = ADVANCED_FACE ( 'NONE', ( #2629 ), #4847, .T. ) ;
#254 = CARTESIAN_POINT ( 'NONE',  ( 0.8000000000000008216, 0.2000000000000000111, 1.949999999999999734 ) ) ;
#255 = DIRECTION ( 'NONE',  ( 0.000000000000000000, -1.000000000000000000, 0.000000000000000000 ) ) ;
#256 = ORIENTED_EDGE ( 'NONE', *, *, #4939, .F. ) ;
#257 = ORIENTED_EDGE ( 'NONE', *, *, #2653, .T. ) ;
#258 = FACE_OUTER_BOUND ( 'NONE', #2833, .T. ) ;
#259 = EDGE_CURVE ( 'NONE', #3116, #1607, #615, .T. ) ;
#260 = CARTESIAN_POINT ( 'NONE',  ( 1.150000000000000355, 0.8264982043070837614, -1.949999999999999067 ) ) ;
#261 = FACE_OUTER_BOUND ( 'NONE', #2702, .T. ) ;
#262 = CARTESIAN_POINT ( 'NONE',  ( -1.949999999999998623, 0.05000000000000023870, -0.5000000000000000000 ) ) ;
#263 = FACE_OUTER_BOUND ( 'NONE', #4705, .T. ) ;
#264 = ORIENTED_EDGE ( 'NONE', *, *, #5164, .F. ) ;
#265 = LINE ( 'NONE', #2459, #2526 ) ;
#266 = DIRECTION ( 'NONE',  ( 1.000000000000000000, -0.000000000000000000, -0.000000000000000000 ) ) ;
#267 = VECTOR ( 'NONE', #4856, 1000.000000000000000 ) ;
#268 = ORIENTED_EDGE ( 'NONE', *, *, #4909, .F. ) ;
#269 = ORIENTED_EDGE ( 'NONE', *, *, #6566, .F. ) ;
#270 = VECTOR ( 'NONE', #1892, 1000.000000000000000 ) ;
#271 = EDGE_CURVE ( 'NONE', #6631, #1102, #52, .T. ) ;
#272 = VECTOR ( 'NONE', #4771, 1000.000000000000000 ) ;
#273 = CARTESIAN_POINT ( 'NONE',  ( -2.499999999999998668, 0.1999999999999999833, 0.5000000000000000000 ) ) ;
#274 = FACE_OUTER_BOUND ( 'NONE', #6343, .T. ) ;
#275 = ORIENTED_EDGE ( 'NONE', *, *, #2306, .F. ) ;
#276 = CARTESIAN_POINT ( 'NONE',  ( 1.949999999999998623, 0.000000000000000000, -1.149999999999999911 ) ) ;
#277 =( GEOMETRIC_REPRESENTATION_CONTEXT ( 3 ) GLOBAL_UNCERTAINTY_ASSIGNED_CONTEXT ( ( #4957 ) ) GLOBAL_UNIT_ASSIGNED_CONTEXT ( ( #5853, #182, #1676 ) ) REPRESENTATION_CONTEXT ( 'NONE', 'WORKASPACE' ) );
#278 = MECHANICAL_DESIGN_GEOMETRIC_PRESENTATION_REPRESENTATION (  '', ( #6630 ), #2048 ) ;
#279 = ORIENTED_EDGE ( 'NONE', *, *, #5663, .F. ) ;
#280 = VERTEX_POINT ( 'NONE', #6409 ) ;
#281 = LINE ( 'NONE', #4276, #2148 ) ;
#282 = CARTESIAN_POINT ( 'NONE',  ( -0.4999999999999995559, 0.2000000000000000111, -1.949999999999999289 ) ) ;
#283 = LINE ( 'NONE', #1281, #4653 ) ;
#284 = VERTEX_POINT ( 'NONE', #3294 ) ;
#285 = VERTEX_POINT ( 'NONE', #156 ) ;
#286 = LINE ( 'NONE', #4011, #2867 ) ;
#287 =( NAMED_UNIT ( * ) PLANE_ANGLE_UNIT ( ) SI_UNIT ( $, .RADIAN. ) );
#288 = DIRECTION ( 'NONE',  ( 0.000000000000000000, 1.000000000000000000, 0.000000000000000000 ) ) ;
#289 = CARTESIAN_POINT ( 'NONE',  ( -0.7999999999999994893, 0.2000000000000000111, -2.499999999999999112 ) ) ;
#290 = ORIENTED_EDGE ( 'NONE', *, *, #5363, .F. ) ;
#291 = LINE ( 'NONE', #233, #2232 ) ;
#292 = PLANE ( 'NONE',  #6396 ) ;
#293 = EDGE_CURVE ( 'NONE', #3497, #284, #1657, .T. ) ;
#294 = VECTOR ( 'NONE', #3207, 1000.000000000000000 ) ;
#295 = ADVANCED_FACE ( 'NONE', ( #5948 ), #1737, .F. ) ;
#296 = ORIENTED_EDGE ( 'NONE', *, *, #3166, .F. ) ;
#297 = VERTEX_POINT ( 'NONE', #2274 ) ;
#298 = FACE_OUTER_BOUND ( 'NONE', #1747, .T. ) ;
#299 = EDGE_CURVE ( 'NONE', #1624, #912, #6669, .T. ) ;
#300 = CARTESIAN_POINT ( 'NONE',  ( -2.099999999999999645, 0.6999999999999999556, -2.299999999999999378 ) ) ;
#301 = SURFACE_SIDE_STYLE ('',( #2365 ) ) ;
#302 = LINE ( 'NONE', #5076, #4256 ) ;
#303 = DIRECTION ( 'NONE',  ( 0.000000000000000000, -0.000000000000000000, 1.000000000000000000 ) ) ;
#304 = DIRECTION ( 'NONE',  ( 0.000000000000000000, -0.000000000000000000, 1.000000000000000000 ) ) ;
#305 = CARTESIAN_POINT ( 'NONE',  ( 1.949999999999998623, 0.000000000000000000, 1.449999999999999956 ) ) ;
#306 = CARTESIAN_POINT ( 'NONE',  ( 0.000000000000000000, 0.000000000000000000, 2.600000000000000089 ) ) ;
#307 = PLANE ( 'NONE',  #5936 ) ;
#308 = EDGE_CURVE ( 'NONE', #3148, #946, #5068, .T. ) ;
#309 = ORIENTED_EDGE ( 'NONE', *, *, #2160, .F. ) ;
#310 = DIRECTION ( 'NONE',  ( -3.942553354492745996E-16, 0.000000000000000000, -1.000000000000000000 ) ) ;
#311 = ORIENTED_EDGE ( 'NONE', *, *, #3755, .T. ) ;
#312 = EDGE_LOOP ( 'NONE', ( #2928, #1099, #5374, #1130 ) ) ;
#313 = AXIS2_PLACEMENT_3D ( 'NONE', #4891, #1292, #5408 ) ;
#314 = DIRECTION ( 'NONE',  ( 0.000000000000000000, 0.000000000000000000, -1.000000000000000000 ) ) ;
#315 = ORIENTED_EDGE ( 'NONE', *, *, #4699, .F. ) ;
#316 = CARTESIAN_POINT ( 'NONE',  ( 1.549999999999999600, 0.000000000000000000, 1.550000000000000488 ) ) ;
#317 = PLANE ( 'NONE',  #6600 ) ;
#318 = ADVANCED_FACE ( 'NONE', ( #2784 ), #2241, .T. ) ;
#319 = ORIENTED_EDGE ( 'NONE', *, *, #5104, .T. ) ;
#320 = CARTESIAN_POINT ( 'NONE',  ( 0.000000000000000000, 0.05000000000000000278, -0.5000000000000000000 ) ) ;
#321 = CARTESIAN_POINT ( 'NONE',  ( -2.099999999999999645, 0.8000000000000000444, -2.100000000000000089 ) ) ;
#322 = EDGE_CURVE ( 'NONE', #2450, #4642, #373, .T. ) ;
#323 = DIRECTION ( 'NONE',  ( 0.000000000000000000, 0.000000000000000000, -1.000000000000000000 ) ) ;
#324 = DIRECTION ( 'NONE',  ( 1.000000000000000000, 0.000000000000000000, -1.445602896647339508E-15 ) ) ;
#325 = CARTESIAN_POINT ( 'NONE',  ( 1.450000000000000400, 0.8264982043070837614, -1.949999999999999289 ) ) ;
#326 = CARTESIAN_POINT ( 'NONE',  ( -0.7999999999999990452, 0.1999999999999999833, 1.949999999999999512 ) ) ;
#327 = DIRECTION ( 'NONE',  ( 0.000000000000000000, -1.000000000000000000, 0.000000000000000000 ) ) ;
#328 = VERTEX_POINT ( 'NONE', #245 ) ;
#329 = CARTESIAN_POINT ( 'NONE',  ( -0.7999999999999998224, 0.05000000000000000278, 3.154042683594196107E-16 ) ) ;
#330 = EDGE_CURVE ( 'NONE', #3087, #5026, #4575, .T. ) ;
#331 = VERTEX_POINT ( 'NONE', #1279 ) ;
#332 = VECTOR ( 'NONE', #5877, 1000.000000000000000 ) ;
#333 = ORIENTED_EDGE ( 'NONE', *, *, #4955, .F. ) ;
#334 = DIRECTION ( 'NONE',  ( 0.000000000000000000, 0.000000000000000000, -1.000000000000000000 ) ) ;
#335 = CARTESIAN_POINT ( 'NONE',  ( -1.449999999999999512, 0.2000000000000000111, -2.499999999999999112 ) ) ;
#336 = SURFACE_STYLE_FILL_AREA ( #2676 ) ;
#337 = DIRECTION ( 'NONE',  ( 1.000000000000000000, 0.000000000000000000, -1.445602896647339508E-15 ) ) ;
#338 = ORIENTED_EDGE ( 'NONE', *, *, #1833, .F. ) ;
#339 = ORIENTED_EDGE ( 'NONE', *, *, #1462, .T. ) ;
#340 = LINE ( 'NONE', #2728, #5201 ) ;
#341 = LINE ( 'NONE', #2332, #105 ) ;
#342 = ORIENTED_EDGE ( 'NONE', *, *, #6377, .T. ) ;
#343 = ORIENTED_EDGE ( 'NONE', *, *, #2511, .F. ) ;
#344 = DIRECTION ( 'NONE',  ( -0.000000000000000000, -0.000000000000000000, 1.000000000000000000 ) ) ;
#345 = EDGE_CURVE ( 'NONE', #4642, #1624, #1827, .T. ) ;
#346 = DIRECTION ( 'NONE',  ( 1.000000000000000000, 0.000000000000000000, 0.000000000000000000 ) ) ;
#347 = FACE_OUTER_BOUND ( 'NONE', #3942, .T. ) ;
#348 = ORIENTED_EDGE ( 'NONE', *, *, #6474, .T. ) ;
#349 = DIRECTION ( 'NONE',  ( -0.000000000000000000, -0.000000000000000000, 1.000000000000000000 ) ) ;
#350 = CARTESIAN_POINT ( 'NONE',  ( -0.7999999999999994893, 0.8264982043070837614, -2.499999999999999112 ) ) ;
#351 = CARTESIAN_POINT ( 'NONE',  ( 0.8000000000000003775, 0.1999999999999999833, -1.949999999999999289 ) ) ;
#352 = VECTOR ( 'NONE', #346, 1000.000000000000000 ) ;
#353 = CLOSED_SHELL ( 'NONE', ( #1450, #5547, #5606, #5811, #1346, #6660 ) ) ;
#354 = CARTESIAN_POINT ( 'NONE',  ( 0.8000000000000003775, 0.2000000000000000111, -2.499999999999999556 ) ) ;
#355 = ADVANCED_FACE ( 'NONE', ( #6281 ), #6494, .T. ) ;
#356 = VERTEX_POINT ( 'NONE', #798 ) ;
#357 = PRESENTATION_LAYER_ASSIGNMENT (  '', '', ( #1493 ) ) ;
#358 = ORIENTED_EDGE ( 'NONE', *, *, #3035, .F. ) ;
#359 = LINE ( 'NONE', #5980, #4559 ) ;
#360 = CARTESIAN_POINT ( 'NONE',  ( 2.499999999999998668, 0.8264982043070834283, 0.5000000000000000000 ) ) ;
#361 = VECTOR ( 'NONE', #30, 1000.000000000000000 ) ;
#362 = ORIENTED_EDGE ( 'NONE', *, *, #5021, .T. ) ;
#363 = VECTOR ( 'NONE', #3436, 1000.000000000000000 ) ;
#364 = PLANE ( 'NONE',  #1444 ) ;
#365 = EDGE_CURVE ( 'NONE', #2598, #3661, #2958, .T. ) ;
#366 = ORIENTED_EDGE ( 'NONE', *, *, #573, .F. ) ;
#367 = VECTOR ( 'NONE', #646, 1000.000000000000000 ) ;
#368 = CARTESIAN_POINT ( 'NONE',  ( 1.450000000000000400, 0.2000000000000000111, -1.949999999999999289 ) ) ;
#369 =( LENGTH_UNIT ( ) NAMED_UNIT ( * ) SI_UNIT ( .MILLI., .METRE. ) );
#370 = AXIS2_PLACEMENT_3D ( 'NONE', #4612, #6574, #4548 ) ;
#371 = VERTEX_POINT ( 'NONE', #5906 ) ;
#372 = ORIENTED_EDGE ( 'NONE', *, *, #5191, .F. ) ;
#373 = LINE ( 'NONE', #2387, #4000 ) ;
#374 = CARTESIAN_POINT ( 'NONE',  ( 1.300000000000000044, 0.000000000000000000, 0.000000000000000000 ) ) ;
#375 = ORIENTED_EDGE ( 'NONE', *, *, #829, .F. ) ;
#376 = LINE ( 'NONE', #4898, #126 ) ;
#377 = LINE ( 'NONE', #2935, #4098 ) ;
#378 = CARTESIAN_POINT ( 'NONE',  ( 0.1500000000000003830, 0.1999999999999999833, -2.499999999999999556 ) ) ;
#379 = CARTESIAN_POINT ( 'NONE',  ( -1.449999999999999512, 0.05000000000000000278, 0.000000000000000000 ) ) ;
#380 = PLANE ( 'NONE',  #5392 ) ;
#381 = CARTESIAN_POINT ( 'NONE',  ( -2.099999999999999645, 0.8000000000000000444, -2.100000000000000089 ) ) ;
#382 = CARTESIAN_POINT ( 'NONE',  ( 2.500000000000002220, 0.2000000000000005107, -0.1499999999999999667 ) ) ;
#383 = EDGE_CURVE ( 'NONE', #3902, #2940, #5300, .T. ) ;
#384 = VERTEX_POINT ( 'NONE', #5934 ) ;
#385 = FACE_OUTER_BOUND ( 'NONE', #1837, .T. ) ;
#386 = CARTESIAN_POINT ( 'NONE',  ( -0.4999999999999995559, 0.2000000000000000111, -2.499999999999999556 ) ) ;
#387 = FACE_OUTER_BOUND ( 'NONE', #5146, .T. ) ;
#388 = ORIENTED_EDGE ( 'NONE', *, *, #2338, .T. ) ;
#389 = DIRECTION ( 'NONE',  ( 1.000000000000000000, 0.000000000000000000, -0.000000000000000000 ) ) ;
#390 = DIRECTION ( 'NONE',  ( 3.942553354492744024E-16, -0.000000000000000000, 1.000000000000000000 ) ) ;
#391 = EDGE_CURVE ( 'NONE', #6499, #2178, #5375, .T. ) ;
#392 = DIRECTION ( 'NONE',  ( -1.000000000000000000, 0.000000000000000000, 1.445602896647339706E-15 ) ) ;
#393 = ADVANCED_FACE ( 'NONE', ( #1983 ), #772, .F. ) ;
#394 = CARTESIAN_POINT ( 'NONE',  ( 0.1500000000000010492, 0.8264982043070837614, 2.499999999999999556 ) ) ;
#395 = EDGE_CURVE ( 'NONE', #1954, #2529, #5704, .T. ) ;
#396 = DIRECTION ( 'NONE',  ( 1.000000000000000000, -0.000000000000000000, -8.673617379884035472E-17 ) ) ;
#397 = EDGE_LOOP ( 'NONE', ( #4577, #5515, #2034, #3668 ) ) ;
#398 = CARTESIAN_POINT ( 'NONE',  ( 1.949999999999998623, 0.8264982043070834283, 1.449999999999999956 ) ) ;
#399 = CARTESIAN_POINT ( 'NONE',  ( -1.949999999999998623, 0.2000000000000002054, -1.149999999999999911 ) ) ;
#400 = DIRECTION ( 'NONE',  ( -0.000000000000000000, 0.000000000000000000, 1.000000000000000000 ) ) ;
#401 = DIRECTION ( 'NONE',  ( -7.885106708985489034E-17, 0.000000000000000000, 1.000000000000000000 ) ) ;
#402 = ORIENTED_EDGE ( 'NONE', *, *, #1232, .F. ) ;
#403 = CARTESIAN_POINT ( 'NONE',  ( 1.949999999999998623, 0.1999999999999999833, 0.7999999999999999334 ) ) ;
#404 = ORIENTED_EDGE ( 'NONE', *, *, #4006, .T. ) ;
#405 = ORIENTED_EDGE ( 'NONE', *, *, #1605, .T. ) ;
#406 = DIRECTION ( 'NONE',  ( 0.000000000000000000, 1.000000000000000000, 0.000000000000000000 ) ) ;
#407 = EDGE_CURVE ( 'NONE', #280, #6505, #6109, .T. ) ;
#408 = PRESENTATION_LAYER_ASSIGNMENT (  '', '', ( #4566 ) ) ;
#409 = PLANE ( 'NONE',  #4812 ) ;
#410 = CARTESIAN_POINT ( 'NONE',  ( -1.149999999999999023, 0.2000000000000000111, 1.949999999999999734 ) ) ;
#411 = DIRECTION ( 'NONE',  ( -1.000000000000000000, 0.000000000000000000, 1.445602896647339706E-15 ) ) ;
#412 = DIRECTION ( 'NONE',  ( 0.000000000000000000, -1.000000000000000000, 0.000000000000000000 ) ) ;
#413 = EDGE_LOOP ( 'NONE', ( #3010, #2768, #3893, #5378 ) ) ;
#414 = EDGE_CURVE ( 'NONE', #2242, #5148, #205, .T. ) ;
#415 = VECTOR ( 'NONE', #2850, 1000.000000000000000 ) ;
#416 = ORIENTED_EDGE ( 'NONE', *, *, #584, .T. ) ;
#417 = CARTESIAN_POINT ( 'NONE',  ( -1.149999999999998801, 0.000000000000000000, 2.499999999999999556 ) ) ;
#418 = CARTESIAN_POINT ( 'NONE',  ( -1.949999999999998623, 0.1999999999999999833, -1.149999999999999911 ) ) ;
#419 = VERTEX_POINT ( 'NONE', #3885 ) ;
#420 = ADVANCED_FACE ( 'NONE', ( #3272 ), #1850, .T. ) ;
#421 = VECTOR ( 'NONE', #5210, 1000.000000000000000 ) ;
#422 = ORIENTED_EDGE ( 'NONE', *, *, #4636, .T. ) ;
#423 = DIRECTION ( 'NONE',  ( 0.000000000000000000, 1.000000000000000000, 0.000000000000000000 ) ) ;
#424 = AXIS2_PLACEMENT_3D ( 'NONE', #2413, #2921, #1894 ) ;
#425 = VECTOR ( 'NONE', #6546, 1000.000000000000000 ) ;
#426 = EDGE_CURVE ( 'NONE', #4893, #3493, #5859, .T. ) ;
#427 = PLANE ( 'NONE',  #1477 ) ;
#428 = SURFACE_STYLE_FILL_AREA ( #6122 ) ;
#429 = ORIENTED_EDGE ( 'NONE', *, *, #4579, .T. ) ;
#430 = ADVANCED_FACE ( 'NONE', ( #2620 ), #831, .F. ) ;
#431 = PRESENTATION_STYLE_ASSIGNMENT (( #4587 ) ) ;
#432 = DIRECTION ( 'NONE',  ( 0.000000000000000000, 0.000000000000000000, -1.000000000000000000 ) ) ;
#433 = VECTOR ( 'NONE', #3147, 1000.000000000000000 ) ;
#434 = ORIENTED_EDGE ( 'NONE', *, *, #5996, .F. ) ;
#435 = FILL_AREA_STYLE_COLOUR ( '', #6407 ) ;
#436 = CARTESIAN_POINT ( 'NONE',  ( 2.499999999999998668, 0.1999999999999999833, 0.7999999999999999334 ) ) ;
#437 = ORIENTED_EDGE ( 'NONE', *, *, #215, .T. ) ;
#438 = CARTESIAN_POINT ( 'NONE',  ( -1.949999999999998623, 0.2000000000000002054, -0.5000000000000000000 ) ) ;
#439 = VECTOR ( 'NONE', #4532, 1000.000000000000000 ) ;
#440 = DIRECTION ( 'NONE',  ( 0.000000000000000000, -1.000000000000000000, 0.000000000000000000 ) ) ;
#441 = LINE ( 'NONE', #4754, #6014 ) ;
#442 = UNCERTAINTY_MEASURE_WITH_UNIT (LENGTH_MEASURE( 1.000000000000000082E-05 ), #6639, 'distance_accuracy_value', 'NONE');
#443 = VECTOR ( 'NONE', #1393, 1000.000000000000000 ) ;
#444 = VERTEX_POINT ( 'NONE', #4425 ) ;
#445 = VECTOR ( 'NONE', #5484, 1000.000000000000000 ) ;
#446 = EDGE_LOOP ( 'NONE', ( #2340, #1953, #5281, #5806 ) ) ;
#447 = PLANE ( 'NONE',  #2015 ) ;
#448 = EDGE_CURVE ( 'NONE', #5098, #384, #5539, .T. ) ;
#449 = EDGE_CURVE ( 'NONE', #4054, #4924, #4564, .T. ) ;
#450 = PLANE ( 'NONE',  #3910 ) ;
#451 = ORIENTED_EDGE ( 'NONE', *, *, #2483, .F. ) ;
#452 = FACE_OUTER_BOUND ( 'NONE', #6233, .T. ) ;
#453 = FACE_OUTER_BOUND ( 'NONE', #4476, .T. ) ;
#454 = ORIENTED_EDGE ( 'NONE', *, *, #572, .T. ) ;
#455 = VERTEX_POINT ( 'NONE', #3446 ) ;
#456 = LINE ( 'NONE', #2478, #3753 ) ;
#457 = MECHANICAL_DESIGN_GEOMETRIC_PRESENTATION_REPRESENTATION (  '', ( #1026 ), #4345 ) ;
#458 = AXIS2_PLACEMENT_3D ( 'NONE', #1430, #6059, #836 ) ;
#459 = DIRECTION ( 'NONE',  ( 1.000000000000000000, 0.000000000000000000, -0.000000000000000000 ) ) ;
#460 = ORIENTED_EDGE ( 'NONE', *, *, #6551, .F. ) ;
#461 = LINE ( 'NONE', #5898, #4243 ) ;
#462 = LINE ( 'NONE', #2523, #3759 ) ;
#463 = CARTESIAN_POINT ( 'NONE',  ( 1.949999999999998623, 0.000000000000000000, 0.7999999999999999334 ) ) ;
#464 = LINE ( 'NONE', #1895, #5789 ) ;
#465 = DIRECTION ( 'NONE',  ( 0.000000000000000000, -1.000000000000000000, 0.000000000000000000 ) ) ;
#466 = ORIENTED_EDGE ( 'NONE', *, *, #2880, .T. ) ;
#467 = CARTESIAN_POINT ( 'NONE',  ( 0.000000000000000000, 0.05000000000000000278, 0.5000000000000000000 ) ) ;
#468 = FACE_OUTER_BOUND ( 'NONE', #5439, .T. ) ;
#469 = CARTESIAN_POINT ( 'NONE',  ( 1.949999999999998623, 0.8264982043070834283, 0.7999999999999999334 ) ) ;
#470 = ADVANCED_FACE ( 'NONE', ( #4399 ), #4996, .T. ) ;
#471 = EDGE_CURVE ( 'NONE', #1564, #5161, #4156, .T. ) ;
#472 = VECTOR ( 'NONE', #3455, 1000.000000000000000 ) ;
#473 = CARTESIAN_POINT ( 'NONE',  ( -1.449999999999999512, 0.2000000000000000111, -2.499999999999999112 ) ) ;
#475 = CARTESIAN_POINT ( 'NONE',  ( 0.8000000000000008216, 0.1999999999999999833, 1.949999999999999734 ) ) ;
#474 = DIRECTION ( 'NONE',  ( -0.000000000000000000, -0.000000000000000000, 1.000000000000000000 ) ) ;
#476 = VERTEX_POINT ( 'NONE', #2359 ) ;
#477 = VECTOR ( 'NONE', #3523, 1000.000000000000000 ) ;
#478 = ADVANCED_FACE ( 'NONE', ( #3989 ), #1421, .F. ) ;
#479 = EDGE_CURVE ( 'NONE', #1231, #4805, #6352, .T. ) ;
#480 = EDGE_CURVE ( 'NONE', #6103, #5548, #4888, .T. ) ;
#481 = DIRECTION ( 'NONE',  ( 0.000000000000000000, -0.000000000000000000, 1.000000000000000000 ) ) ;
#482 = EDGE_LOOP ( 'NONE', ( #4443, #1971, #4251, #2076 ) ) ;
#483 = PLANE ( 'NONE',  #5610 ) ;
#484 = CARTESIAN_POINT ( 'NONE',  ( -1.949999999999998623, 0.000000000000000000, 0.1499999999999999667 ) ) ;
#485 = ORIENTED_EDGE ( 'NONE', *, *, #596, .F. ) ;
#486 = SURFACE_SIDE_STYLE ('',( #6423 ) ) ;
#487 = EDGE_CURVE ( 'NONE', #680, #6491, #3424, .T. ) ;
#489 = DIRECTION ( 'NONE',  ( -1.000000000000000000, 0.000000000000000000, -0.000000000000000000 ) ) ;
#488 = DIRECTION ( 'NONE',  ( 0.000000000000000000, -0.000000000000000000, 1.000000000000000000 ) ) ;
#490 = ORIENTED_EDGE ( 'NONE', *, *, #1776, .T. ) ;
#491 = ORIENTED_EDGE ( 'NONE', *, *, #5385, .F. ) ;
#492 = CARTESIAN_POINT ( 'NONE',  ( -1.409462824231155370E-15, 0.05000000000000000278, -1.949999999999998623 ) ) ;
#493 = DIRECTION ( 'NONE',  ( -1.000000000000000000, 0.000000000000000000, 0.000000000000000000 ) ) ;
#494 = ADVANCED_FACE ( 'NONE', ( #6577 ), #5528, .F. ) ;
#495 = ORIENTED_EDGE ( 'NONE', *, *, #84, .F. ) ;
#496 = CARTESIAN_POINT ( 'NONE',  ( 1.949999999999998623, 0.8264982043070834283, -1.149999999999999911 ) ) ;
#497 = CARTESIAN_POINT ( 'NONE',  ( 0.000000000000000000, 0.000000000000000000, 1.949999999999999956 ) ) ;
#498 = ADVANCED_FACE ( 'NONE', ( #5219 ), #4727, .T. ) ;
#499 = CARTESIAN_POINT ( 'NONE',  ( 0.5000000000000008882, 0.1999999999999999833, 1.949999999999999512 ) ) ;
#500 = CARTESIAN_POINT ( 'NONE',  ( -2.099999999999999645, 0.6999999999999999556, -2.100000000000000089 ) ) ;
#501 = VERTEX_POINT ( 'NONE', #3483 ) ;
#502 = CARTESIAN_POINT ( 'NONE',  ( -2.499999999999998668, 0.04999999999999991257, 0.1499999999999999667 ) ) ;
#503 = LINE ( 'NONE', #3280, #2353 ) ;
#504 = ORIENTED_EDGE ( 'NONE', *, *, #2999, .T. ) ;
#505 = CARTESIAN_POINT ( 'NONE',  ( 1.450000000000000400, 0.2000000000000000111, -1.949999999999999289 ) ) ;
#507 = SURFACE_SIDE_STYLE ('',( #5079 ) ) ;
#506 = DIRECTION ( 'NONE',  ( -1.000000000000000000, 0.000000000000000000, 3.942553354492744024E-16 ) ) ;
#508 = EDGE_CURVE ( 'NONE', #1624, #680, #4649, .T. ) ;
#509 = ORIENTED_EDGE ( 'NONE', *, *, #5441, .F. ) ;
#510 = PLANE ( 'NONE',  #238 ) ;
#511 = LINE ( 'NONE', #3550, #107 ) ;
#512 = ORIENTED_EDGE ( 'NONE', *, *, #5594, .F. ) ;
#513 = LINE ( 'NONE', #210, #4386 ) ;
#514 = ORIENTED_EDGE ( 'NONE', *, *, #6188, .T. ) ;
#515 = VERTEX_POINT ( 'NONE', #5373 ) ;
#516 = LINE ( 'NONE', #1207, #2449 ) ;
#517 = ORIENTED_EDGE ( 'NONE', *, *, #2139, .T. ) ;
#518 = ORIENTED_EDGE ( 'NONE', *, *, #1957, .T. ) ;
#519 = EDGE_CURVE ( 'NONE', #4919, #3732, #3831, .T. ) ;
#520 = LINE ( 'NONE', #1767, #4226 ) ;
#521 = LINE ( 'NONE', #3408, #352 ) ;
#522 = ORIENTED_EDGE ( 'NONE', *, *, #740, .F. ) ;
#523 = ORIENTED_EDGE ( 'NONE', *, *, #271, .F. ) ;
#524 = CARTESIAN_POINT ( 'NONE',  ( -0.4999999999999995559, 0.8264982043070837614, -1.949999999999999289 ) ) ;
#525 = DIRECTION ( 'NONE',  ( 1.000000000000000000, 0.000000000000000000, -1.445602896647339508E-15 ) ) ;
#526 = ORIENTED_EDGE ( 'NONE', *, *, #5398, .F. ) ;
#527 = VECTOR ( 'NONE', #349, 1000.000000000000000 ) ;
#528 = CARTESIAN_POINT ( 'NONE',  ( 1.450000000000000844, 0.04999999999999999584, 1.949999999999999734 ) ) ;
#529 = VECTOR ( 'NONE', #884, 1000.000000000000000 ) ;
#530 = DIRECTION ( 'NONE',  ( 0.000000000000000000, 0.000000000000000000, 1.000000000000000000 ) ) ;
#531 =( LENGTH_UNIT ( ) NAMED_UNIT ( * ) SI_UNIT ( .MILLI., .METRE. ) );
#532 = ADVANCED_FACE ( 'NONE', ( #5772 ), #896, .T. ) ;
#533 = ORIENTED_EDGE ( 'NONE', *, *, #6055, .T. ) ;
#535 = CARTESIAN_POINT ( 'NONE',  ( -1.149999999999999467, 0.2000000000000000111, -1.949999999999999289 ) ) ;
#534 = PLANE ( 'NONE',  #2574 ) ;
#536 = ORIENTED_EDGE ( 'NONE', *, *, #2418, .F. ) ;
#537 = VECTOR ( 'NONE', #327, 1000.000000000000000 ) ;
#538 = ORIENTED_EDGE ( 'NONE', *, *, #3683, .T. ) ;
#539 = DIRECTION ( 'NONE',  ( -3.942553354492744024E-16, -0.000000000000000000, -1.000000000000000000 ) ) ;
#540 = EDGE_LOOP ( 'NONE', ( #994, #3142, #5266, #3356 ) ) ;
#541 = ADVANCED_FACE ( 'NONE', ( #6026 ), #5007, .T. ) ;
#542 = VERTEX_POINT ( 'NONE', #2469 ) ;
#543 = LINE ( 'NONE', #3193, #6435 ) ;
#544 = LINE ( 'NONE', #463, #1592 ) ;
#545 = ORIENTED_EDGE ( 'NONE', *, *, #3741, .T. ) ;
#546 = LINE ( 'NONE', #3237, #4747 ) ;
#547 = CARTESIAN_POINT ( 'NONE',  ( -1.449999999999998845, 0.2000000000000000111, 2.499999999999999112 ) ) ;
#548 = VECTOR ( 'NONE', #1945, 1000.000000000000000 ) ;
#549 = PLANE ( 'NONE',  #647 ) ;
#550 = DIRECTION ( 'NONE',  ( -1.000000000000000000, 0.000000000000000000, -0.000000000000000000 ) ) ;
#551 = AXIS2_PLACEMENT_3D ( 'NONE', #1620, #5785, #5262 ) ;
#552 = CARTESIAN_POINT ( 'NONE',  ( 0.1500000000000010492, 0.000000000000000000, 2.499999999999999556 ) ) ;
#553 = EDGE_CURVE ( 'NONE', #3890, #852, #3110, .T. ) ;
#554 = VECTOR ( 'NONE', #5667, 1000.000000000000000 ) ;
#555 = CARTESIAN_POINT ( 'NONE',  ( -0.1499999999999995226, 0.000000000000000000, -2.499999999999999112 ) ) ;
#556 = DIRECTION ( 'NONE',  ( 1.000000000000000000, -0.000000000000000000, 0.000000000000000000 ) ) ;
#557 = DIRECTION ( 'NONE',  ( -0.000000000000000000, 1.000000000000000000, -0.000000000000000000 ) ) ;
#558 = ORIENTED_EDGE ( 'NONE', *, *, #5186, .T. ) ;
#559 = AXIS2_PLACEMENT_3D ( 'NONE', #4810, #224, #5280 ) ;
#560 = EDGE_CURVE ( 'NONE', #1132, #5773, #5060, .T. ) ;
#561 = ADVANCED_FACE ( 'NONE', ( #2950 ), #1479, .F. ) ;
#562 = ORIENTED_EDGE ( 'NONE', *, *, #4499, .F. ) ;
#563 = ORIENTED_EDGE ( 'NONE', *, *, #235, .T. ) ;
#564 = ORIENTED_EDGE ( 'NONE', *, *, #1205, .T. ) ;
#565 = DIRECTION ( 'NONE',  ( -0.000000000000000000, -0.000000000000000000, 1.000000000000000000 ) ) ;
#566 = ORIENTED_EDGE ( 'NONE', *, *, #3622, .T. ) ;
#567 = CARTESIAN_POINT ( 'NONE',  ( 1.949999999999998623, 0.000000000000000000, -1.449999999999999956 ) ) ;
#568 = ADVANCED_FACE ( 'NONE', ( #2776 ), #968, .T. ) ;
#569 = FILL_AREA_STYLE_COLOUR ( '', #1599 ) ;
#570 = DIRECTION ( 'NONE',  ( 0.000000000000000000, 1.000000000000000000, 0.000000000000000000 ) ) ;
#571 = DIRECTION ( 'NONE',  ( -0.000000000000000000, 0.000000000000000000, 1.000000000000000000 ) ) ;
#572 = EDGE_CURVE ( 'NONE', #5453, #4701, #2145, .T. ) ;
#573 = EDGE_CURVE ( 'NONE', #501, #5763, #3347, .T. ) ;
#574 = DIRECTION ( 'NONE',  ( -1.000000000000000000, 0.000000000000000000, 0.000000000000000000 ) ) ;
#575 = DIRECTION ( 'NONE',  ( 1.000000000000000000, 0.000000000000000000, -0.000000000000000000 ) ) ;
#576 = ORIENTED_EDGE ( 'NONE', *, *, #5274, .T. ) ;
#577 = CARTESIAN_POINT ( 'NONE',  ( 1.949999999999998623, 0.05000000000000023870, 1.149999999999999911 ) ) ;
#578 = FACE_OUTER_BOUND ( 'NONE', #5748, .T. ) ;
#579 = ORIENTED_EDGE ( 'NONE', *, *, #5154, .F. ) ;
#580 = EDGE_CURVE ( 'NONE', #3404, #6522, #1418, .T. ) ;
#581 = PLANE ( 'NONE',  #3616 ) ;
#582 = ORIENTED_EDGE ( 'NONE', *, *, #641, .T. ) ;
#583 = AXIS2_PLACEMENT_3D ( 'NONE', #4040, #1437, #6572 ) ;
#584 = EDGE_CURVE ( 'NONE', #108, #3890, #4318, .T. ) ;
#585 = DIRECTION ( 'NONE',  ( 1.000000000000000000, -0.000000000000000000, 0.000000000000000000 ) ) ;
#586 = CARTESIAN_POINT ( 'NONE',  ( 2.499999999999998668, 0.8264982043070834283, 0.7999999999999999334 ) ) ;
#587 = ORIENTED_EDGE ( 'NONE', *, *, #560, .F. ) ;
#588 = SURFACE_STYLE_FILL_AREA ( #874 ) ;
#589 = FACE_OUTER_BOUND ( 'NONE', #4295, .T. ) ;
#590 = CARTESIAN_POINT ( 'NONE',  ( -2.499999999999998668, 0.000000000000000000, 0.7999999999999999334 ) ) ;
#591 = CARTESIAN_POINT ( 'NONE',  ( 1.949999999999998623, 0.1999999999999999833, -1.449999999999999956 ) ) ;
#592 = LINE ( 'NONE', #4860, #5283 ) ;
#593 = CARTESIAN_POINT ( 'NONE',  ( -2.499999999999998668, 0.1999999999999999833, 0.7999999999999999334 ) ) ;
#594 = ORIENTED_EDGE ( 'NONE', *, *, #4157, .F. ) ;
#595 = VECTOR ( 'NONE', #3835, 1000.000000000000000 ) ;
#596 = EDGE_CURVE ( 'NONE', #1977, #4627, #1818, .T. ) ;
#597 = ORIENTED_EDGE ( 'NONE', *, *, #5871, .T. ) ;
#598 = ORIENTED_EDGE ( 'NONE', *, *, #227, .T. ) ;
#599 = DIRECTION ( 'NONE',  ( 0.000000000000000000, -0.000000000000000000, -1.000000000000000000 ) ) ;
#600 = CARTESIAN_POINT ( 'NONE',  ( -0.1499999999999988842, 0.04999999999999969746, 2.499999999999999112 ) ) ;
#601 = ADVANCED_FACE ( 'NONE', ( #1100 ), #1951, .T. ) ;
#602 = FACE_OUTER_BOUND ( 'NONE', #875, .T. ) ;
#603 = FACE_OUTER_BOUND ( 'NONE', #5138, .T. ) ;
#604 = DIRECTION ( 'NONE',  ( -0.000000000000000000, -1.000000000000000000, -0.000000000000000000 ) ) ;
#605 = LINE ( 'NONE', #4487, #443 ) ;
#606 = ORIENTED_EDGE ( 'NONE', *, *, #4758, .T. ) ;
#607 = FACE_OUTER_BOUND ( 'NONE', #4168, .T. ) ;
#608 = ORIENTED_EDGE ( 'NONE', *, *, #4712, .T. ) ;
#609 = ORIENTED_EDGE ( 'NONE', *, *, #4266, .F. ) ;
#610 = VECTOR ( 'NONE', #223, 1000.000000000000000 ) ;
#611 = CARTESIAN_POINT ( 'NONE',  ( -1.949999999999998623, 0.1999999999999999833, 0.5000000000000000000 ) ) ;
#612 = VECTOR ( 'NONE', #3921, 1000.000000000000000 ) ;
#613 = ORIENTED_EDGE ( 'NONE', *, *, #5582, .F. ) ;
#614 = VERTEX_POINT ( 'NONE', #1978 ) ;
#615 = LINE ( 'NONE', #4235, #1108 ) ;
#616 = CARTESIAN_POINT ( 'NONE',  ( 0.1500000000000010492, 0.2000000000000000111, 2.499999999999999556 ) ) ;
#617 = EDGE_CURVE ( 'NONE', #2904, #1649, #1025, .T. ) ;
#618 = EDGE_LOOP ( 'NONE', ( #4518, #2846, #2636, #3240 ) ) ;
#619 = DIRECTION ( 'NONE',  ( -0.000000000000000000, -0.000000000000000000, 1.000000000000000000 ) ) ;
#620 = DIRECTION ( 'NONE',  ( -1.000000000000000000, 0.000000000000000000, 0.000000000000000000 ) ) ;
#621 = VECTOR ( 'NONE', #3137, 1000.000000000000000 ) ;
#622 = VECTOR ( 'NONE', #6054, 1000.000000000000000 ) ;
#623 = CARTESIAN_POINT ( 'NONE',  ( -2.499999999999998668, 0.8264982043070834283, -0.1499999999999999667 ) ) ;
#624 = ORIENTED_EDGE ( 'NONE', *, *, #5025, .F. ) ;
#625 = FACE_OUTER_BOUND ( 'NONE', #1005, .T. ) ;
#626 = LINE ( 'NONE', #5646, #4420 ) ;
#627 = DIRECTION ( 'NONE',  ( 3.942553354492745503E-16, 0.000000000000000000, 1.000000000000000000 ) ) ;
#628 = EDGE_CURVE ( 'NONE', #5457, #3604, #2462, .T. ) ;
#629 = CARTESIAN_POINT ( 'NONE',  ( 1.549999999999999600, 4.584062043356594174, -1.549999999999999600 ) ) ;
#630 = ORIENTED_EDGE ( 'NONE', *, *, #8, .F. ) ;
#631 = DIRECTION ( 'NONE',  ( -1.000000000000000000, 0.000000000000000000, 8.673617379884035472E-17 ) ) ;
#632 = ADVANCED_FACE ( 'NONE', ( #607 ), #6092, .F. ) ;
#633 = FILL_AREA_STYLE_COLOUR ( '', #4458 ) ;
#634 = DIRECTION ( 'NONE',  ( -0.000000000000000000, -1.000000000000000000, -0.000000000000000000 ) ) ;
#635 = EDGE_CURVE ( 'NONE', #56, #6530, #935, .T. ) ;
#636 = VERTEX_POINT ( 'NONE', #438 ) ;
#637 = ORIENTED_EDGE ( 'NONE', *, *, #969, .F. ) ;
#638 = DIRECTION ( 'NONE',  ( -1.000000000000000000, 0.000000000000000000, -7.228014483236698528E-16 ) ) ;
#639 = DIRECTION ( 'NONE',  ( -3.942553354492745010E-16, 0.000000000000000000, -1.000000000000000000 ) ) ;
#640 = ORIENTED_EDGE ( 'NONE', *, *, #1598, .T. ) ;
#641 = EDGE_CURVE ( 'NONE', #2568, #4160, #4814, .T. ) ;
#642 = EDGE_LOOP ( 'NONE', ( #4164, #2424, #2296, #4316 ) ) ;
#643 = MANIFOLD_SOLID_BREP ( 'Boss-Extrude2[2]', #3030 ) ;
#644 = CARTESIAN_POINT ( 'NONE',  ( 0.5000000000000004441, 0.8264982043070837614, -1.949999999999999067 ) ) ;
#645 = CARTESIAN_POINT ( 'NONE',  ( 2.500000000000002220, 0.05000000000000000278, -2.499999999999999112 ) ) ;
#646 = DIRECTION ( 'NONE',  ( 0.000000000000000000, -1.000000000000000000, 0.000000000000000000 ) ) ;
#647 = AXIS2_PLACEMENT_3D ( 'NONE', #4675, #5199, #5721 ) ;
#648 = UNCERTAINTY_MEASURE_WITH_UNIT (LENGTH_MEASURE( 1.000000000000000082E-05 ), #6685, 'distance_accuracy_value', 'NONE');
#649 = DIRECTION ( 'NONE',  ( -0.000000000000000000, -1.000000000000000000, -0.000000000000000000 ) ) ;
#650 = DIRECTION ( 'NONE',  ( 0.000000000000000000, 1.000000000000000000, 0.000000000000000000 ) ) ;
#651 = CARTESIAN_POINT ( 'NONE',  ( -1.149999999999998801, 0.2000000000000000111, 2.499999999999999556 ) ) ;
#652 = ORIENTED_EDGE ( 'NONE', *, *, #1284, .T. ) ;
#653 = EDGE_CURVE ( 'NONE', #501, #5404, #6657, .T. ) ;
#654 = CARTESIAN_POINT ( 'NONE',  ( -1.449999999999998845, 0.8264982043070837614, 2.499999999999999112 ) ) ;
#655 = LINE ( 'NONE', #4696, #5749 ) ;
#656 = VERTEX_POINT ( 'NONE', #4099 ) ;
#657 = VERTEX_POINT ( 'NONE', #473 ) ;
#658 = PLANE ( 'NONE',  #1696 ) ;
#659 = CARTESIAN_POINT ( 'NONE',  ( 0.000000000000000000, 0.000000000000000000, 2.600000000000000089 ) ) ;
#660 = PLANE ( 'NONE',  #2531 ) ;
#662 = ORIENTED_EDGE ( 'NONE', *, *, #414, .F. ) ;
#661 = AXIS2_PLACEMENT_3D ( 'NONE', #1770, #1722, #230 ) ;
#663 = ADVANCED_FACE ( 'NONE', ( #5289 ), #5636, .T. ) ;
#664 = FACE_OUTER_BOUND ( 'NONE', #3790, .T. ) ;
#665 = CARTESIAN_POINT ( 'NONE',  ( -0.7999999999999990452, 0.000000000000000000, 1.949999999999999512 ) ) ;
#666 = PLANE ( 'NONE',  #1663 ) ;
#667 = ORIENTED_EDGE ( 'NONE', *, *, #3581, .F. ) ;
#668 = LINE ( 'NONE', #4929, #6561 ) ;
#669 = CLOSED_SHELL ( 'NONE', ( #541, #561, #191, #1611, #5175, #3469 ) ) ;
#670 = FACE_OUTER_BOUND ( 'NONE', #3003, .T. ) ;
#671 = CARTESIAN_POINT ( 'NONE',  ( -0.4999999999999989453, 0.1999999999999999833, 2.499999999999999556 ) ) ;
#672 = VECTOR ( 'NONE', #3382, 1000.000000000000000 ) ;
#673 = SURFACE_SIDE_STYLE ('',( #5775 ) ) ;
#675 = ORIENTED_EDGE ( 'NONE', *, *, #5071, .F. ) ;
#674 = CARTESIAN_POINT ( 'NONE',  ( -1.949999999999998623, 0.8264982043070834283, -0.1499999999999999667 ) ) ;
#676 = EDGE_CURVE ( 'NONE', #285, #5623, #122, .T. ) ;
#677 = ORIENTED_EDGE ( 'NONE', *, *, #1756, .F. ) ;
#678 = CARTESIAN_POINT ( 'NONE',  ( -1.949999999999998623, 0.2000000000000002054, -0.1499999999999999667 ) ) ;
#679 = CIRCLE ( 'NONE', #3775, 0.1999999999999998723 ) ;
#680 = VERTEX_POINT ( 'NONE', #2535 ) ;
#681 = VECTOR ( 'NONE', #1647, 1000.000000000000000 ) ;
#682 = LINE ( 'NONE', #4531, #4562 ) ;
#683 = VERTEX_POINT ( 'NONE', #1509 ) ;
#684 = ORIENTED_EDGE ( 'NONE', *, *, #2502, .T. ) ;
#685 = DIRECTION ( 'NONE',  ( 0.000000000000000000, 1.000000000000000000, 0.000000000000000000 ) ) ;
#686 = ORIENTED_EDGE ( 'NONE', *, *, #3965, .T. ) ;
#687 = FACE_OUTER_BOUND ( 'NONE', #4791, .T. ) ;
#688 = EDGE_CURVE ( 'NONE', #680, #2450, #1171, .T. ) ;
#689 = LINE ( 'NONE', #5605, #6024 ) ;
#690 = DIRECTION ( 'NONE',  ( -1.000000000000000000, 0.000000000000000000, 0.000000000000000000 ) ) ;
#691 = DIRECTION ( 'NONE',  ( 1.000000000000000000, 0.000000000000000000, 0.000000000000000000 ) ) ;
#692 = EDGE_LOOP ( 'NONE', ( #1923, #5029, #3879, #232 ) ) ;
#693 = CARTESIAN_POINT ( 'NONE',  ( 2.499999999999998668, 0.04999999999999991257, -1.449999999999999956 ) ) ;
#694 = VECTOR ( 'NONE', #412, 1000.000000000000000 ) ;
#695 = ORIENTED_EDGE ( 'NONE', *, *, #3518, .F. ) ;
#696 = VECTOR ( 'NONE', #717, 1000.000000000000000 ) ;
#697 = DIRECTION ( 'NONE',  ( 1.000000000000000000, -0.000000000000000000, 0.000000000000000000 ) ) ;
#698 = FACE_OUTER_BOUND ( 'NONE', #2754, .T. ) ;
#699 = CARTESIAN_POINT ( 'NONE',  ( 1.949999999999998623, 0.000000000000000000, 0.5000000000000000000 ) ) ;
#700 = ORIENTED_EDGE ( 'NONE', *, *, #2230, .F. ) ;
#701 = VECTOR ( 'NONE', #5983, 1000.000000000000114 ) ;
#702 = CARTESIAN_POINT ( 'NONE',  ( -1.949999999999998623, 0.05000000000000000278, 0.000000000000000000 ) ) ;
#703 = ORIENTED_EDGE ( 'NONE', *, *, #2316, .T. ) ;
#704 = VECTOR ( 'NONE', #4027, 1000.000000000000000 ) ;
#705 = LINE ( 'NONE', #1404, #2397 ) ;
#706 =( NAMED_UNIT ( * ) SI_UNIT ( $, .STERADIAN. ) SOLID_ANGLE_UNIT ( ) );
#707 = ADVANCED_FACE ( 'NONE', ( #1016 ), #6181, .F. ) ;
#708 = EDGE_CURVE ( 'NONE', #2115, #6631, #2691, .T. ) ;
#709 =( NAMED_UNIT ( * ) PLANE_ANGLE_UNIT ( ) SI_UNIT ( $, .RADIAN. ) );
#710 = CARTESIAN_POINT ( 'NONE',  ( 2.500000000000002220, 0.2000000000000005107, 1.149999999999999911 ) ) ;
#711 = VERTEX_POINT ( 'NONE', #1040 ) ;
#712 = LINE ( 'NONE', #2384, #2796 ) ;
#713 = LINE ( 'NONE', #5492, #5166 ) ;
#714 = DIRECTION ( 'NONE',  ( 0.000000000000000000, -1.000000000000000000, 0.000000000000000000 ) ) ;
#715 = AXIS2_PLACEMENT_3D ( 'NONE', #1118, #5180, #401 ) ;
#716 = DIRECTION ( 'NONE',  ( -0.000000000000000000, -1.000000000000000000, -0.000000000000000000 ) ) ;
#717 = DIRECTION ( 'NONE',  ( -0.000000000000000000, 0.000000000000000000, 1.000000000000000000 ) ) ;
#718 = DIRECTION ( 'NONE',  ( 0.000000000000000000, 0.000000000000000000, -1.000000000000000000 ) ) ;
#719 = ORIENTED_EDGE ( 'NONE', *, *, #84, .T. ) ;
#720 = LINE ( 'NONE', #1094, #5724 ) ;
#721 = EDGE_CURVE ( 'NONE', #2940, #2348, #4641, .T. ) ;
#722 = DIRECTION ( 'NONE',  ( -0.000000000000000000, -1.000000000000000000, -0.000000000000000000 ) ) ;
#723 = MECHANICAL_DESIGN_GEOMETRIC_PRESENTATION_REPRESENTATION (  '', ( #1410 ), #3048 ) ;
#724 = PRESENTATION_LAYER_ASSIGNMENT (  '', '', ( #1615 ) ) ;
#725 = VERTEX_POINT ( 'NONE', #2317 ) ;
#726 = DIRECTION ( 'NONE',  ( 0.000000000000000000, 0.000000000000000000, -1.000000000000000000 ) ) ;
#727 = CARTESIAN_POINT ( 'NONE',  ( 2.499999999999998668, 0.1999999999999999833, 0.1499999999999999667 ) ) ;
#728 = ORIENTED_EDGE ( 'NONE', *, *, #322, .F. ) ;
#729 = SURFACE_STYLE_USAGE ( .BOTH. , #2793 ) ;
#730 = ORIENTED_EDGE ( 'NONE', *, *, #4923, .F. ) ;
#731 = AXIS2_PLACEMENT_3D ( 'NONE', #2884, #3389, #4997 ) ;
#732 = ORIENTED_EDGE ( 'NONE', *, *, #3936, .T. ) ;
#733 = VERTEX_POINT ( 'NONE', #2069 ) ;
#734 = CARTESIAN_POINT ( 'NONE',  ( 1.450000000000001066, 0.000000000000000000, 2.499999999999999556 ) ) ;
#735 = DIRECTION ( 'NONE',  ( -1.000000000000000000, 0.000000000000000000, 7.228014483236697541E-16 ) ) ;
#736 = MANIFOLD_SOLID_BREP ( 'LPattern4[7]', #4236 ) ;
#737 = CARTESIAN_POINT ( 'NONE',  ( -1.550000000000000266, 0.2000000000000013989, -1.199999999999999289 ) ) ;
#738 = CARTESIAN_POINT ( 'NONE',  ( 2.499999999999998668, 0.8264982043070834283, 1.149999999999999911 ) ) ;
#739 = ADVANCED_FACE ( 'NONE', ( #3128 ), #822, .T. ) ;
#740 = EDGE_CURVE ( 'NONE', #3732, #4272, #4177, .T. ) ;
#741 = CARTESIAN_POINT ( 'NONE',  ( 0.8000000000000003775, 0.1999999999999999833, -2.499999999999999556 ) ) ;
#742 = EDGE_CURVE ( 'NONE', #3006, #4415, #4668, .T. ) ;
#743 = PLANE ( 'NONE',  #1504 ) ;
#744 = CARTESIAN_POINT ( 'NONE',  ( 1.949999999999998623, 0.1999999999999999833, 0.5000000000000000000 ) ) ;
#745 = CARTESIAN_POINT ( 'NONE',  ( 0.1500000000000003830, 0.2000000000000000111, -1.949999999999999289 ) ) ;
#746 = ORIENTED_EDGE ( 'NONE', *, *, #5967, .F. ) ;
#747 = AXIS2_PLACEMENT_3D ( 'NONE', #1528, #1500, #2558 ) ;
#748 = VECTOR ( 'NONE', #5866, 1000.000000000000000 ) ;
#749 = CARTESIAN_POINT ( 'NONE',  ( 0.8000000000000000444, 0.05000000000000000278, -3.154042683594195121E-16 ) ) ;
#750 = ORIENTED_EDGE ( 'NONE', *, *, #235, .F. ) ;
#751 = DIRECTION ( 'NONE',  ( 0.000000000000000000, -0.000000000000000000, -1.000000000000000000 ) ) ;
#752 = VERTEX_POINT ( 'NONE', #6447 ) ;
#753 = VECTOR ( 'NONE', #1125, 1000.000000000000000 ) ;
#754 = PLANE ( 'NONE',  #4089 ) ;
#755 = EDGE_LOOP ( 'NONE', ( #1106, #2607, #1313, #5694 ) ) ;
#756 = FACE_OUTER_BOUND ( 'NONE', #1961, .T. ) ;
#757 = EDGE_CURVE ( 'NONE', #125, #3448, #5558, .T. ) ;
#758 = VECTOR ( 'NONE', #6142, 1000.000000000000000 ) ;
#759 = DIRECTION ( 'NONE',  ( -0.000000000000000000, -1.000000000000000000, -0.000000000000000000 ) ) ;
#760 = AXIS2_PLACEMENT_3D ( 'NONE', #5446, #249, #4910 ) ;
#761 = FACE_OUTER_BOUND ( 'NONE', #1236, .T. ) ;
#762 = ORIENTED_EDGE ( 'NONE', *, *, #2549, .F. ) ;
#763 = FACE_OUTER_BOUND ( 'NONE', #4163, .T. ) ;
#764 = PLANE ( 'NONE',  #2501 ) ;
#765 = DIRECTION ( 'NONE',  ( 0.000000000000000000, -0.000000000000000000, 1.000000000000000000 ) ) ;
#766 = VECTOR ( 'NONE', #1203, 1000.000000000000000 ) ;
#767 = ORIENTED_EDGE ( 'NONE', *, *, #6362, .T. ) ;
#768 = ORIENTED_EDGE ( 'NONE', *, *, #5096, .F. ) ;
#769 = CARTESIAN_POINT ( 'NONE',  ( -1.550000000000000488, 0.000000000000000000, 1.550000000000000488 ) ) ;
#770 = DIRECTION ( 'NONE',  ( -0.000000000000000000, -1.000000000000000000, -0.000000000000000000 ) ) ;
#771 = LINE ( 'NONE', #484, #202 ) ;
#772 = PLANE ( 'NONE',  #4016 ) ;
#773 = EDGE_CURVE ( 'NONE', #5317, #6658, #4014, .T. ) ;
#774 = VECTOR ( 'NONE', #3532, 1000.000000000000000 ) ;
#775 = EDGE_LOOP ( 'NONE', ( #4114, #2264, #4371, #429 ) ) ;
#776 = VECTOR ( 'NONE', #948, 1000.000000000000000 ) ;
#777 = ADVANCED_FACE ( 'NONE', ( #2639 ), #5924, .F. ) ;
#778 = ORIENTED_EDGE ( 'NONE', *, *, #2976, .T. ) ;
#779 = CARTESIAN_POINT ( 'NONE',  ( 1.450000000000000400, 0.2000000000000000111, -2.499999999999999556 ) ) ;
#780 = LINE ( 'NONE', #4815, #5777 ) ;
#781 = ORIENTED_EDGE ( 'NONE', *, *, #2740, .F. ) ;
#782 = EDGE_LOOP ( 'NONE', ( #6319, #730, #4012, #2858 ) ) ;
#783 = FACE_OUTER_BOUND ( 'NONE', #4086, .T. ) ;
#784 = AXIS2_PLACEMENT_3D ( 'NONE', #1009, #4611, #4115 ) ;
#785 = EDGE_CURVE ( 'NONE', #4230, #5293, #2967, .T. ) ;
#786 = ORIENTED_EDGE ( 'NONE', *, *, #5256, .F. ) ;
#787 = FACE_OUTER_BOUND ( 'NONE', #1733, .T. ) ;
#788 = PLANE ( 'NONE',  #5645 ) ;
#789 =( NAMED_UNIT ( * ) SI_UNIT ( $, .STERADIAN. ) SOLID_ANGLE_UNIT ( ) );
#790 = VECTOR ( 'NONE', #2171, 1000.000000000000000 ) ;
#791 = CARTESIAN_POINT ( 'NONE',  ( -1.149999999999999467, 0.04999999999999999584, -1.949999999999999289 ) ) ;
#792 = LINE ( 'NONE', #6537, #3922 ) ;
#793 = CARTESIAN_POINT ( 'NONE',  ( 1.949999999999998623, 0.1999999999999999833, -0.7999999999999999334 ) ) ;
#794 = VERTEX_POINT ( 'NONE', #3933 ) ;
#795 = LINE ( 'NONE', #6532, #5794 ) ;
#796 = VECTOR ( 'NONE', #1348, 1000.000000000000114 ) ;
#797 = CARTESIAN_POINT ( 'NONE',  ( -1.949999999999998623, 0.8264982043070834283, -0.7999999999999999334 ) ) ;
#798 = CARTESIAN_POINT ( 'NONE',  ( 2.499999999999998668, 0.000000000000000000, -1.149999999999999911 ) ) ;
#799 = EDGE_CURVE ( 'NONE', #16, #1734, #5318, .T. ) ;
#800 = LINE ( 'NONE', #5183, #3133 ) ;
#801 = EDGE_CURVE ( 'NONE', #1942, #3185, #3451, .T. ) ;
#802 = CARTESIAN_POINT ( 'NONE',  ( 2.500000000000002220, 8.671067811865475150, -2.499999999999999112 ) ) ;
#803 = PRESENTATION_LAYER_ASSIGNMENT (  '', '', ( #102 ) ) ;
#804 = AXIS2_PLACEMENT_3D ( 'NONE', #1622, #4633, #4724 ) ;
#805 = CARTESIAN_POINT ( 'NONE',  ( 0.000000000000000000, 0.05000000000000000278, 0.1499999999999999667 ) ) ;
#806 = ADVANCED_FACE ( 'NONE', ( #5396 ), #764, .T. ) ;
#807 = DIRECTION ( 'NONE',  ( -0.000000000000000000, -1.000000000000000000, -0.000000000000000000 ) ) ;
#808 = ORIENTED_EDGE ( 'NONE', *, *, #3453, .T. ) ;
#809 = DIRECTION ( 'NONE',  ( -0.000000000000000000, -1.000000000000000000, -0.000000000000000000 ) ) ;
#810 = EDGE_CURVE ( 'NONE', #4793, #501, #2797, .T. ) ;
#811 = VERTEX_POINT ( 'NONE', #1792 ) ;
#812 = ORIENTED_EDGE ( 'NONE', *, *, #5709, .F. ) ;
#813 = PLANE ( 'NONE',  #3475 ) ;
#814 = CARTESIAN_POINT ( 'NONE',  ( 0.1500000000000003830, 0.000000000000000000, -1.949999999999999289 ) ) ;
#815 = EDGE_LOOP ( 'NONE', ( #2261, #451, #77, #1110 ) ) ;
#816 = DIRECTION ( 'NONE',  ( -1.000000000000000000, 0.000000000000000000, -0.000000000000000000 ) ) ;
#817 = PLANE ( 'NONE',  #229 ) ;
#818 = EDGE_CURVE ( 'NONE', #3185, #3334, #2481, .T. ) ;
#819 = EDGE_CURVE ( 'NONE', #614, #5633, #6604, .T. ) ;
#820 = CARTESIAN_POINT ( 'NONE',  ( -2.499999999999998668, 0.8264982043070834283, 1.449999999999999956 ) ) ;
#821 = ORIENTED_EDGE ( 'NONE', *, *, #4360, .T. ) ;
#822 = PLANE ( 'NONE',  #5190 ) ;
#823 = DIRECTION ( 'NONE',  ( -0.000000000000000000, -1.000000000000000000, -0.000000000000000000 ) ) ;
#824 = ORIENTED_EDGE ( 'NONE', *, *, #6350, .F. ) ;
#825 = VECTOR ( 'NONE', #4182, 1000.000000000000000 ) ;
#826 = VERTEX_POINT ( 'NONE', #6463 ) ;
#828 = LINE ( 'NONE', #6043, #2199 ) ;
#827 = DIRECTION ( 'NONE',  ( 0.000000000000000000, -0.000000000000000000, 1.000000000000000000 ) ) ;
#829 = EDGE_CURVE ( 'NONE', #1304, #711, #1439, .T. ) ;
#830 = DIRECTION ( 'NONE',  ( -3.942553354492745010E-16, 0.000000000000000000, -1.000000000000000000 ) ) ;
#831 = PLANE ( 'NONE',  #3792 ) ;
#832 = CARTESIAN_POINT ( 'NONE',  ( 1.549999999999999600, 4.584062043356594174, -1.549999999999999600 ) ) ;
#833 = ADVANCED_FACE ( 'NONE', ( #3772 ), #4928, .F. ) ;
#834 = PRESENTATION_STYLE_ASSIGNMENT (( #4002 ) ) ;
#835 = ORIENTED_EDGE ( 'NONE', *, *, #2890, .T. ) ;
#836 = DIRECTION ( 'NONE',  ( -0.000000000000000000, 0.000000000000000000, 1.000000000000000000 ) ) ;
#837 = LINE ( 'NONE', #6238, #4953 ) ;
#838 = VERTEX_POINT ( 'NONE', #1434 ) ;
#839 = ORIENTED_EDGE ( 'NONE', *, *, #6603, .T. ) ;
#840 = DIRECTION ( 'NONE',  ( 0.000000000000000000, -1.000000000000000000, 0.000000000000000000 ) ) ;
#841 = VECTOR ( 'NONE', #255, 1000.000000000000000 ) ;
#842 = CARTESIAN_POINT ( 'NONE',  ( 1.949999999999998623, 0.1999999999999999833, 0.5000000000000000000 ) ) ;
#843 = ORIENTED_EDGE ( 'NONE', *, *, #6328, .F. ) ;
#844 = EDGE_CURVE ( 'NONE', #3410, #614, #713, .T. ) ;
#845 = VECTOR ( 'NONE', #634, 1000.000000000000000 ) ;
#846 = DIRECTION ( 'NONE',  ( 0.000000000000000000, -1.000000000000000000, 0.000000000000000000 ) ) ;
#847 = LINE ( 'NONE', #1596, #6189 ) ;
#848 = ORIENTED_EDGE ( 'NONE', *, *, #1520, .T. ) ;
#849 = VECTOR ( 'NONE', #4364, 1000.000000000000000 ) ;
#850 = ORIENTED_EDGE ( 'NONE', *, *, #6377, .F. ) ;
#851 = CARTESIAN_POINT ( 'NONE',  ( -1.149999999999998801, 0.8264982043070837614, 2.499999999999999556 ) ) ;
#852 = VERTEX_POINT ( 'NONE', #936 ) ;
#853 = DIRECTION ( 'NONE',  ( 1.000000000000000000, -0.000000000000000000, -7.228014483236698528E-16 ) ) ;
#854 = VECTOR ( 'NONE', #2023, 1000.000000000000000 ) ;
#855 = FACE_OUTER_BOUND ( 'NONE', #6634, .T. ) ;
#856 = VERTEX_POINT ( 'NONE', #2399 ) ;
#857 = VECTOR ( 'NONE', #2974, 1000.000000000000000 ) ;
#858 = CARTESIAN_POINT ( 'NONE',  ( -1.949999999999998623, 0.8264982043070834283, -1.149999999999999911 ) ) ;
#859 = ORIENTED_EDGE ( 'NONE', *, *, #676, .T. ) ;
#860 = DIRECTION ( 'NONE',  ( 0.000000000000000000, -1.000000000000000000, 0.000000000000000000 ) ) ;
#861 = STYLED_ITEM ( 'NONE', ( #5676 ), #6641 ) ;
#862 = EDGE_CURVE ( 'NONE', #5548, #2598, #1925, .T. ) ;
#863 = LINE ( 'NONE', #1031, #5155 ) ;
#864 = DIRECTION ( 'NONE',  ( 0.000000000000000000, 1.000000000000000000, 0.000000000000000000 ) ) ;
#865 = ORIENTED_EDGE ( 'NONE', *, *, #1506, .T. ) ;
#866 = LINE ( 'NONE', #4964, #622 ) ;
#867 = CARTESIAN_POINT ( 'NONE',  ( -1.449999999999999956, 0.05000000000000000278, 5.716702364014481152E-16 ) ) ;
#868 = ORIENTED_EDGE ( 'NONE', *, *, #203, .T. ) ;
#869 = VECTOR ( 'NONE', #1595, 1000.000000000000000 ) ;
#870 = LINE ( 'NONE', #891, #5872 ) ;
#871 = CARTESIAN_POINT ( 'NONE',  ( 0.8000000000000003775, 0.000000000000000000, -1.949999999999999289 ) ) ;
#872 = CARTESIAN_POINT ( 'NONE',  ( -1.949999999999998623, 0.2000000000000002054, 0.5000000000000000000 ) ) ;
#873 = EDGE_CURVE ( 'NONE', #1898, #2541, #146, .T. ) ;
#874 = FILL_AREA_STYLE ('',( #5972 ) ) ;
#875 = EDGE_LOOP ( 'NONE', ( #3925, #162, #139, #5781 ) ) ;
#876 = SURFACE_SIDE_STYLE ('',( #1719 ) ) ;
#877 = ADVANCED_FACE ( 'NONE', ( #6441 ), #3426, .F. ) ;
#878 = FACE_OUTER_BOUND ( 'NONE', #5677, .T. ) ;
#879 = CARTESIAN_POINT ( 'NONE',  ( 2.600000000000000089, 0.2000000000000000111, 0.000000000000000000 ) ) ;
#880 = PLANE ( 'NONE',  #6602 ) ;
#881 = LINE ( 'NONE', #6268, #554 ) ;
#882 =( NAMED_UNIT ( * ) SI_UNIT ( $, .STERADIAN. ) SOLID_ANGLE_UNIT ( ) );
#883 = DIRECTION ( 'NONE',  ( 1.000000000000000000, 0.000000000000000000, 7.228014483236697541E-16 ) ) ;
#884 = DIRECTION ( 'NONE',  ( 0.000000000000000000, -1.000000000000000000, 0.000000000000000000 ) ) ;
#885 = VERTEX_POINT ( 'NONE', #5002 ) ;
#886 = FILL_AREA_STYLE ('',( #3394 ) ) ;
#887 = VERTEX_POINT ( 'NONE', #4019 ) ;
#888 = AXIS2_PLACEMENT_3D ( 'NONE', #4995, #4933, #6492 ) ;
#889 = AXIS2_PLACEMENT_3D ( 'NONE', #3773, #690, #2249 ) ;
#890 = DIRECTION ( 'NONE',  ( 0.000000000000000000, -0.000000000000000000, 1.000000000000000000 ) ) ;
#891 = CARTESIAN_POINT ( 'NONE',  ( 0.8000000000000008216, 0.2000000000000000111, 1.949999999999999734 ) ) ;
#892 = ORIENTED_EDGE ( 'NONE', *, *, #3059, .F. ) ;
#893 = CARTESIAN_POINT ( 'NONE',  ( -0.4999999999999991673, 0.8264982043070837614, 1.949999999999999734 ) ) ;
#894 = ORIENTED_EDGE ( 'NONE', *, *, #45, .F. ) ;
#895 = ORIENTED_EDGE ( 'NONE', *, *, #127, .F. ) ;
#896 = PLANE ( 'NONE',  #1597 ) ;
#897 = CARTESIAN_POINT ( 'NONE',  ( 1.549999999999999600, 0.1999999999999996503, -1.549999999999999600 ) ) ;
#898 = EDGE_CURVE ( 'NONE', #6235, #6617, #1361, .T. ) ;
#899 = DIRECTION ( 'NONE',  ( 0.000000000000000000, -1.000000000000000000, 0.000000000000000000 ) ) ;
#900 = CARTESIAN_POINT ( 'NONE',  ( 0.000000000000000000, 0.05000000000000000278, -0.7999999999999999334 ) ) ;
#901 = CARTESIAN_POINT ( 'NONE',  ( -2.499999999999997780, 0.05000000000000000278, -2.499999999999998668 ) ) ;
#902 = ADVANCED_FACE ( 'NONE', ( #3617 ), #6593, .F. ) ;
#903 = ADVANCED_BREP_SHAPE_REPRESENTATION ( 'T2055+3', ( #1852, #643, #5172, #1632, #2555, #6246, #3047, #4334, #5537, #6368, #6445, #3329, #4244, #3247, #2141, #1443, #4037, #5248, #6641, #5043, #231, #736, #2825, #4005 ), #3654 ) ;
#904 = AXIS2_PLACEMENT_3D ( 'NONE', #6433, #2853, #6468 ) ;
#905 = EDGE_CURVE ( 'NONE', #1043, #3678, #6289, .T. ) ;
#906 = ORIENTED_EDGE ( 'NONE', *, *, #6008, .F. ) ;
#907 = LINE ( 'NONE', #5278, #5106 ) ;
#908 = ORIENTED_EDGE ( 'NONE', *, *, #1944, .F. ) ;
#909 = DIRECTION ( 'NONE',  ( -3.942553354492744024E-16, -0.000000000000000000, -1.000000000000000000 ) ) ;
#910 = VECTOR ( 'NONE', #5315, 1000.000000000000000 ) ;
#911 = PLANE ( 'NONE',  #6550 ) ;
#912 = VERTEX_POINT ( 'NONE', #2420 ) ;
#913 = CARTESIAN_POINT ( 'NONE',  ( -1.449999999999999067, 0.1999999999999999833, 1.949999999999999512 ) ) ;
#914 = FACE_OUTER_BOUND ( 'NONE', #6316, .T. ) ;
#915 = EDGE_LOOP ( 'NONE', ( #4744, #2782, #3894, #3102 ) ) ;
#916 = LINE ( 'NONE', #4285, #3165 ) ;
#917 = DIRECTION ( 'NONE',  ( 1.000000000000000000, -0.000000000000000000, 7.228014483236699514E-16 ) ) ;
#918 = LINE ( 'NONE', #1385, #2604 ) ;
#919 = CARTESIAN_POINT ( 'NONE',  ( 0.1500000000000008271, 0.1999999999999999833, 1.949999999999999734 ) ) ;
#920 = EDGE_CURVE ( 'NONE', #6205, #1172, #4907, .T. ) ;
#921 = EDGE_CURVE ( 'NONE', #3589, #636, #6683, .T. ) ;
#922 = PLANE ( 'NONE',  #3783 ) ;
#923 = LINE ( 'NONE', #2734, #2606 ) ;
#924 = ORIENTED_EDGE ( 'NONE', *, *, #1162, .F. ) ;
#925 = VECTOR ( 'NONE', #4015, 1000.000000000000000 ) ;
#926 = DIRECTION ( 'NONE',  ( 0.000000000000000000, 0.000000000000000000, -1.000000000000000000 ) ) ;
#927 = DIRECTION ( 'NONE',  ( 0.000000000000000000, 0.000000000000000000, -1.000000000000000000 ) ) ;
#928 = VECTOR ( 'NONE', #4737, 1000.000000000000000 ) ;
#929 = VERTEX_POINT ( 'NONE', #6111 ) ;
#930 = ORIENTED_EDGE ( 'NONE', *, *, #480, .T. ) ;
#931 = AXIS2_PLACEMENT_3D ( 'NONE', #2262, #5874, #163 ) ;
#932 = CARTESIAN_POINT ( 'NONE',  ( 1.450000000000000400, 0.8264982043070837614, -2.499999999999999556 ) ) ;
#933 = FACE_OUTER_BOUND ( 'NONE', #3316, .T. ) ;
#934 = VERTEX_POINT ( 'NONE', #1928 ) ;
#935 = LINE ( 'NONE', #7, #1578 ) ;
#936 = CARTESIAN_POINT ( 'NONE',  ( 2.499999999999998668, 0.04999999999999991257, -0.5000000000000000000 ) ) ;
#937 = CARTESIAN_POINT ( 'NONE',  ( 0.000000000000000000, 0.05000000000000000278, -0.1499999999999999667 ) ) ;
#938 = ORIENTED_EDGE ( 'NONE', *, *, #6151, .F. ) ;
#939 = LINE ( 'NONE', #2119, #6584 ) ;
#940 = DIRECTION ( 'NONE',  ( -1.000000000000000000, 0.000000000000000000, -0.000000000000000000 ) ) ;
#941 =( NAMED_UNIT ( * ) PLANE_ANGLE_UNIT ( ) SI_UNIT ( $, .RADIAN. ) );
#942 = CARTESIAN_POINT ( 'NONE',  ( 2.499999999999998668, 0.000000000000000000, 1.149999999999999911 ) ) ;
#944 = ORIENTED_EDGE ( 'NONE', *, *, #4430, .T. ) ;
#943 = MECHANICAL_DESIGN_GEOMETRIC_PRESENTATION_REPRESENTATION (  '', ( #3303 ), #2693 ) ;
#945 = EDGE_CURVE ( 'NONE', #1803, #5332, #5479, .T. ) ;
#946 = VERTEX_POINT ( 'NONE', #5540 ) ;
#947 = VECTOR ( 'NONE', #2185, 1000.000000000000000 ) ;
#948 = DIRECTION ( 'NONE',  ( -1.000000000000000000, 0.000000000000000000, 0.000000000000000000 ) ) ;
#949 = CARTESIAN_POINT ( 'NONE',  ( 1.949999999999998623, 0.1999999999999999833, 1.149999999999999911 ) ) ;
#950 = ORIENTED_EDGE ( 'NONE', *, *, #3656, .T. ) ;
#951 = LINE ( 'NONE', #4581, #3122 ) ;
#952 = VECTOR ( 'NONE', #6225, 1000.000000000000000 ) ;
#953 = CARTESIAN_POINT ( 'NONE',  ( -1.949999999999998623, 0.05000000000000023870, -0.7999999999999999334 ) ) ;
#954 = CARTESIAN_POINT ( 'NONE',  ( -0.7999999999999994893, 0.2000000000000000111, -1.949999999999999067 ) ) ;
#955 = ADVANCED_FACE ( 'NONE', ( #5876 ), #2435, .F. ) ;
#956 = CARTESIAN_POINT ( 'NONE',  ( 0.8000000000000008216, 0.8264982043070837614, 1.949999999999999734 ) ) ;
#957 = CARTESIAN_POINT ( 'NONE',  ( -1.949999999999998623, 0.8264982043070834283, 0.1499999999999999667 ) ) ;
#958 = EDGE_CURVE ( 'NONE', #1226, #4538, #3932, .T. ) ;
#959 = ORIENTED_EDGE ( 'NONE', *, *, #67, .F. ) ;
#960 = VECTOR ( 'NONE', #6061, 1000.000000000000000 ) ;
#961 = UNCERTAINTY_MEASURE_WITH_UNIT (LENGTH_MEASURE( 1.000000000000000082E-05 ), #531, 'distance_accuracy_value', 'NONE');
#962 = CARTESIAN_POINT ( 'NONE',  ( -2.499999999999997780, 0.05000000000000000278, 2.500000000000001332 ) ) ;
#963 = VERTEX_POINT ( 'NONE', #4519 ) ;
#964 = CARTESIAN_POINT ( 'NONE',  ( 2.499999999999998668, 0.04999999999999991257, 0.1499999999999999667 ) ) ;
#965 = DIRECTION ( 'NONE',  ( -0.000000000000000000, -1.000000000000000000, -0.000000000000000000 ) ) ;
#966 = CARTESIAN_POINT ( 'NONE',  ( -2.499999999999998668, 0.1999999999999999833, -1.449999999999999956 ) ) ;
#967 = DIRECTION ( 'NONE',  ( -1.000000000000000000, 0.000000000000000000, -1.445602896647339508E-15 ) ) ;
#968 = PLANE ( 'NONE',  #4498 ) ;
#969 = EDGE_CURVE ( 'NONE', #4894, #4283, #1193, .T. ) ;
#970 = DIRECTION ( 'NONE',  ( -1.000000000000000000, 0.000000000000000000, 0.000000000000000000 ) ) ;
#971 = CARTESIAN_POINT ( 'NONE',  ( 2.500000000000002220, 8.671067811865475150, -2.499999999999999112 ) ) ;
#972 = DIRECTION ( 'NONE',  ( -0.000000000000000000, -1.000000000000000000, -0.000000000000000000 ) ) ;
#973 = CARTESIAN_POINT ( 'NONE',  ( -0.1499999999999990785, 0.1999999999999999833, 1.949999999999999512 ) ) ;
#974 = ORIENTED_EDGE ( 'NONE', *, *, #5274, .F. ) ;
#975 = ADVANCED_FACE ( 'NONE', ( #4509 ), #364, .T. ) ;
#976 = VERTEX_POINT ( 'NONE', #2998 ) ;
#977 = ORIENTED_EDGE ( 'NONE', *, *, #6698, .T. ) ;
#978 = DIRECTION ( 'NONE',  ( 0.000000000000000000, 0.000000000000000000, 1.000000000000000000 ) ) ;
#979 = EDGE_CURVE ( 'NONE', #3566, #2861, #2720, .T. ) ;
#980 = ORIENTED_EDGE ( 'NONE', *, *, #945, .T. ) ;
#981 = AXIS2_PLACEMENT_3D ( 'NONE', #2202, #4931, #827 ) ;
#982 = PLANE ( 'NONE',  #1098 ) ;
#983 = CARTESIAN_POINT ( 'NONE',  ( 0.5000000000000004441, 0.2000000000000000111, -1.949999999999999067 ) ) ;
#984 = DIRECTION ( 'NONE',  ( 0.000000000000000000, 0.000000000000000000, 1.000000000000000000 ) ) ;
#985 = DIRECTION ( 'NONE',  ( -0.000000000000000000, -1.000000000000000000, -0.000000000000000000 ) ) ;
#987 = CARTESIAN_POINT ( 'NONE',  ( -2.499999999999998668, 0.8264982043070834283, 0.1499999999999999667 ) ) ;
#986 = CARTESIAN_POINT ( 'NONE',  ( 1.450000000000000400, 0.1999999999999999833, -1.949999999999999289 ) ) ;
#988 = MECHANICAL_DESIGN_GEOMETRIC_PRESENTATION_REPRESENTATION (  '', ( #3739 ), #2616 ) ;
#989 = EDGE_CURVE ( 'NONE', #6499, #3062, #1761, .T. ) ;
#990 = VECTOR ( 'NONE', #243, 1000.000000000000000 ) ;
#991 = ORIENTED_EDGE ( 'NONE', *, *, #5103, .T. ) ;
#992 = DIRECTION ( 'NONE',  ( -1.000000000000000000, 0.000000000000000000, 0.000000000000000000 ) ) ;
#993 = DIRECTION ( 'NONE',  ( -0.000000000000000000, 1.000000000000000000, -0.000000000000000000 ) ) ;
#994 = ORIENTED_EDGE ( 'NONE', *, *, #6406, .F. ) ;
#995 = VECTOR ( 'NONE', #4250, 1000.000000000000000 ) ;
#996 = ORIENTED_EDGE ( 'NONE', *, *, #2160, .T. ) ;
#997 = LINE ( 'NONE', #4540, #3570 ) ;
#998 = EDGE_CURVE ( 'NONE', #79, #2752, #4105, .T. ) ;
#999 = LINE ( 'NONE', #4988, #6004 ) ;
#1000 = DIRECTION ( 'NONE',  ( 0.000000000000000000, -1.000000000000000000, 0.000000000000000000 ) ) ;
#1001 = ORIENTED_EDGE ( 'NONE', *, *, #1591, .T. ) ;
#1002 = FACE_OUTER_BOUND ( 'NONE', #2534, .T. ) ;
#1003 = DIRECTION ( 'NONE',  ( -1.000000000000000000, 0.000000000000000000, -0.000000000000000000 ) ) ;
#1004 = PRESENTATION_STYLE_ASSIGNMENT (( #5920 ) ) ;
#1005 = EDGE_LOOP ( 'NONE', ( #906, #4391, #2388, #491 ) ) ;
#1006 = CARTESIAN_POINT ( 'NONE',  ( -2.099999999999999645, 0.6999999999999999556, -2.100000000000000089 ) ) ;
#1007 = ORIENTED_EDGE ( 'NONE', *, *, #1833, .T. ) ;
#1008 =( GEOMETRIC_REPRESENTATION_CONTEXT ( 3 ) GLOBAL_UNCERTAINTY_ASSIGNED_CONTEXT ( ( #3131 ) ) GLOBAL_UNIT_ASSIGNED_CONTEXT ( ( #1196, #4872, #706 ) ) REPRESENTATION_CONTEXT ( 'NONE', 'WORKASPACE' ) );
#1009 = CARTESIAN_POINT ( 'NONE',  ( 0.000000000000000000, 0.000000000000000000, 0.000000000000000000 ) ) ;
#1010 = VECTOR ( 'NONE', #3778, 1000.000000000000000 ) ;
#1011 = DIRECTION ( 'NONE',  ( 1.000000000000000000, -0.000000000000000000, -7.228014483236698528E-16 ) ) ;
#1012 = ORIENTED_EDGE ( 'NONE', *, *, #97, .F. ) ;
#1013 = VECTOR ( 'NONE', #3312, 1000.000000000000000 ) ;
#1014 = FACE_OUTER_BOUND ( 'NONE', #4954, .T. ) ;
#1015 = ORIENTED_EDGE ( 'NONE', *, *, #3567, .T. ) ;
#1016 = FACE_OUTER_BOUND ( 'NONE', #1379, .T. ) ;
#1017 = VERTEX_POINT ( 'NONE', #964 ) ;
#1018 = EDGE_CURVE ( 'NONE', #1304, #657, #6047, .T. ) ;
#1019 = DIRECTION ( 'NONE',  ( 0.000000000000000000, 0.000000000000000000, 1.000000000000000000 ) ) ;
#1020 = ORIENTED_EDGE ( 'NONE', *, *, #6362, .F. ) ;
#1021 = VECTOR ( 'NONE', #2207, 1000.000000000000000 ) ;
#1022 = FACE_OUTER_BOUND ( 'NONE', #312, .T. ) ;
#1023 = LINE ( 'NONE', #1424, #2224 ) ;
#1024 = EDGE_LOOP ( 'NONE', ( #812, #1682, #1408, #2557 ) ) ;
#1025 = LINE ( 'NONE', #4510, #1739 ) ;
#1026 = STYLED_ITEM ( 'NONE', ( #1652 ), #4244 ) ;
#1027 = VERTEX_POINT ( 'NONE', #3024 ) ;
#1028 = FACE_OUTER_BOUND ( 'NONE', #1264, .T. ) ;
#1029 = ORIENTED_EDGE ( 'NONE', *, *, #6028, .T. ) ;
#1030 = LINE ( 'NONE', #1465, #3033 ) ;
#1031 = CARTESIAN_POINT ( 'NONE',  ( -1.949999999999998623, 0.8264982043070834283, -1.149999999999999911 ) ) ;
#1032 = DIRECTION ( 'NONE',  ( 0.000000000000000000, 0.000000000000000000, -1.000000000000000000 ) ) ;
#1033 = VERTEX_POINT ( 'NONE', #1543 ) ;
#1034 = PLANE ( 'NONE',  #1933 ) ;
#1035 = VECTOR ( 'NONE', #344, 1000.000000000000000 ) ;
#1036 = AXIS2_PLACEMENT_3D ( 'NONE', #410, #6633, #1473 ) ;
#1037 = DIRECTION ( 'NONE',  ( 0.000000000000000000, 1.000000000000000000, 0.000000000000000000 ) ) ;
#1038 = EDGE_CURVE ( 'NONE', #3589, #1734, #4831, .T. ) ;
#1039 = LINE ( 'NONE', #4504, #4825 ) ;
#1040 = CARTESIAN_POINT ( 'NONE',  ( -1.149999999999999467, 0.05000000000000000278, -2.499999999999998668 ) ) ;
#1042 = SURFACE_STYLE_USAGE ( .BOTH. , #507 ) ;
#1041 = CARTESIAN_POINT ( 'NONE',  ( -2.499999999999998668, 0.2000000000000002054, 0.1499999999999999667 ) ) ;
#1043 = VERTEX_POINT ( 'NONE', #1526 ) ;
#1044 = DIRECTION ( 'NONE',  ( 0.000000000000000000, -0.000000000000000000, 1.000000000000000000 ) ) ;
#1045 = VECTOR ( 'NONE', #3945, 1000.000000000000000 ) ;
#1046 = CARTESIAN_POINT ( 'NONE',  ( 1.549999999999999600, 0.000000000000000000, -1.549999999999999600 ) ) ;
#1047 = AXIS2_PLACEMENT_3D ( 'NONE', #381, #3981, #926 ) ;
#1048 = EDGE_CURVE ( 'NONE', #733, #2297, #4341, .T. ) ;
#1049 = ADVANCED_FACE ( 'NONE', ( #878 ), #982, .F. ) ;
#1050 = CARTESIAN_POINT ( 'NONE',  ( -0.7999999999999988232, 0.8264982043070837614, 2.499999999999999112 ) ) ;
#1051 = CARTESIAN_POINT ( 'NONE',  ( -1.149999999999999911, 0.05000000000000000278, 4.533936357666656071E-16 ) ) ;
#1052 = ADVANCED_FACE ( 'NONE', ( #2962 ), #6204, .F. ) ;
#1053 = EDGE_LOOP ( 'NONE', ( #3366, #3120, #1029, #1429 ) ) ;
#1054 = CARTESIAN_POINT ( 'NONE',  ( -0.7999999999999990452, 0.000000000000000000, 1.949999999999999512 ) ) ;
#1055 = DIRECTION ( 'NONE',  ( -0.000000000000000000, -0.000000000000000000, 1.000000000000000000 ) ) ;
#1056 =( NAMED_UNIT ( * ) SI_UNIT ( $, .STERADIAN. ) SOLID_ANGLE_UNIT ( ) );
#1057 = ORIENTED_EDGE ( 'NONE', *, *, #2194, .F. ) ;
#1058 = EDGE_CURVE ( 'NONE', #2763, #2221, #544, .T. ) ;
#1060 = CARTESIAN_POINT ( 'NONE',  ( -1.149999999999999023, 0.000000000000000000, 1.949999999999999734 ) ) ;
#1059 = PLANE ( 'NONE',  #3263 ) ;
#1061 = VERTEX_POINT ( 'NONE', #5598 ) ;
#1062 = EDGE_LOOP ( 'NONE', ( #2055, #6302, #1413, #33 ) ) ;
#1063 = PLANE ( 'NONE',  #4776 ) ;
#1064 = DIRECTION ( 'NONE',  ( 1.000000000000000000, 0.000000000000000000, -3.942553354492745010E-16 ) ) ;
#1065 = ORIENTED_EDGE ( 'NONE', *, *, #4248, .F. ) ;
#1066 = AXIS2_PLACEMENT_3D ( 'NONE', #6601, #2005, #967 ) ;
#1067 = EDGE_CURVE ( 'NONE', #5604, #3275, #2713, .T. ) ;
#1068 = AXIS2_PLACEMENT_3D ( 'NONE', #5739, #6217, #9 ) ;
#1069 = AXIS2_PLACEMENT_3D ( 'NONE', #3721, #1126, #2179 ) ;
#1070 = DIRECTION ( 'NONE',  ( 1.000000000000000000, 0.000000000000000000, -3.942553354492745010E-16 ) ) ;
#1071 = ORIENTED_EDGE ( 'NONE', *, *, #5487, .F. ) ;
#1072 = CARTESIAN_POINT ( 'NONE',  ( -2.499999999999998668, 0.1999999999999999833, 0.1499999999999999667 ) ) ;
#1073 = ADVANCED_FACE ( 'NONE', ( #2881 ), #2521, .F. ) ;
#1074 = VECTOR ( 'NONE', #4216, 1000.000000000000000 ) ;
#1075 = ORIENTED_EDGE ( 'NONE', *, *, #240, .F. ) ;
#1076 = VECTOR ( 'NONE', #1055, 1000.000000000000000 ) ;
#1077 = ORIENTED_EDGE ( 'NONE', *, *, #2533, .T. ) ;
#1078 = DIRECTION ( 'NONE',  ( -1.000000000000000000, 0.000000000000000000, 0.000000000000000000 ) ) ;
#1079 = VECTOR ( 'NONE', #98, 1000.000000000000000 ) ;
#1080 = ORIENTED_EDGE ( 'NONE', *, *, #3684, .T. ) ;
#1081 = ADVANCED_FACE ( 'NONE', ( #3768 ), #427, .T. ) ;
#1082 = LINE ( 'NONE', #3430, #6405 ) ;
#1083 = FACE_OUTER_BOUND ( 'NONE', #3519, .T. ) ;
#1084 = LINE ( 'NONE', #3459, #5130 ) ;
#1085 = EDGE_LOOP ( 'NONE', ( #5978, #4325, #892, #6671 ) ) ;
#1086 = EDGE_CURVE ( 'NONE', #4853, #4720, #626, .T. ) ;
#1087 = LINE ( 'NONE', #962, #6413 ) ;
#1088 = FACE_OUTER_BOUND ( 'NONE', #5407, .T. ) ;
#1089 = ORIENTED_EDGE ( 'NONE', *, *, #5398, .T. ) ;
#1090 = EDGE_LOOP ( 'NONE', ( #490, #6591, #4528, #3359 ) ) ;
#1091 = DIRECTION ( 'NONE',  ( -1.000000000000000000, 0.000000000000000000, -0.000000000000000000 ) ) ;
#1092 = EDGE_CURVE ( 'NONE', #856, #3015, #3927, .T. ) ;
#1093 = FACE_OUTER_BOUND ( 'NONE', #1053, .T. ) ;
#1094 = CARTESIAN_POINT ( 'NONE',  ( 2.499999999999998668, 0.8264982043070834283, -0.1499999999999999667 ) ) ;
#1095 = LINE ( 'NONE', #1475, #4313 ) ;
#1096 = CARTESIAN_POINT ( 'NONE',  ( 1.949999999999998623, 0.2000000000000002054, -1.149999999999999911 ) ) ;
#1097 = CARTESIAN_POINT ( 'NONE',  ( 1.450000000000000844, 0.2000000000000000111, 1.949999999999999734 ) ) ;
#1098 = AXIS2_PLACEMENT_3D ( 'NONE', #2056, #6632, #3539 ) ;
#1099 = ORIENTED_EDGE ( 'NONE', *, *, #2502, .F. ) ;
#1100 = FACE_OUTER_BOUND ( 'NONE', #5176, .T. ) ;
#1101 = DIRECTION ( 'NONE',  ( -1.000000000000000000, 0.000000000000000000, 0.000000000000000000 ) ) ;
#1102 = VERTEX_POINT ( 'NONE', #2503 ) ;
#1103 = LINE ( 'NONE', #5309, #6426 ) ;
#1104 = VECTOR ( 'NONE', #3786, 1000.000000000000114 ) ;
#1105 = EDGE_LOOP ( 'NONE', ( #5975, #5409, #3509, #1428 ) ) ;
#1106 = ORIENTED_EDGE ( 'NONE', *, *, #5566, .F. ) ;
#1107 = CARTESIAN_POINT ( 'NONE',  ( 0.1500000000000010492, 0.04999999999999969746, 2.499999999999999556 ) ) ;
#1108 = VECTOR ( 'NONE', #1212, 1000.000000000000000 ) ;
#1109 = EDGE_CURVE ( 'NONE', #5310, #6025, #3442, .T. ) ;
#1110 = ORIENTED_EDGE ( 'NONE', *, *, #6126, .T. ) ;
#1111 = LINE ( 'NONE', #2971, #1752 ) ;
#1112 = DIRECTION ( 'NONE',  ( 1.000000000000000000, 0.000000000000000000, -1.445602896647339508E-15 ) ) ;
#1113 = VECTOR ( 'NONE', #6184, 1000.000000000000000 ) ;
#1114 = PRESENTATION_LAYER_ASSIGNMENT (  '', '', ( #1026 ) ) ;
#1115 = AXIS2_PLACEMENT_3D ( 'NONE', #2592, #2640, #1003 ) ;
#1116 = DIRECTION ( 'NONE',  ( -0.000000000000000000, -0.000000000000000000, 1.000000000000000000 ) ) ;
#1117 = ORIENTED_EDGE ( 'NONE', *, *, #4290, .F. ) ;
#1118 = CARTESIAN_POINT ( 'NONE',  ( -1.550000000000000488, 4.584062043356594174, 1.550000000000000488 ) ) ;
#1119 = VECTOR ( 'NONE', #5960, 1000.000000000000000 ) ;
#1120 = ADVANCED_FACE ( 'NONE', ( #219 ), #5695, .T. ) ;
#1121 = CARTESIAN_POINT ( 'NONE',  ( -1.949999999999998623, 0.05000000000000023870, 0.5000000000000000000 ) ) ;
#1122 = AXIS2_PLACEMENT_3D ( 'NONE', #4212, #570, #4753 ) ;
#1123 = EDGE_CURVE ( 'NONE', #3709, #2336, #4991, .T. ) ;
#1124 = VECTOR ( 'NONE', #4179, 1000.000000000000000 ) ;
#1125 = DIRECTION ( 'NONE',  ( -0.000000000000000000, 0.000000000000000000, 1.000000000000000000 ) ) ;
#1126 = DIRECTION ( 'NONE',  ( 1.000000000000000000, -0.000000000000000000, 0.000000000000000000 ) ) ;
#1127 =( GEOMETRIC_REPRESENTATION_CONTEXT ( 3 ) GLOBAL_UNCERTAINTY_ASSIGNED_CONTEXT ( ( #3538 ) ) GLOBAL_UNIT_ASSIGNED_CONTEXT ( ( #5452, #6020, #2350 ) ) REPRESENTATION_CONTEXT ( 'NONE', 'WORKASPACE' ) );
#1128 = EDGE_CURVE ( 'NONE', #5174, #2983, #2564, .T. ) ;
#1129 = DIRECTION ( 'NONE',  ( 1.000000000000000000, 0.000000000000000000, -0.000000000000000000 ) ) ;
#1130 = ORIENTED_EDGE ( 'NONE', *, *, #2761, .T. ) ;
#1131 = CARTESIAN_POINT ( 'NONE',  ( 1.949999999999998623, 0.000000000000000000, 1.149999999999999911 ) ) ;
#1132 = VERTEX_POINT ( 'NONE', #3136 ) ;
#1133 = AXIS2_PLACEMENT_3D ( 'NONE', #6083, #3946, #4470 ) ;
#1134 = VERTEX_POINT ( 'NONE', #3149 ) ;
#1135 = DIRECTION ( 'NONE',  ( -0.000000000000000000, -1.000000000000000000, -0.000000000000000000 ) ) ;
#1136 = DIRECTION ( 'NONE',  ( -3.942553354492745010E-16, 0.000000000000000000, -1.000000000000000000 ) ) ;
#1137 = EDGE_CURVE ( 'NONE', #4821, #285, #5163, .T. ) ;
#1138 = EDGE_CURVE ( 'NONE', #2524, #6668, #4170, .T. ) ;
#1139 = DIRECTION ( 'NONE',  ( -0.000000000000000000, -1.000000000000000000, -0.000000000000000000 ) ) ;
#1140 = DIRECTION ( 'NONE',  ( 3.942553354492745503E-16, 0.000000000000000000, 1.000000000000000000 ) ) ;
#1141 = PLANE ( 'NONE',  #5995 ) ;
#1142 = ADVANCED_FACE ( 'NONE', ( #61 ), #4191, .F. ) ;
#1143 = CARTESIAN_POINT ( 'NONE',  ( 1.949999999999998623, 0.05000000000000000278, 0.000000000000000000 ) ) ;
#1144 = PRESENTATION_STYLE_ASSIGNMENT (( #1194 ) ) ;
#1145 = ORIENTED_EDGE ( 'NONE', *, *, #1038, .T. ) ;
#1146 = LINE ( 'NONE', #57, #3159 ) ;
#1147 = DIRECTION ( 'NONE',  ( -1.000000000000000000, 0.000000000000000000, -0.000000000000000000 ) ) ;
#1148 = CARTESIAN_POINT ( 'NONE',  ( 1.949999999999998623, 0.000000000000000000, -0.7999999999999999334 ) ) ;
#1149 = ORIENTED_EDGE ( 'NONE', *, *, #1533, .F. ) ;
#1150 = EDGE_CURVE ( 'NONE', #6279, #1583, #5964, .T. ) ;
#1151 = FACE_OUTER_BOUND ( 'NONE', #1192, .T. ) ;
#1152 = UNCERTAINTY_MEASURE_WITH_UNIT (LENGTH_MEASURE( 1.000000000000000082E-05 ), #5984, 'distance_accuracy_value', 'NONE');
#1153 = ORIENTED_EDGE ( 'NONE', *, *, #6106, .F. ) ;
#1154 = VECTOR ( 'NONE', #735, 1000.000000000000000 ) ;
#1155 = DIRECTION ( 'NONE',  ( -0.000000000000000000, -1.000000000000000000, -0.000000000000000000 ) ) ;
#1156 = FACE_OUTER_BOUND ( 'NONE', #3281, .T. ) ;
#1157 = CARTESIAN_POINT ( 'NONE',  ( -2.499999999999997780, 0.8000000000000003775, 2.500000000000001332 ) ) ;
#1158 = ORIENTED_EDGE ( 'NONE', *, *, #5264, .F. ) ;
#1159 = COLOUR_RGB ( '',0.7921568627450980005, 0.8196078431372548767, 0.9333333333333333481 ) ;
#1160 = EDGE_CURVE ( 'NONE', #3187, #5824, #2790, .T. ) ;
#1161 = LINE ( 'NONE', #2601, #6332 ) ;
#1162 = EDGE_CURVE ( 'NONE', #2053, #3074, #4502, .T. ) ;
#1163 = ORIENTED_EDGE ( 'NONE', *, *, #5757, .F. ) ;
#1164 = VERTEX_POINT ( 'NONE', #50 ) ;
#1165 = VECTOR ( 'NONE', #2751, 1000.000000000000000 ) ;
#1166 = ORIENTED_EDGE ( 'NONE', *, *, #449, .F. ) ;
#1167 = VECTOR ( 'NONE', #1691, 1000.000000000000000 ) ;
#1168 = CARTESIAN_POINT ( 'NONE',  ( -0.1499999999999995226, 0.000000000000000000, -1.949999999999999067 ) ) ;
#1169 = LINE ( 'NONE', #900, #4308 ) ;
#1170 = EDGE_LOOP ( 'NONE', ( #1347, #1537, #2458, #4506 ) ) ;
#1171 = LINE ( 'NONE', #5656, #2376 ) ;
#1172 = VERTEX_POINT ( 'NONE', #4176 ) ;
#1173 = PRODUCT ( 'T2055+3', 'T2055+3', '', ( #5848 ) ) ;
#1174 = ORIENTED_EDGE ( 'NONE', *, *, #4028, .T. ) ;
#1175 = DIRECTION ( 'NONE',  ( 1.000000000000000000, 0.000000000000000000, 0.000000000000000000 ) ) ;
#1176 = LINE ( 'NONE', #4870, #1823 ) ;
#1177 = VECTOR ( 'NONE', #6615, 1000.000000000000114 ) ;
#1178 = DIRECTION ( 'NONE',  ( 0.000000000000000000, -1.000000000000000000, 0.000000000000000000 ) ) ;
#1179 = VERTEX_POINT ( 'NONE', #6242 ) ;
#1180 = VERTEX_POINT ( 'NONE', #2655 ) ;
#1181 = ADVANCED_FACE ( 'NONE', ( #298 ), #2638, .T. ) ;
#1182 = EDGE_CURVE ( 'NONE', #6658, #6103, #6516, .T. ) ;
#1183 = ORIENTED_EDGE ( 'NONE', *, *, #407, .F. ) ;
#1184 = SURFACE_SIDE_STYLE ('',( #336 ) ) ;
#1185 = LINE ( 'NONE', #3561, #4580 ) ;
#1186 = ORIENTED_EDGE ( 'NONE', *, *, #3612, .F. ) ;
#1187 = ORIENTED_EDGE ( 'NONE', *, *, #6566, .T. ) ;
#1188 = VECTOR ( 'NONE', #3827, 1000.000000000000000 ) ;
#1189 = VECTOR ( 'NONE', #22, 1000.000000000000000 ) ;
#1190 = DIRECTION ( 'NONE',  ( 1.000000000000000000, 0.000000000000000000, -3.942553354492745010E-16 ) ) ;
#1191 = DIRECTION ( 'NONE',  ( 3.942553354492744024E-16, 0.000000000000000000, 1.000000000000000000 ) ) ;
#1192 = EDGE_LOOP ( 'NONE', ( #778, #4570, #4389, #1386 ) ) ;
#1193 = LINE ( 'NONE', #4980, #5000 ) ;
#1194 = SURFACE_STYLE_USAGE ( .BOTH. , #2756 ) ;
#1195 =( NAMED_UNIT ( * ) SI_UNIT ( $, .STERADIAN. ) SOLID_ANGLE_UNIT ( ) );
#1196 =( LENGTH_UNIT ( ) NAMED_UNIT ( * ) SI_UNIT ( .MILLI., .METRE. ) );
#1197 = CARTESIAN_POINT ( 'NONE',  ( 2.500000000000002220, 0.05000000000000000278, -2.499999999999999112 ) ) ;
#1198 = EDGE_CURVE ( 'NONE', #2029, #1564, #705, .T. ) ;
#1199 = CARTESIAN_POINT ( 'NONE',  ( -2.099999999999999645, 0.6999999999999999556, -2.100000000000000089 ) ) ;
#1200 = ORIENTED_EDGE ( 'NONE', *, *, #6144, .F. ) ;
#1201 = VERTEX_POINT ( 'NONE', #1435 ) ;
#1202 = DIRECTION ( 'NONE',  ( 3.942553354492744024E-16, 0.000000000000000000, 1.000000000000000000 ) ) ;
#1203 = DIRECTION ( 'NONE',  ( 1.000000000000000000, -0.000000000000000000, 0.000000000000000000 ) ) ;
#1204 = ADVANCED_FACE ( 'NONE', ( #3206 ), #409, .F. ) ;
#1205 = EDGE_CURVE ( 'NONE', #4660, #3006, #870, .T. ) ;
#1206 = ORIENTED_EDGE ( 'NONE', *, *, #3005, .F. ) ;
#1207 = CARTESIAN_POINT ( 'NONE',  ( 2.499999999999998668, 0.000000000000000000, 0.1499999999999999667 ) ) ;
#1208 = DIRECTION ( 'NONE',  ( 0.000000000000000000, 0.000000000000000000, -1.000000000000000000 ) ) ;
#1209 = VERTEX_POINT ( 'NONE', #5541 ) ;
#1210 = CARTESIAN_POINT ( 'NONE',  ( -1.949999999999998623, 0.8264982043070834283, 0.7999999999999999334 ) ) ;
#1211 = CARTESIAN_POINT ( 'NONE',  ( -2.499999999999998668, 0.04999999999999991257, 0.7999999999999999334 ) ) ;
#1212 = DIRECTION ( 'NONE',  ( 0.000000000000000000, 0.000000000000000000, 1.000000000000000000 ) ) ;
#1213 = AXIS2_PLACEMENT_3D ( 'NONE', #4278, #4337, #4848 ) ;
#1214 = FILL_AREA_STYLE ('',( #3769 ) ) ;
#1215 = PLANE ( 'NONE',  #4196 ) ;
#1216 = CARTESIAN_POINT ( 'NONE',  ( -0.7999999999999988232, 0.04999999999999969746, 2.499999999999999112 ) ) ;
#1217 = ORIENTED_EDGE ( 'NONE', *, *, #479, .F. ) ;
#1218 = DIRECTION ( 'NONE',  ( -0.000000000000000000, -1.000000000000000000, -0.000000000000000000 ) ) ;
#1219 = CARTESIAN_POINT ( 'NONE',  ( 0.000000000000000000, 0.05000000000000000278, -1.149999999999999911 ) ) ;
#1220 = DIRECTION ( 'NONE',  ( 1.000000000000000000, 0.000000000000000000, 6.994852725712932707E-17 ) ) ;
#1221 = FACE_OUTER_BOUND ( 'NONE', #1650, .T. ) ;
#1222 = AXIS2_PLACEMENT_3D ( 'NONE', #879, #4452, #304 ) ;
#1223 = ORIENTED_EDGE ( 'NONE', *, *, #2408, .F. ) ;
#1224 = VECTOR ( 'NONE', #3565, 1000.000000000000000 ) ;
#1225 = CARTESIAN_POINT ( 'NONE',  ( -1.949999999999998623, 0.8264982043070834283, -0.5000000000000000000 ) ) ;
#1226 = VERTEX_POINT ( 'NONE', #3964 ) ;
#1227 = LINE ( 'NONE', #3057, #1312 ) ;
#1228 = ORIENTED_EDGE ( 'NONE', *, *, #898, .F. ) ;
#1229 = PLANE ( 'NONE',  #6387 ) ;
#1230 = CARTESIAN_POINT ( 'NONE',  ( -1.550000000000000266, 0.2000000000000013989, -1.199999999999999289 ) ) ;
#1231 = VERTEX_POINT ( 'NONE', #872 ) ;
#1232 = EDGE_CURVE ( 'NONE', #614, #2633, #4586, .T. ) ;
#1233 = CARTESIAN_POINT ( 'NONE',  ( -1.149999999999999023, 0.8264982043070837614, 1.949999999999999734 ) ) ;
#1234 = ADVANCED_FACE ( 'NONE', ( #1353 ), #4021, .T. ) ;
#1235 = FACE_OUTER_BOUND ( 'NONE', #2293, .T. ) ;
#1236 = EDGE_LOOP ( 'NONE', ( #1582, #894, #3770, #3707 ) ) ;
#1237 = SURFACE_STYLE_FILL_AREA ( #3092 ) ;
#1238 = DIRECTION ( 'NONE',  ( 0.000000000000000000, 0.000000000000000000, 1.000000000000000000 ) ) ;
#1239 = DIRECTION ( 'NONE',  ( 0.000000000000000000, -1.000000000000000000, 0.000000000000000000 ) ) ;
#1240 = ORIENTED_EDGE ( 'NONE', *, *, #471, .T. ) ;
#1241 = ORIENTED_EDGE ( 'NONE', *, *, #3714, .F. ) ;
#1242 = LINE ( 'NONE', #6581, #6104 ) ;
#1243 = AXIS2_PLACEMENT_3D ( 'NONE', #6535, #1939, #883 ) ;
#1244 = EDGE_CURVE ( 'NONE', #5026, #79, #5635, .T. ) ;
#1245 = LINE ( 'NONE', #3655, #5144 ) ;
#1246 = CARTESIAN_POINT ( 'NONE',  ( -1.409462824231156553E-15, 0.05000000000000000278, 1.950000000000000178 ) ) ;
#1247 = VERTEX_POINT ( 'NONE', #3993 ) ;
#1248 = VECTOR ( 'NONE', #1357, 1000.000000000000000 ) ;
#1249 = ORIENTED_EDGE ( 'NONE', *, *, #2305, .F. ) ;
#1250 = LINE ( 'NONE', #1849, #1735 ) ;
#1251 = DIRECTION ( 'NONE',  ( 1.000000000000000000, 0.000000000000000000, -1.445602896647339508E-15 ) ) ;
#1252 = LINE ( 'NONE', #3391, #1912 ) ;
#1253 = ORIENTED_EDGE ( 'NONE', *, *, #6551, .T. ) ;
#1254 = VERTEX_POINT ( 'NONE', #5512 ) ;
#1255 = DIRECTION ( 'NONE',  ( 1.000000000000000000, 0.000000000000000000, -0.000000000000000000 ) ) ;
#1256 = DIRECTION ( 'NONE',  ( 0.000000000000000000, 0.000000000000000000, 1.000000000000000000 ) ) ;
#1257 = ORIENTED_EDGE ( 'NONE', *, *, #5967, .T. ) ;
#1258 = LINE ( 'NONE', #2951, #1035 ) ;
#1259 = VECTOR ( 'NONE', #525, 1000.000000000000000 ) ;
#1260 = DIRECTION ( 'NONE',  ( 1.000000000000000000, 0.000000000000000000, 7.228014483236697541E-16 ) ) ;
#1261 = EDGE_CURVE ( 'NONE', #1302, #3589, #141, .T. ) ;
#1262 = EDGE_CURVE ( 'NONE', #1784, #6430, #1039, .T. ) ;
#1263 = CARTESIAN_POINT ( 'NONE',  ( -0.1499999999999995226, 0.05000000000000000278, 0.000000000000000000 ) ) ;
#1264 = EDGE_LOOP ( 'NONE', ( #5092, #2936, #3548, #582 ) ) ;
#1265 = VECTOR ( 'NONE', #2894, 1000.000000000000000 ) ;
#1266 = DIRECTION ( 'NONE',  ( 1.000000000000000000, 0.000000000000000000, -1.445602896647339508E-15 ) ) ;
#1267 = CARTESIAN_POINT ( 'NONE',  ( -1.949999999999998623, 0.1999999999999999833, -1.449999999999999956 ) ) ;
#1268 = DIRECTION ( 'NONE',  ( -1.000000000000000000, 0.000000000000000000, 0.000000000000000000 ) ) ;
#1269 = PLANE ( 'NONE',  #1973 ) ;
#1270 = ADVANCED_FACE ( 'NONE', ( #5313 ), #5003, .F. ) ;
#1271 = ORIENTED_EDGE ( 'NONE', *, *, #5554, .F. ) ;
#1272 = LINE ( 'NONE', #2980, #2326 ) ;
#1273 = EDGE_CURVE ( 'NONE', #6491, #912, #5471, .T. ) ;
#1274 = CARTESIAN_POINT ( 'NONE',  ( 0.5000000000000004441, 0.1999999999999999833, -1.949999999999999067 ) ) ;
#1275 = AXIS2_PLACEMENT_3D ( 'NONE', #5078, #4523, #6614 ) ;
#1276 = EDGE_CURVE ( 'NONE', #1538, #5574, #3285, .T. ) ;
#1277 = CARTESIAN_POINT ( 'NONE',  ( 0.5000000000000008882, 0.1999999999999999833, 1.949999999999999512 ) ) ;
#1278 = DIRECTION ( 'NONE',  ( 1.000000000000000000, 0.000000000000000000, -0.000000000000000000 ) ) ;
#1279 = CARTESIAN_POINT ( 'NONE',  ( 2.499999999999998668, 0.2000000000000002054, -0.5000000000000000000 ) ) ;
#1280 = ORIENTED_EDGE ( 'NONE', *, *, #2644, .T. ) ;
#1281 = CARTESIAN_POINT ( 'NONE',  ( -1.949999999999998623, 0.05000000000000000278, 0.000000000000000000 ) ) ;
#1282 = VERTEX_POINT ( 'NONE', #1454 ) ;
#1283 = DIRECTION ( 'NONE',  ( 0.000000000000000000, -0.000000000000000000, 1.000000000000000000 ) ) ;
#1284 = EDGE_CURVE ( 'NONE', #3197, #5469, #377, .T. ) ;
#1285 = ORIENTED_EDGE ( 'NONE', *, *, #5402, .T. ) ;
#1286 = ORIENTED_EDGE ( 'NONE', *, *, #6474, .F. ) ;
#1287 = CARTESIAN_POINT ( 'NONE',  ( -0.1499999999999990785, 0.1999999999999999833, 1.949999999999999512 ) ) ;
#1288 = PLANE ( 'NONE',  #2398 ) ;
#1289 = SURFACE_STYLE_USAGE ( .BOTH. , #3874 ) ;
#1290 = CARTESIAN_POINT ( 'NONE',  ( -1.949999999999998623, 0.2000000000000002054, 0.7999999999999999334 ) ) ;
#1291 = CARTESIAN_POINT ( 'NONE',  ( 0.1500000000000003830, 0.1999999999999999833, -1.949999999999999289 ) ) ;
#1292 = DIRECTION ( 'NONE',  ( 1.000000000000000000, 0.000000000000000000, 0.000000000000000000 ) ) ;
#1293 = EDGE_CURVE ( 'NONE', #657, #929, #3046, .T. ) ;
#1294 = CARTESIAN_POINT ( 'NONE',  ( 1.450000000000000844, 0.8264982043070837614, 1.949999999999999734 ) ) ;
#1295 = CARTESIAN_POINT ( 'NONE',  ( 1.949999999999998623, 0.1999999999999999833, -0.7999999999999999334 ) ) ;
#1296 = CARTESIAN_POINT ( 'NONE',  ( -2.499999999999998668, 0.8264982043070834283, 1.449999999999999956 ) ) ;
#1297 = DIRECTION ( 'NONE',  ( 1.000000000000000000, 0.000000000000000000, 7.228014483236699514E-16 ) ) ;
#1298 = FACE_OUTER_BOUND ( 'NONE', #4621, .T. ) ;
#1299 = EDGE_LOOP ( 'NONE', ( #3516, #3591, #4816, #4203 ) ) ;
#1300 = ADVANCED_FACE ( 'NONE', ( #5552 ), #4446, .T. ) ;
#1301 = DIRECTION ( 'NONE',  ( 0.000000000000000000, 0.000000000000000000, 1.000000000000000000 ) ) ;
#1302 = VERTEX_POINT ( 'NONE', #2400 ) ;
#1303 = LINE ( 'NONE', #124, #995 ) ;
#1304 = VERTEX_POINT ( 'NONE', #6544 ) ;
#1305 = LINE ( 'NONE', #1877, #6638 ) ;
#1306 = EDGE_CURVE ( 'NONE', #5302, #4249, #4750, .T. ) ;
#1307 = VECTOR ( 'NONE', #6686, 1000.000000000000000 ) ;
#1308 = DIRECTION ( 'NONE',  ( -0.000000000000000000, -1.000000000000000000, -0.000000000000000000 ) ) ;
#1309 = CARTESIAN_POINT ( 'NONE',  ( 0.000000000000000000, 0.000000000000000000, 0.000000000000000000 ) ) ;
#1310 = CARTESIAN_POINT ( 'NONE',  ( 1.949999999999998623, 0.8264982043070834283, 0.1499999999999999667 ) ) ;
#1311 = AXIS2_PLACEMENT_3D ( 'NONE', #971, #2987, #6051 ) ;
#1312 = VECTOR ( 'NONE', #4576, 1000.000000000000000 ) ;
#1313 = ORIENTED_EDGE ( 'NONE', *, *, #4610, .F. ) ;
#1314 = LINE ( 'NONE', #3857, #4952 ) ;
#1315 = DIRECTION ( 'NONE',  ( 0.000000000000000000, 0.000000000000000000, -1.000000000000000000 ) ) ;
#1316 = CARTESIAN_POINT ( 'NONE',  ( 2.499999999999998668, 0.2000000000000002054, -0.5000000000000000000 ) ) ;
#1317 = VECTOR ( 'NONE', #1220, 1000.000000000000000 ) ;
#1318 = VERTEX_POINT ( 'NONE', #3540 ) ;
#1319 = CARTESIAN_POINT ( 'NONE',  ( -1.550000000000000488, 0.1999999999999996503, 1.550000000000000488 ) ) ;
#1320 = VERTEX_POINT ( 'NONE', #2088 ) ;
#1321 = DIRECTION ( 'NONE',  ( 0.000000000000000000, -1.000000000000000000, 0.000000000000000000 ) ) ;
#1322 = DIRECTION ( 'NONE',  ( 0.000000000000000000, -0.000000000000000000, 1.000000000000000000 ) ) ;
#1323 = VECTOR ( 'NONE', #3938, 1000.000000000000000 ) ;
#1324 = VERTEX_POINT ( 'NONE', #5140 ) ;
#1325 = FACE_OUTER_BOUND ( 'NONE', #3278, .T. ) ;
#1326 = DIRECTION ( 'NONE',  ( 1.000000000000000000, 0.000000000000000000, 7.228014483236697541E-16 ) ) ;
#1327 = DIRECTION ( 'NONE',  ( -1.000000000000000000, 0.000000000000000000, 7.228014483236697541E-16 ) ) ;
#1328 = EDGE_CURVE ( 'NONE', #5707, #4238, #863, .T. ) ;
#1329 = VECTOR ( 'NONE', #13, 1000.000000000000000 ) ;
#1330 = ORIENTED_EDGE ( 'NONE', *, *, #1858, .F. ) ;
#1331 = COLOUR_RGB ( '',0.7921568627450980005, 0.8196078431372548767, 0.9333333333333333481 ) ;
#1332 = DIRECTION ( 'NONE',  ( 1.000000000000000000, -0.000000000000000000, 0.000000000000000000 ) ) ;
#1333 = ORIENTED_EDGE ( 'NONE', *, *, #3696, .T. ) ;
#1334 = ORIENTED_EDGE ( 'NONE', *, *, #114, .T. ) ;
#1335 = VECTOR ( 'NONE', #1778, 1000.000000000000000 ) ;
#1336 = LINE ( 'NONE', #5819, #129 ) ;
#1337 = ORIENTED_EDGE ( 'NONE', *, *, #3579, .T. ) ;
#1338 = ORIENTED_EDGE ( 'NONE', *, *, #6262, .T. ) ;
#1339 = VECTOR ( 'NONE', #1178, 1000.000000000000000 ) ;
#1340 = EDGE_CURVE ( 'NONE', #6174, #6349, #4007, .T. ) ;
#1341 = ORIENTED_EDGE ( 'NONE', *, *, #3125, .T. ) ;
#1342 = LINE ( 'NONE', #1655, #6124 ) ;
#1343 = PLANE ( 'NONE',  #6080 ) ;
#1344 = LINE ( 'NONE', #1561, #952 ) ;
#1345 = DIRECTION ( 'NONE',  ( 1.000000000000000000, 0.000000000000000000, 0.000000000000000000 ) ) ;
#1346 = ADVANCED_FACE ( 'NONE', ( #4818 ), #6207, .F. ) ;
#1347 = ORIENTED_EDGE ( 'NONE', *, *, #2859, .F. ) ;
#1348 = DIRECTION ( 'NONE',  ( -0.7071067811865474617, 0.000000000000000000, 0.7071067811865474617 ) ) ;
#1349 = CARTESIAN_POINT ( 'NONE',  ( -0.4999999999999995559, 0.1999999999999999833, -1.949999999999999289 ) ) ;
#1350 = ORIENTED_EDGE ( 'NONE', *, *, #3612, .T. ) ;
#1351 = VECTOR ( 'NONE', #4049, 1000.000000000000000 ) ;
#1352 = AXIS2_PLACEMENT_3D ( 'NONE', #497, #5181, #4626 ) ;
#1353 = FACE_OUTER_BOUND ( 'NONE', #2931, .T. ) ;
#1354 = CARTESIAN_POINT ( 'NONE',  ( -2.499999999999997780, 8.671067811865475150, 2.500000000000001332 ) ) ;
#1355 = DIRECTION ( 'NONE',  ( -0.000000000000000000, -1.000000000000000000, -0.000000000000000000 ) ) ;
#1356 = DIRECTION ( 'NONE',  ( -1.000000000000000000, 0.000000000000000000, 0.000000000000000000 ) ) ;
#1357 = DIRECTION ( 'NONE',  ( -0.000000000000000000, -1.000000000000000000, -0.000000000000000000 ) ) ;
#1358 = DIRECTION ( 'NONE',  ( 1.445602896647339508E-15, -0.000000000000000000, 1.000000000000000000 ) ) ;
#1359 = ORIENTED_EDGE ( 'NONE', *, *, #6127, .F. ) ;
#1360 = DIRECTION ( 'NONE',  ( 0.000000000000000000, 0.000000000000000000, -1.000000000000000000 ) ) ;
#1361 = LINE ( 'NONE', #1402, #2404 ) ;
#1362 = DIRECTION ( 'NONE',  ( 0.000000000000000000, 0.000000000000000000, -1.000000000000000000 ) ) ;
#1363 = DIRECTION ( 'NONE',  ( -0.000000000000000000, -1.000000000000000000, -0.000000000000000000 ) ) ;
#1364 = DIRECTION ( 'NONE',  ( 0.000000000000000000, 1.000000000000000000, 0.000000000000000000 ) ) ;
#1365 = DIRECTION ( 'NONE',  ( -1.000000000000000000, 0.000000000000000000, 0.000000000000000000 ) ) ;
#1366 = CARTESIAN_POINT ( 'NONE',  ( -2.099999999999999645, 0.8000000000000000444, -2.100000000000000089 ) ) ;
#1367 = ORIENTED_EDGE ( 'NONE', *, *, #2989, .T. ) ;
#1368 = DIRECTION ( 'NONE',  ( -0.000000000000000000, 0.000000000000000000, 1.000000000000000000 ) ) ;
#1369 = STYLED_ITEM ( 'NONE', ( #2045 ), #6368 ) ;
#1370 = EDGE_CURVE ( 'NONE', #2541, #5251, #5074, .T. ) ;
#1371 = VERTEX_POINT ( 'NONE', #3086 ) ;
#1372 = DIRECTION ( 'NONE',  ( -7.228014483236699514E-16, 0.000000000000000000, 1.000000000000000000 ) ) ;
#1373 = DIRECTION ( 'NONE',  ( 0.000000000000000000, 0.000000000000000000, -1.000000000000000000 ) ) ;
#1374 = DIRECTION ( 'NONE',  ( -1.000000000000000000, 0.000000000000000000, 0.000000000000000000 ) ) ;
#1375 = ORIENTED_EDGE ( 'NONE', *, *, #3553, .T. ) ;
#1376 = CARTESIAN_POINT ( 'NONE',  ( -0.4999999999999995559, 0.2000000000000000111, -1.949999999999999289 ) ) ;
#1377 = CARTESIAN_POINT ( 'NONE',  ( 0.1500000000000003830, 0.2000000000000000111, -1.949999999999999289 ) ) ;
#1378 = ADVANCED_FACE ( 'NONE', ( #2314 ), #4092, .T. ) ;
#1379 = EDGE_LOOP ( 'NONE', ( #2715, #5627, #405, #434 ) ) ;
#1380 = DIRECTION ( 'NONE',  ( 0.000000000000000000, -1.000000000000000000, 0.000000000000000000 ) ) ;
#1381 = EDGE_CURVE ( 'NONE', #5463, #838, #2475, .T. ) ;
#1382 = CARTESIAN_POINT ( 'NONE',  ( -1.149999999999999023, 0.2000000000000000111, 1.949999999999999734 ) ) ;
#1383 = DIRECTION ( 'NONE',  ( 1.000000000000000000, 0.000000000000000000, -1.445602896647339508E-15 ) ) ;
#1384 =( NAMED_UNIT ( * ) SI_UNIT ( $, .STERADIAN. ) SOLID_ANGLE_UNIT ( ) );
#1385 = CARTESIAN_POINT ( 'NONE',  ( -2.499999999999998668, 0.1999999999999999833, -1.149999999999999911 ) ) ;
#1386 = ORIENTED_EDGE ( 'NONE', *, *, #6069, .T. ) ;
#1387 = CARTESIAN_POINT ( 'NONE',  ( -1.949999999999998623, 0.8264982043070834283, -0.5000000000000000000 ) ) ;
#1388 = ORIENTED_EDGE ( 'NONE', *, *, #45, .T. ) ;
#1389 = VECTOR ( 'NONE', #5292, 1000.000000000000000 ) ;
#1390 = ORIENTED_EDGE ( 'NONE', *, *, #6262, .F. ) ;
#1391 = CARTESIAN_POINT ( 'NONE',  ( 0.1500000000000003830, 0.04999999999999969746, -2.499999999999999556 ) ) ;
#1392 = EDGE_CURVE ( 'NONE', #1914, #3410, #3200, .T. ) ;
#1393 = DIRECTION ( 'NONE',  ( 0.000000000000000000, 0.000000000000000000, -1.000000000000000000 ) ) ;
#1394 = DIRECTION ( 'NONE',  ( -7.228014483236697541E-16, 0.000000000000000000, -1.000000000000000000 ) ) ;
#1395 = DIRECTION ( 'NONE',  ( -0.000000000000000000, -1.000000000000000000, -0.000000000000000000 ) ) ;
#1396 = ORIENTED_EDGE ( 'NONE', *, *, #5429, .T. ) ;
#1397 = VECTOR ( 'NONE', #440, 1000.000000000000000 ) ;
#1398 = ORIENTED_EDGE ( 'NONE', *, *, #4939, .T. ) ;
#1399 = LINE ( 'NONE', #2288, #1154 ) ;
#1400 = FACE_OUTER_BOUND ( 'NONE', #4284, .T. ) ;
#1401 = ORIENTED_EDGE ( 'NONE', *, *, #6627, .T. ) ;
#1402 = CARTESIAN_POINT ( 'NONE',  ( -1.949999999999998623, 0.000000000000000000, 0.1499999999999999667 ) ) ;
#1403 = LINE ( 'NONE', #5862, #1165 ) ;
#1404 = CARTESIAN_POINT ( 'NONE',  ( -0.7999999999999994893, 0.1999999999999999833, -1.949999999999999067 ) ) ;
#1405 = ORIENTED_EDGE ( 'NONE', *, *, #6506, .T. ) ;
#1406 = LINE ( 'NONE', #2794, #34 ) ;
#1407 = VECTOR ( 'NONE', #5391, 1000.000000000000000 ) ;
#1408 = ORIENTED_EDGE ( 'NONE', *, *, #3390, .T. ) ;
#1409 = DIRECTION ( 'NONE',  ( 1.000000000000000000, -0.000000000000000000, 0.000000000000000000 ) ) ;
#1410 = STYLED_ITEM ( 'NONE', ( #834 ), #5043 ) ;
#1411 = AXIS2_PLACEMENT_3D ( 'NONE', #5389, #3860, #2730 ) ;
#1412 = ADVANCED_FACE ( 'NONE', ( #3431 ), #3630, .F. ) ;
#1413 = ORIENTED_EDGE ( 'NONE', *, *, #6402, .T. ) ;
#1414 = DIRECTION ( 'NONE',  ( 0.000000000000000000, -1.000000000000000000, 0.000000000000000000 ) ) ;
#1415 = DIRECTION ( 'NONE',  ( -0.000000000000000000, -0.000000000000000000, 1.000000000000000000 ) ) ;
#1416 = LINE ( 'NONE', #2982, #1177 ) ;
#1417 = ORIENTED_EDGE ( 'NONE', *, *, #2095, .T. ) ;
#1418 = LINE ( 'NONE', #5054, #6200 ) ;
#1419 = PLANE ( 'NONE',  #1311 ) ;
#1420 = PLANE ( 'NONE',  #6541 ) ;
#1421 = PLANE ( 'NONE',  #1243 ) ;
#1422 = EDGE_LOOP ( 'NONE', ( #3416, #5410, #4795, #538 ) ) ;
#1423 = LINE ( 'NONE', #2300, #5942 ) ;
#1424 = CARTESIAN_POINT ( 'NONE',  ( -0.4999999999999989453, 0.000000000000000000, 2.499999999999999556 ) ) ;
#1425 = EDGE_CURVE ( 'NONE', #2916, #371, #1831, .T. ) ;
#1426 = LINE ( 'NONE', #225, #6664 ) ;
#1427 = DIRECTION ( 'NONE',  ( -1.000000000000000000, 0.000000000000000000, 1.445602896647339706E-15 ) ) ;
#1428 = ORIENTED_EDGE ( 'NONE', *, *, #4547, .T. ) ;
#1429 = ORIENTED_EDGE ( 'NONE', *, *, #1123, .T. ) ;
#1430 = CARTESIAN_POINT ( 'NONE',  ( -1.949999999999998623, 0.8264982043070834283, -0.5000000000000000000 ) ) ;
#1431 = ORIENTED_EDGE ( 'NONE', *, *, #1626, .F. ) ;
#1432 = VECTOR ( 'NONE', #5639, 1000.000000000000000 ) ;
#1433 = VECTOR ( 'NONE', #3492, 1000.000000000000000 ) ;
#1434 = CARTESIAN_POINT ( 'NONE',  ( -1.449999999999999512, 0.04999999999999999584, -1.949999999999999067 ) ) ;
#1435 = CARTESIAN_POINT ( 'NONE',  ( 2.499999999999998668, 0.000000000000000000, -0.1499999999999999667 ) ) ;
#1436 = VERTEX_POINT ( 'NONE', #5696 ) ;
#1437 = DIRECTION ( 'NONE',  ( 0.000000000000000000, -1.000000000000000000, 0.000000000000000000 ) ) ;
#1438 = DIRECTION ( 'NONE',  ( 1.000000000000000000, -0.000000000000000000, -0.000000000000000000 ) ) ;
#1439 = LINE ( 'NONE', #3878, #2164 ) ;
#1440 = CARTESIAN_POINT ( 'NONE',  ( 2.499999999999998668, 0.8264982043070834283, -0.1499999999999999667 ) ) ;
#1441 = EDGE_CURVE ( 'NONE', #6260, #4746, #1344, .T. ) ;
#1442 = CARTESIAN_POINT ( 'NONE',  ( 0.000000000000000000, 0.2000000000000000111, 0.000000000000000000 ) ) ;
#1443 = MANIFOLD_SOLID_BREP ( 'LPattern4[4]', #2312 ) ;
#1444 = AXIS2_PLACEMENT_3D ( 'NONE', #3928, #840, #4445 ) ;
#1445 = ORIENTED_EDGE ( 'NONE', *, *, #1452, .T. ) ;
#1446 = PLANE ( 'NONE',  #6512 ) ;
#1447 = FACE_OUTER_BOUND ( 'NONE', #5334, .T. ) ;
#1448 = CARTESIAN_POINT ( 'NONE',  ( 0.5000000000000011102, 0.2000000000000000111, 2.499999999999999112 ) ) ;
#1449 = CARTESIAN_POINT ( 'NONE',  ( 0.5000000000000004441, 0.04999999999999999584, -1.949999999999999067 ) ) ;
#1450 = ADVANCED_FACE ( 'NONE', ( #2635 ), #4592, .F. ) ;
#1451 = DIRECTION ( 'NONE',  ( 1.445602896647339508E-15, -0.000000000000000000, 1.000000000000000000 ) ) ;
#1452 = EDGE_CURVE ( 'NONE', #5522, #6248, #1185, .T. ) ;
#1453 = ORIENTED_EDGE ( 'NONE', *, *, #6311, .T. ) ;
#1454 = CARTESIAN_POINT ( 'NONE',  ( 1.450000000000000400, 0.04999999999999969746, -2.499999999999999556 ) ) ;
#1455 = ORIENTED_EDGE ( 'NONE', *, *, #6127, .T. ) ;
#1456 = CARTESIAN_POINT ( 'NONE',  ( 0.5000000000000004441, 0.2000000000000005107, -2.499999999999999112 ) ) ;
#1457 = PLANE ( 'NONE',  #1275 ) ;
#1458 = PLANE ( 'NONE',  #5896 ) ;
#1459 = ORIENTED_EDGE ( 'NONE', *, *, #1109, .F. ) ;
#1460 = VERTEX_POINT ( 'NONE', #3051 ) ;
#1461 = DIRECTION ( 'NONE',  ( 1.000000000000000000, -0.000000000000000000, -7.228014483236698528E-16 ) ) ;
#1462 = EDGE_CURVE ( 'NONE', #3604, #4697, #462, .T. ) ;
#1463 = DIRECTION ( 'NONE',  ( 0.000000000000000000, 0.000000000000000000, -1.000000000000000000 ) ) ;
#1464 = DIRECTION ( 'NONE',  ( -0.000000000000000000, -1.000000000000000000, -0.000000000000000000 ) ) ;
#1465 = CARTESIAN_POINT ( 'NONE',  ( 1.949999999999998623, 0.1999999999999999833, 1.449999999999999956 ) ) ;
#1466 = AXIS2_PLACEMENT_3D ( 'NONE', #3073, #6691, #3600 ) ;
#1467 = EDGE_CURVE ( 'NONE', #3882, #6205, #1514, .T. ) ;
#1468 = ORIENTED_EDGE ( 'NONE', *, *, #1150, .F. ) ;
#1469 = VECTOR ( 'NONE', #631, 1000.000000000000000 ) ;
#1470 = ORIENTED_EDGE ( 'NONE', *, *, #1381, .F. ) ;
#1471 = DIRECTION ( 'NONE',  ( -1.000000000000000000, 0.000000000000000000, 1.445602896647339706E-15 ) ) ;
#1472 = CARTESIAN_POINT ( 'NONE',  ( -1.949999999999998623, 0.000000000000000000, -1.449999999999999956 ) ) ;
#1473 = DIRECTION ( 'NONE',  ( 3.942553354492744024E-16, 0.000000000000000000, 1.000000000000000000 ) ) ;
#1474 = ORIENTED_EDGE ( 'NONE', *, *, #3537, .T. ) ;
#1475 = CARTESIAN_POINT ( 'NONE',  ( 1.450000000000000400, 0.000000000000000000, -2.499999999999999556 ) ) ;
#1476 = ADVANCED_FACE ( 'NONE', ( #6203 ), #4151, .F. ) ;
#1477 = AXIS2_PLACEMENT_3D ( 'NONE', #6171, #5630, #6155 ) ;
#1478 = ORIENTED_EDGE ( 'NONE', *, *, #801, .F. ) ;
#1479 = PLANE ( 'NONE',  #2285 ) ;
#1480 = DIRECTION ( 'NONE',  ( -1.000000000000000000, 0.000000000000000000, -7.228014483236698528E-16 ) ) ;
#1481 = LINE ( 'NONE', #738, #4711 ) ;
#1482 = CARTESIAN_POINT ( 'NONE',  ( 0.8000000000000003775, 0.000000000000000000, -2.499999999999999556 ) ) ;
#1483 = EDGE_CURVE ( 'NONE', #1692, #1954, #3038, .T. ) ;
#1484 = EDGE_CURVE ( 'NONE', #656, #4660, #4901, .T. ) ;
#1485 = PLANE ( 'NONE',  #6465 ) ;
#1486 = LINE ( 'NONE', #5009, #2840 ) ;
#1487 = ORIENTED_EDGE ( 'NONE', *, *, #508, .F. ) ;
#1488 = DIRECTION ( 'NONE',  ( -0.000000000000000000, -1.000000000000000000, -0.000000000000000000 ) ) ;
#1489 = VECTOR ( 'NONE', #1301, 1000.000000000000000 ) ;
#1490 = ORIENTED_EDGE ( 'NONE', *, *, #4390, .T. ) ;
#1491 = ORIENTED_EDGE ( 'NONE', *, *, #1086, .F. ) ;
#1492 = AXIS2_PLACEMENT_3D ( 'NONE', #6129, #5588, #5642 ) ;
#1493 = STYLED_ITEM ( 'NONE', ( #2550 ), #1852 ) ;
#1494 = LINE ( 'NONE', #5086, #6267 ) ;
#1495 = CARTESIAN_POINT ( 'NONE',  ( 1.949999999999998623, 0.8264982043070834283, -0.7999999999999999334 ) ) ;
#1496 = VECTOR ( 'NONE', #5678, 1000.000000000000000 ) ;
#1497 = ORIENTED_EDGE ( 'NONE', *, *, #4328, .F. ) ;
#1498 = ORIENTED_EDGE ( 'NONE', *, *, #989, .T. ) ;
#1499 = DIRECTION ( 'NONE',  ( 0.000000000000000000, -1.000000000000000000, 0.000000000000000000 ) ) ;
#1500 = DIRECTION ( 'NONE',  ( 1.000000000000000000, -0.000000000000000000, 0.000000000000000000 ) ) ;
#1501 = ORIENTED_EDGE ( 'NONE', *, *, #3462, .F. ) ;
#1502 = PLANE ( 'NONE',  #2732 ) ;
#1503 = LINE ( 'NONE', #2657, #2864 ) ;
#1504 = AXIS2_PLACEMENT_3D ( 'NONE', #4349, #288, #1322 ) ;
#1505 = ORIENTED_EDGE ( 'NONE', *, *, #4404, .F. ) ;
#1506 = EDGE_CURVE ( 'NONE', #2297, #2904, #4743, .T. ) ;
#1507 = ORIENTED_EDGE ( 'NONE', *, *, #844, .T. ) ;
#1508 = LINE ( 'NONE', #5327, #4084 ) ;
#1509 = CARTESIAN_POINT ( 'NONE',  ( 1.949999999999998623, 0.000000000000000000, -0.1499999999999999667 ) ) ;
#1511 = CARTESIAN_POINT ( 'NONE',  ( 1.949999999999998623, 0.8264982043070834283, -1.149999999999999911 ) ) ;
#1510 = SURFACE_SIDE_STYLE ('',( #428 ) ) ;
#1512 = EDGE_LOOP ( 'NONE', ( #3947, #3703, #5141, #1431 ) ) ;
#1513 = VECTOR ( 'NONE', #5322, 1000.000000000000000 ) ;
#1514 = LINE ( 'NONE', #6156, #3521 ) ;
#1515 = CARTESIAN_POINT ( 'NONE',  ( -2.499999999999998668, 0.04999999999999991257, 1.149999999999999911 ) ) ;
#1516 = DIRECTION ( 'NONE',  ( 1.000000000000000000, 0.000000000000000000, -0.000000000000000000 ) ) ;
#1517 = ORIENTED_EDGE ( 'NONE', *, *, #3888, .F. ) ;
#1518 = CARTESIAN_POINT ( 'NONE',  ( 1.450000000000000400, 0.2000000000000000111, -1.949999999999999289 ) ) ;
#1519 = EDGE_CURVE ( 'NONE', #1942, #356, #136, .T. ) ;
#1520 = EDGE_CURVE ( 'NONE', #3334, #6164, #2074, .T. ) ;
#1521 = ORIENTED_EDGE ( 'NONE', *, *, #5723, .T. ) ;
#1522 = LINE ( 'NONE', #4643, #4822 ) ;
#1523 = ADVANCED_FACE ( 'NONE', ( #5629 ), #3226, .F. ) ;
#1524 = VECTOR ( 'NONE', #1617, 1000.000000000000000 ) ;
#1525 = ORIENTED_EDGE ( 'NONE', *, *, #5312, .T. ) ;
#1526 = CARTESIAN_POINT ( 'NONE',  ( 1.450000000000001066, 0.04999999999999969746, 2.499999999999999556 ) ) ;
#1527 = LINE ( 'NONE', #2089, #2012 ) ;
#1528 = CARTESIAN_POINT ( 'NONE',  ( -2.499999999999998668, 0.8264982043070834283, 0.7999999999999999334 ) ) ;
#1529 = ADVANCED_FACE ( 'NONE', ( #2707 ), #3648, .T. ) ;
#1530 = CARTESIAN_POINT ( 'NONE',  ( -1.949999999999998623, 0.1999999999999999833, -1.149999999999999911 ) ) ;
#1531 = CARTESIAN_POINT ( 'NONE',  ( -1.149999999999999023, 0.2000000000000000111, 1.949999999999999734 ) ) ;
#1532 = DIRECTION ( 'NONE',  ( -0.000000000000000000, -1.000000000000000000, -0.000000000000000000 ) ) ;
#1533 = EDGE_CURVE ( 'NONE', #2297, #207, #6125, .T. ) ;
#1534 = CARTESIAN_POINT ( 'NONE',  ( 1.450000000000000400, 0.8264982043070837614, -1.949999999999999289 ) ) ;
#1535 = CARTESIAN_POINT ( 'NONE',  ( -2.499999999999997780, 8.671067811865475150, -2.499999999999998668 ) ) ;
#1536 = CARTESIAN_POINT ( 'NONE',  ( 2.499999999999998668, 0.000000000000000000, 0.5000000000000000000 ) ) ;
#1537 = ORIENTED_EDGE ( 'NONE', *, *, #426, .T. ) ;
#1538 = VERTEX_POINT ( 'NONE', #3698 ) ;
#1539 = ORIENTED_EDGE ( 'NONE', *, *, #54, .F. ) ;
#1540 = EDGE_CURVE ( 'NONE', #2464, #1995, #2390, .T. ) ;
#1541 = ORIENTED_EDGE ( 'NONE', *, *, #4636, .F. ) ;
#1542 = ORIENTED_EDGE ( 'NONE', *, *, #5291, .F. ) ;
#1543 = CARTESIAN_POINT ( 'NONE',  ( -2.499999999999998668, 0.000000000000000000, 0.1499999999999999667 ) ) ;
#1544 = DIRECTION ( 'NONE',  ( -0.000000000000000000, -1.000000000000000000, -0.000000000000000000 ) ) ;
#1545 = DIRECTION ( 'NONE',  ( 0.000000000000000000, -1.000000000000000000, 0.000000000000000000 ) ) ;
#1546 = CARTESIAN_POINT ( 'NONE',  ( 1.450000000000000400, 0.2000000000000000111, -1.949999999999999289 ) ) ;
#1547 = FILL_AREA_STYLE ('',( #4529 ) ) ;
#1549 = DIRECTION ( 'NONE',  ( -0.000000000000000000, 0.000000000000000000, 1.000000000000000000 ) ) ;
#1548 = DIRECTION ( 'NONE',  ( 0.000000000000000000, -0.000000000000000000, -1.000000000000000000 ) ) ;
#1550 = EDGE_CURVE ( 'NONE', #3279, #826, #4246, .T. ) ;
#1551 = EDGE_LOOP ( 'NONE', ( #5928, #3081, #980, #1174 ) ) ;
#1552 = DIRECTION ( 'NONE',  ( 0.000000000000000000, -1.000000000000000000, 0.000000000000000000 ) ) ;
#1553 = ADVANCED_FACE ( 'NONE', ( #1028 ), #549, .T. ) ;
#1554 = ORIENTED_EDGE ( 'NONE', *, *, #2512, .F. ) ;
#1555 = ORIENTED_EDGE ( 'NONE', *, *, #2889, .T. ) ;
#1556 = LINE ( 'NONE', #3202, #176 ) ;
#1557 = ORIENTED_EDGE ( 'NONE', *, *, #1812, .F. ) ;
#1558 = EDGE_CURVE ( 'NONE', #5633, #1914, #4088, .T. ) ;
#1559 = ORIENTED_EDGE ( 'NONE', *, *, #5688, .F. ) ;
#1560 = DIRECTION ( 'NONE',  ( -1.000000000000000000, 0.000000000000000000, -7.228014483236698528E-16 ) ) ;
#1561 = CARTESIAN_POINT ( 'NONE',  ( 1.949999999999998623, 0.1999999999999999833, 1.449999999999999956 ) ) ;
#1562 = ORIENTED_EDGE ( 'NONE', *, *, #3529, .F. ) ;
#1563 = FACE_OUTER_BOUND ( 'NONE', #413, .T. ) ;
#1564 = VERTEX_POINT ( 'NONE', #6290 ) ;
#1565 = EDGE_LOOP ( 'NONE', ( #4368, #1751, #2382, #3 ) ) ;
#1566 = AXIS2_PLACEMENT_3D ( 'NONE', #4937, #864, #2391 ) ;
#1567 = LINE ( 'NONE', #1143, #3897 ) ;
#1568 = DIRECTION ( 'NONE',  ( -0.000000000000000000, 0.000000000000000000, -1.000000000000000000 ) ) ;
#1569 = ORIENTED_EDGE ( 'NONE', *, *, #1162, .T. ) ;
#1570 = LINE ( 'NONE', #858, #5690 ) ;
#1571 = ORIENTED_EDGE ( 'NONE', *, *, #2493, .F. ) ;
#1572 = ORIENTED_EDGE ( 'NONE', *, *, #4199, .T. ) ;
#1573 = DIRECTION ( 'NONE',  ( 1.000000000000000000, 0.000000000000000000, 7.228014483236697541E-16 ) ) ;
#1574 = ORIENTED_EDGE ( 'NONE', *, *, #4405, .F. ) ;
#1575 = SURFACE_STYLE_FILL_AREA ( #5435 ) ;
#1576 = VECTOR ( 'NONE', #4024, 1000.000000000000000 ) ;
#1577 = EDGE_LOOP ( 'NONE', ( #6295, #1359, #5570, #6236 ) ) ;
#1578 = VECTOR ( 'NONE', #5169, 1000.000000000000000 ) ;
#1579 = AXIS2_PLACEMENT_3D ( 'NONE', #2108, #1032, #550 ) ;
#1580 = ORIENTED_EDGE ( 'NONE', *, *, #2814, .F. ) ;
#1581 = FACE_OUTER_BOUND ( 'NONE', #1900, .T. ) ;
#1582 = ORIENTED_EDGE ( 'NONE', *, *, #3244, .T. ) ;
#1583 = VERTEX_POINT ( 'NONE', #73 ) ;
#1584 = VECTOR ( 'NONE', #6001, 1000.000000000000000 ) ;
#1585 = DIRECTION ( 'NONE',  ( -1.000000000000000000, 0.000000000000000000, 7.228014483236697541E-16 ) ) ;
#1586 = ADVANCED_FACE ( 'NONE', ( #698 ), #3676, .F. ) ;
#1587 = ORIENTED_EDGE ( 'NONE', *, *, #6443, .T. ) ;
#1588 = CARTESIAN_POINT ( 'NONE',  ( 1.150000000000000799, 0.8264982043070837614, 1.949999999999999512 ) ) ;
#1589 = FACE_OUTER_BOUND ( 'NONE', #2727, .T. ) ;
#1590 = PRODUCT_DEFINITION ( 'UNKNOWN', '', #3181, #2342 ) ;
#1591 = EDGE_CURVE ( 'NONE', #3172, #5573, #2465, .T. ) ;
#1592 = VECTOR ( 'NONE', #5108, 1000.000000000000000 ) ;
#1593 = CARTESIAN_POINT ( 'NONE',  ( 0.5000000000000008882, 0.8264982043070837614, 1.949999999999999512 ) ) ;
#1594 = ORIENTED_EDGE ( 'NONE', *, *, #6249, .T. ) ;
#1595 = DIRECTION ( 'NONE',  ( -0.000000000000000000, -1.000000000000000000, -0.000000000000000000 ) ) ;
#1596 = CARTESIAN_POINT ( 'NONE',  ( -1.149999999999999467, 0.8264982043070837614, -1.949999999999999289 ) ) ;
#1597 = AXIS2_PLACEMENT_3D ( 'NONE', #1387, #6048, #5024 ) ;
#1598 = EDGE_CURVE ( 'NONE', #4766, #5394, #1503, .T. ) ;
#1599 = COLOUR_RGB ( '',0.7921568627450980005, 0.8196078431372548767, 0.9333333333333333481 ) ;
#1600 = DIRECTION ( 'NONE',  ( 1.000000000000000000, 0.000000000000000000, -0.000000000000000000 ) ) ;
#1601 = DIRECTION ( 'NONE',  ( 0.000000000000000000, -1.000000000000000000, 0.000000000000000000 ) ) ;
#1602 = CARTESIAN_POINT ( 'NONE',  ( 1.549999999999999600, 0.1999999999999996503, -1.549999999999999600 ) ) ;
#1603 = ORIENTED_EDGE ( 'NONE', *, *, #4280, .T. ) ;
#1604 = EDGE_CURVE ( 'NONE', #207, #5310, #5944, .T. ) ;
#1605 = EDGE_CURVE ( 'NONE', #1771, #1723, #1336, .T. ) ;
#1606 = ORIENTED_EDGE ( 'NONE', *, *, #1018, .T. ) ;
#1607 = VERTEX_POINT ( 'NONE', #4302 ) ;
#1608 = ORIENTED_EDGE ( 'NONE', *, *, #5264, .T. ) ;
#1609 = EDGE_LOOP ( 'NONE', ( #2247, #5684, #5950, #4521 ) ) ;
#1610 = AXIS2_PLACEMENT_3D ( 'NONE', #4535, #6525, #1362 ) ;
#1611 = ADVANCED_FACE ( 'NONE', ( #453 ), #5843, .F. ) ;
#1612 = EDGE_CURVE ( 'NONE', #887, #3300, #3029, .T. ) ;
#1613 = CARTESIAN_POINT ( 'NONE',  ( 2.499999999999998668, 0.2000000000000002054, 1.149999999999999911 ) ) ;
#1614 = STYLED_ITEM ( 'NONE', ( #4379 ), #6445 ) ;
#1615 = STYLED_ITEM ( 'NONE', ( #3920 ), #4037 ) ;
#1616 = EDGE_CURVE ( 'NONE', #4415, #1630, #3113, .T. ) ;
#1617 = DIRECTION ( 'NONE',  ( 0.000000000000000000, -1.000000000000000000, 0.000000000000000000 ) ) ;
#1618 = DIRECTION ( 'NONE',  ( 0.000000000000000000, 0.000000000000000000, 1.000000000000000000 ) ) ;
#1619 = DIRECTION ( 'NONE',  ( 0.000000000000000000, 0.000000000000000000, 1.000000000000000000 ) ) ;
#1620 = CARTESIAN_POINT ( 'NONE',  ( -1.449999999999999512, 0.8264982043070837614, -1.949999999999999067 ) ) ;
#1621 = ORIENTED_EDGE ( 'NONE', *, *, #5561, .F. ) ;
#1622 = CARTESIAN_POINT ( 'NONE',  ( -1.949999999999998623, 0.8264982043070834283, -1.149999999999999911 ) ) ;
#1623 = FACE_OUTER_BOUND ( 'NONE', #6385, .T. ) ;
#1624 = VERTEX_POINT ( 'NONE', #678 ) ;
#1625 = PLANE ( 'NONE',  #3825 ) ;
#1626 = EDGE_CURVE ( 'NONE', #4204, #6205, #3191, .T. ) ;
#1627 = EDGE_LOOP ( 'NONE', ( #5680, #256, #5526, #2619 ) ) ;
#1628 = CARTESIAN_POINT ( 'NONE',  ( 1.450000000000000844, 0.2000000000000000111, 1.949999999999999734 ) ) ;
#1629 = CARTESIAN_POINT ( 'NONE',  ( 1.150000000000000799, 0.1999999999999999833, 1.949999999999999512 ) ) ;
#1630 = VERTEX_POINT ( 'NONE', #6392 ) ;
#1631 = VECTOR ( 'NONE', #2267, 1000.000000000000000 ) ;
#1632 = MANIFOLD_SOLID_BREP ( 'Boss-Extrude3[2]', #3761 ) ;
#1633 = PLANE ( 'NONE',  #5644 ) ;
#1634 = CYLINDRICAL_SURFACE ( 'NONE', #370, 0.1999999999999998723 ) ;
#1635 = ORIENTED_EDGE ( 'NONE', *, *, #3399, .T. ) ;
#1636 = LINE ( 'NONE', #4444, #3173 ) ;
#1637 = CARTESIAN_POINT ( 'NONE',  ( -1.949999999999998623, 0.2000000000000002054, 1.149999999999999911 ) ) ;
#1638 = LINE ( 'NONE', #5189, #928 ) ;
#1639 = CARTESIAN_POINT ( 'NONE',  ( 1.450000000000000400, 0.04999999999999999584, -1.949999999999999289 ) ) ;
#1640 = ORIENTED_EDGE ( 'NONE', *, *, #3887, .T. ) ;
#1641 = VERTEX_POINT ( 'NONE', #3242 ) ;
#1642 = UNCERTAINTY_MEASURE_WITH_UNIT (LENGTH_MEASURE( 1.000000000000000082E-05 ), #6373, 'distance_accuracy_value', 'NONE');
#1643 = ADVANCED_FACE ( 'NONE', ( #4080 ), #3295, .F. ) ;
#1644 = EDGE_CURVE ( 'NONE', #934, #3175, #2698, .T. ) ;
#1645 = VECTOR ( 'NONE', #571, 1000.000000000000000 ) ;
#1646 = DIRECTION ( 'NONE',  ( -0.000000000000000000, -1.000000000000000000, -0.000000000000000000 ) ) ;
#1647 = DIRECTION ( 'NONE',  ( 0.000000000000000000, -1.000000000000000000, 0.000000000000000000 ) ) ;
#1648 = LINE ( 'NONE', #1046, #6340 ) ;
#1649 = VERTEX_POINT ( 'NONE', #4835 ) ;
#1650 = EDGE_LOOP ( 'NONE', ( #2016, #4500, #4648, #362 ) ) ;
#1651 = ORIENTED_EDGE ( 'NONE', *, *, #6241, .T. ) ;
#1652 = PRESENTATION_STYLE_ASSIGNMENT (( #2786 ) ) ;
#1653 = FACE_OUTER_BOUND ( 'NONE', #2366, .T. ) ;
#1654 = ORIENTED_EDGE ( 'NONE', *, *, #5729, .T. ) ;
#1655 = CARTESIAN_POINT ( 'NONE',  ( 2.499999999999998668, 0.8264982043070834283, -0.5000000000000000000 ) ) ;
#1656 = CLOSED_SHELL ( 'NONE', ( #3708, #17, #1052, #3541, #295, #2423 ) ) ;
#1657 = LINE ( 'NONE', #6348, #1749 ) ;
#1658 = EDGE_CURVE ( 'NONE', #1898, #5522, #780, .T. ) ;
#1659 = ORIENTED_EDGE ( 'NONE', *, *, #4676, .F. ) ;
#1660 = VECTOR ( 'NONE', #1268, 1000.000000000000000 ) ;
#1661 = CARTESIAN_POINT ( 'NONE',  ( 1.150000000000000355, 0.1999999999999999833, -1.949999999999999067 ) ) ;
#1662 = VECTOR ( 'NONE', #6306, 1000.000000000000000 ) ;
#1663 = AXIS2_PLACEMENT_3D ( 'NONE', #4958, #1372, #4550 ) ;
#1664 = VERTEX_POINT ( 'NONE', #206 ) ;
#1665 = DIRECTION ( 'NONE',  ( -0.000000000000000000, -1.000000000000000000, -0.000000000000000000 ) ) ;
#1666 =( LENGTH_UNIT ( ) NAMED_UNIT ( * ) SI_UNIT ( .MILLI., .METRE. ) );
#1667 = ORIENTED_EDGE ( 'NONE', *, *, #5821, .F. ) ;
#1668 = LINE ( 'NONE', #2735, #6132 ) ;
#1669 = VECTOR ( 'NONE', #2487, 1000.000000000000000 ) ;
#1670 = CARTESIAN_POINT ( 'NONE',  ( -1.199999999999999956, -0.000000000000000000, -1.549999999999999600 ) ) ;
#1671 = PLANE ( 'NONE',  #6229 ) ;
#1672 = AXIS2_PLACEMENT_3D ( 'NONE', #1588, #1070, #6158 ) ;
#1673 = DIRECTION ( 'NONE',  ( 0.000000000000000000, 0.000000000000000000, -1.000000000000000000 ) ) ;
#1674 = EDGE_CURVE ( 'NONE', #3882, #328, #1426, .T. ) ;
#1675 = LINE ( 'NONE', #2061, #1124 ) ;
#1676 =( NAMED_UNIT ( * ) SI_UNIT ( $, .STERADIAN. ) SOLID_ANGLE_UNIT ( ) );
#1677 = CARTESIAN_POINT ( 'NONE',  ( 1.949999999999998623, 0.000000000000000000, -1.449999999999999956 ) ) ;
#1678 = ADVANCED_FACE ( 'NONE', ( #5065 ), #4353, .F. ) ;
#1679 = EDGE_CURVE ( 'NONE', #2093, #4133, #4234, .T. ) ;
#1680 = FILL_AREA_STYLE_COLOUR ( '', #4906 ) ;
#1681 = CARTESIAN_POINT ( 'NONE',  ( -0.7999999999999994893, 0.000000000000000000, -1.949999999999999067 ) ) ;
#1682 = ORIENTED_EDGE ( 'NONE', *, *, #1705, .T. ) ;
#1683 = PLANE ( 'NONE',  #2236 ) ;
#1684 = DIRECTION ( 'NONE',  ( 0.000000000000000000, 1.000000000000000000, 0.000000000000000000 ) ) ;
#1685 = ORIENTED_EDGE ( 'NONE', *, *, #308, .T. ) ;
#1686 = AXIS2_PLACEMENT_3D ( 'NONE', #2589, #6264, #1091 ) ;
#1687 = ORIENTED_EDGE ( 'NONE', *, *, #5186, .F. ) ;
#1688 = PLANE ( 'NONE',  #5027 ) ;
#1689 = PLANE ( 'NONE',  #5737 ) ;
#1690 = VERTEX_POINT ( 'NONE', #5890 ) ;
#1691 = DIRECTION ( 'NONE',  ( 1.000000000000000000, -0.000000000000000000, 1.445602896647339706E-15 ) ) ;
#1692 = VERTEX_POINT ( 'NONE', #3802 ) ;
#1693 = CARTESIAN_POINT ( 'NONE',  ( -1.949999999999998623, 0.8264982043070834283, 1.449999999999999956 ) ) ;
#1694 = CARTESIAN_POINT ( 'NONE',  ( 2.500000000000002220, 0.05000000000000000278, 2.500000000000000888 ) ) ;
#1695 = AXIS2_PLACEMENT_3D ( 'NONE', #5414, #6451, #4809 ) ;
#1696 = AXIS2_PLACEMENT_3D ( 'NONE', #2746, #5388, #3343 ) ;
#1697 = CARTESIAN_POINT ( 'NONE',  ( 0.8000000000000010436, 0.2000000000000005107, 2.500000000000000888 ) ) ;
#1698 = CARTESIAN_POINT ( 'NONE',  ( -1.199999999999999956, -0.000000000000000000, -1.549999999999999600 ) ) ;
#1699 = EDGE_LOOP ( 'NONE', ( #509, #2774, #4112, #938 ) ) ;
#1700 = PLANE ( 'NONE',  #4201 ) ;
#1701 = DIRECTION ( 'NONE',  ( -1.000000000000000000, 0.000000000000000000, 0.000000000000000000 ) ) ;
#1702 = CARTESIAN_POINT ( 'NONE',  ( 0.5000000000000004441, 0.2000000000000000111, -1.949999999999999067 ) ) ;
#1703 = ORIENTED_EDGE ( 'NONE', *, *, #1896, .T. ) ;
#1704 =( GEOMETRIC_REPRESENTATION_CONTEXT ( 3 ) GLOBAL_UNCERTAINTY_ASSIGNED_CONTEXT ( ( #4760 ) ) GLOBAL_UNIT_ASSIGNED_CONTEXT ( ( #4382, #2911, #4431 ) ) REPRESENTATION_CONTEXT ( 'NONE', 'WORKASPACE' ) );
#1705 = EDGE_CURVE ( 'NONE', #331, #1180, #1990, .T. ) ;
#1706 = LINE ( 'NONE', #3719, #1074 ) ;
#1707 = DIRECTION ( 'NONE',  ( -7.885106708985489034E-17, 0.000000000000000000, 1.000000000000000000 ) ) ;
#1708 = VERTEX_POINT ( 'NONE', #5909 ) ;
#1709 = ADVANCED_FACE ( 'NONE', ( #5295 ), #1688, .F. ) ;
#1710 = LINE ( 'NONE', #4679, #4948 ) ;
#1711 = APPLICATION_PROTOCOL_DEFINITION ( 'draft international standard', 'automotive_design', 1998, #4281 ) ;
#1712 = DIRECTION ( 'NONE',  ( 0.000000000000000000, 1.000000000000000000, 0.000000000000000000 ) ) ;
#1713 = ORIENTED_EDGE ( 'NONE', *, *, #2320, .F. ) ;
#1714 = LINE ( 'NONE', #4435, #3575 ) ;
#1715 = PLANE ( 'NONE',  #6629 ) ;
#1716 = ORIENTED_EDGE ( 'NONE', *, *, #1604, .F. ) ;
#1717 = VECTOR ( 'NONE', #3748, 1000.000000000000000 ) ;
#1718 = AXIS2_PLACEMENT_3D ( 'NONE', #2256, #5867, #3328 ) ;
#1719 = SURFACE_STYLE_FILL_AREA ( #3997 ) ;
#1720 = EDGE_CURVE ( 'NONE', #3576, #2554, #5544, .T. ) ;
#1721 = ORIENTED_EDGE ( 'NONE', *, *, #1262, .F. ) ;
#1722 = DIRECTION ( 'NONE',  ( 0.000000000000000000, 1.000000000000000000, 0.000000000000000000 ) ) ;
#1723 = VERTEX_POINT ( 'NONE', #5376 ) ;
#1724 = FILL_AREA_STYLE_COLOUR ( '', #1996 ) ;
#1725 = DIRECTION ( 'NONE',  ( -1.000000000000000000, 0.000000000000000000, -1.445602896647339508E-15 ) ) ;
#1726 = VECTOR ( 'NONE', #106, 1000.000000000000000 ) ;
#1727 = ORIENTED_EDGE ( 'NONE', *, *, #819, .F. ) ;
#1728 = FACE_OUTER_BOUND ( 'NONE', #4375, .T. ) ;
#1729 = PLANE ( 'NONE',  #4122 ) ;
#1730 = LINE ( 'NONE', #2544, #4965 ) ;
#1731 = ORIENTED_EDGE ( 'NONE', *, *, #4616, .T. ) ;
#1732 = CARTESIAN_POINT ( 'NONE',  ( 0.8000000000000008216, 0.8264982043070837614, 1.949999999999999734 ) ) ;
#1733 = EDGE_LOOP ( 'NONE', ( #2219, #533, #198, #974 ) ) ;
#1734 = VERTEX_POINT ( 'NONE', #4968 ) ;
#1735 = VECTOR ( 'NONE', #4439, 1000.000000000000000 ) ;
#1736 = SURFACE_STYLE_FILL_AREA ( #4400 ) ;
#1737 = PLANE ( 'NONE',  #559 ) ;
#1738 = ORIENTED_EDGE ( 'NONE', *, *, #3956, .T. ) ;
#1739 = VECTOR ( 'NONE', #917, 1000.000000000000000 ) ;
#1740 = CARTESIAN_POINT ( 'NONE',  ( -1.374999999999999778, 0.05000000000000000278, -1.374999999999999778 ) ) ;
#1741 = EDGE_CURVE ( 'NONE', #455, #284, #3671, .T. ) ;
#1742 = ORIENTED_EDGE ( 'NONE', *, *, #6521, .F. ) ;
#1743 = CARTESIAN_POINT ( 'NONE',  ( 0.000000000000000000, 0.000000000000000000, 0.000000000000000000 ) ) ;
#1744 = LINE ( 'NONE', #1815, #4742 ) ;
#1745 = DIRECTION ( 'NONE',  ( 0.000000000000000000, -0.000000000000000000, 1.000000000000000000 ) ) ;
#1746 = LINE ( 'NONE', #4134, #854 ) ;
#1747 = EDGE_LOOP ( 'NONE', ( #563, #2543, #6190, #598 ) ) ;
#1748 = ORIENTED_EDGE ( 'NONE', *, *, #1137, .F. ) ;
#1749 = VECTOR ( 'NONE', #6391, 1000.000000000000000 ) ;
#1750 = CARTESIAN_POINT ( 'NONE',  ( 2.500000000000002220, 0.2000000000000005107, 0.5000000000000000000 ) ) ;
#1751 = ORIENTED_EDGE ( 'NONE', *, *, #6161, .T. ) ;
#1752 = VECTOR ( 'NONE', #3479, 1000.000000000000000 ) ;
#1753 = CARTESIAN_POINT ( 'NONE',  ( -1.409462824231156159E-15, 0.05000000000000000278, -1.949999999999999734 ) ) ;
#1754 = VECTOR ( 'NONE', #5151, 1000.000000000000000 ) ;
#1755 = ADVANCED_FACE ( 'NONE', ( #1653 ), #5504, .F. ) ;
#1756 = EDGE_CURVE ( 'NONE', #5453, #2133, #1252, .T. ) ;
#1757 = CARTESIAN_POINT ( 'NONE',  ( 1.949999999999998623, 0.1999999999999999833, 0.5000000000000000000 ) ) ;
#1758 = ORIENTED_EDGE ( 'NONE', *, *, #5913, .T. ) ;
#1759 = FACE_OUTER_BOUND ( 'NONE', #4806, .T. ) ;
#1760 =( GEOMETRIC_REPRESENTATION_CONTEXT ( 3 ) GLOBAL_UNCERTAINTY_ASSIGNED_CONTEXT ( ( #2832 ) ) GLOBAL_UNIT_ASSIGNED_CONTEXT ( ( #78, #4116, #32 ) ) REPRESENTATION_CONTEXT ( 'NONE', 'WORKASPACE' ) );
#1761 = LINE ( 'NONE', #1050, #6220 ) ;
#1762 = CARTESIAN_POINT ( 'NONE',  ( -1.409462824231154975E-15, 0.05000000000000000278, -1.949999999999998179 ) ) ;
#1763 = PLANE ( 'NONE',  #3641 ) ;
#1764 = EDGE_LOOP ( 'NONE', ( #3434, #4602, #6050, #2682 ) ) ;
#1765 = LINE ( 'NONE', #2505, #3693 ) ;
#1766 = DIRECTION ( 'NONE',  ( -1.000000000000000000, 0.000000000000000000, 0.000000000000000000 ) ) ;
#1767 = CARTESIAN_POINT ( 'NONE',  ( 0.1500000000000003830, 0.2000000000000000111, -1.949999999999999289 ) ) ;
#1768 = AXIS2_PLACEMENT_3D ( 'NONE', #1870, #6520, #3361 ) ;
#1769 = CARTESIAN_POINT ( 'NONE',  ( 0.000000000000000000, 0.2000000000000000111, 0.000000000000000000 ) ) ;
#1770 = CARTESIAN_POINT ( 'NONE',  ( 0.000000000000000000, 0.000000000000000000, 0.6500000000000000222 ) ) ;
#1771 = VERTEX_POINT ( 'NONE', #6538 ) ;
#1772 = CARTESIAN_POINT ( 'NONE',  ( -0.1499999999999995226, 0.2000000000000000111, -1.949999999999999067 ) ) ;
#1773 = EDGE_LOOP ( 'NONE', ( #3919, #4604, #220, #4640 ) ) ;
#1774 = ORIENTED_EDGE ( 'NONE', *, *, #4422, .F. ) ;
#1775 = ORIENTED_EDGE ( 'NONE', *, *, #4757, .T. ) ;
#1776 = EDGE_CURVE ( 'NONE', #2133, #3114, #283, .T. ) ;
#1777 = DIRECTION ( 'NONE',  ( -0.000000000000000000, -1.000000000000000000, -0.000000000000000000 ) ) ;
#1778 = DIRECTION ( 'NONE',  ( 0.000000000000000000, 0.000000000000000000, 1.000000000000000000 ) ) ;
#1779 = DIRECTION ( 'NONE',  ( -1.000000000000000000, 0.000000000000000000, 7.228014483236699514E-16 ) ) ;
#1780 = ADVANCED_FACE ( 'NONE', ( #5863 ), #307, .F. ) ;
#1781 = DIRECTION ( 'NONE',  ( 0.000000000000000000, -0.000000000000000000, 1.000000000000000000 ) ) ;
#1782 = CARTESIAN_POINT ( 'NONE',  ( 2.500000000000002220, 0.05000000000000000278, 2.500000000000000888 ) ) ;
#1783 = EDGE_CURVE ( 'NONE', #4919, #826, #2954, .T. ) ;
#1784 = VERTEX_POINT ( 'NONE', #3417 ) ;
#1785 = PLANE ( 'NONE',  #69 ) ;
#1786 = PLANE ( 'NONE',  #5477 ) ;
#1787 = DIRECTION ( 'NONE',  ( 1.000000000000000000, -0.000000000000000000, -7.228014483236698528E-16 ) ) ;
#1788 = LINE ( 'NONE', #4832, #4288 ) ;
#1789 = AXIS2_PLACEMENT_3D ( 'NONE', #5371, #1256, #1278 ) ;
#1791 = ORIENTED_EDGE ( 'NONE', *, *, #5582, .T. ) ;
#1790 = AXIS2_PLACEMENT_3D ( 'NONE', #3028, #3543, #1947 ) ;
#1792 = CARTESIAN_POINT ( 'NONE',  ( -1.949999999999998623, 0.2000000000000002054, 0.5000000000000000000 ) ) ;
#1793 = CARTESIAN_POINT ( 'NONE',  ( 2.499999999999998668, 0.2000000000000002054, 1.449999999999999956 ) ) ;
#1794 = VERTEX_POINT ( 'NONE', #3363 ) ;
#1795 = EDGE_LOOP ( 'NONE', ( #5664, #4046, #2081, #4879 ) ) ;
#1796 = DIRECTION ( 'NONE',  ( 3.942553354492744024E-16, 0.000000000000000000, 1.000000000000000000 ) ) ;
#1797 = VECTOR ( 'NONE', #1345, 1000.000000000000000 ) ;
#1798 = DIRECTION ( 'NONE',  ( -0.000000000000000000, -1.000000000000000000, -0.000000000000000000 ) ) ;
#1799 = PRESENTATION_LAYER_ASSIGNMENT (  '', '', ( #861 ) ) ;
#1800 = EDGE_CURVE ( 'NONE', #2221, #5824, #2309, .T. ) ;
#1801 = CARTESIAN_POINT ( 'NONE',  ( -2.499999999999998668, 0.000000000000000000, -1.149999999999999911 ) ) ;
#1802 = VECTOR ( 'NONE', #396, 1000.000000000000000 ) ;
#1803 = VERTEX_POINT ( 'NONE', #2415 ) ;
#1804 = FACE_OUTER_BOUND ( 'NONE', #3564, .T. ) ;
#1805 = CARTESIAN_POINT ( 'NONE',  ( -0.4999999999999991673, 0.2000000000000000111, 1.949999999999999734 ) ) ;
#1806 = LINE ( 'NONE', #3129, #433 ) ;
#1807 = ORIENTED_EDGE ( 'NONE', *, *, #2344, .F. ) ;
#1808 = EDGE_LOOP ( 'NONE', ( #2767, #1330, #5875, #6067 ) ) ;
#1809 = DIRECTION ( 'NONE',  ( -1.000000000000000000, 0.000000000000000000, -0.000000000000000000 ) ) ;
#1810 = LINE ( 'NONE', #289, #2851 ) ;
#1811 = AXIS2_PLACEMENT_3D ( 'NONE', #3863, #5992, #2914 ) ;
#1812 = EDGE_CURVE ( 'NONE', #976, #1247, #4892, .T. ) ;
#1813 = VECTOR ( 'NONE', #620, 1000.000000000000000 ) ;
#1814 = VECTOR ( 'NONE', #1355, 1000.000000000000000 ) ;
#1815 = CARTESIAN_POINT ( 'NONE',  ( -1.409462824231156553E-15, 0.05000000000000000278, -1.950000000000000178 ) ) ;
#1816 = ORIENTED_EDGE ( 'NONE', *, *, #1644, .T. ) ;
#1817 = DIRECTION ( 'NONE',  ( 1.000000000000000000, 0.000000000000000000, 6.994852725712932707E-17 ) ) ;
#1818 = LINE ( 'NONE', #3973, #694 ) ;
#1819 = ADVANCED_FACE ( 'NONE', ( #2780 ), #4370, .T. ) ;
#1820 = ORIENTED_EDGE ( 'NONE', *, *, #247, .F. ) ;
#1821 = DIRECTION ( 'NONE',  ( -1.000000000000000000, 0.000000000000000000, 0.000000000000000000 ) ) ;
#1822 = EDGE_LOOP ( 'NONE', ( #1117, #2409, #2024, #6219 ) ) ;
#1823 = VECTOR ( 'NONE', #2805, 1000.000000000000000 ) ;
#1824 = VECTOR ( 'NONE', #2304, 1000.000000000000000 ) ;
#1825 = EDGE_LOOP ( 'NONE', ( #4951, #4558, #3189, #2977 ) ) ;
#1826 = ORIENTED_EDGE ( 'NONE', *, *, #1462, .F. ) ;
#1827 = LINE ( 'NONE', #4963, #5713 ) ;
#1828 = DIRECTION ( 'NONE',  ( 0.000000000000000000, -0.000000000000000000, 1.000000000000000000 ) ) ;
#1829 = ORIENTED_EDGE ( 'NONE', *, *, #480, .F. ) ;
#1830 = VECTOR ( 'NONE', #638, 1000.000000000000000 ) ;
#1831 = LINE ( 'NONE', #983, #6510 ) ;
#1832 = CARTESIAN_POINT ( 'NONE',  ( 1.450000000000000844, 0.2000000000000000111, 1.949999999999999734 ) ) ;
#1833 = EDGE_CURVE ( 'NONE', #4034, #3077, #5381, .T. ) ;
#1834 = EDGE_CURVE ( 'NONE', #131, #2047, #6276, .T. ) ;
#1835 = VECTOR ( 'NONE', #1327, 1000.000000000000000 ) ;
#1836 = PLANE ( 'NONE',  #4516 ) ;
#1837 = EDGE_LOOP ( 'NONE', ( #3975, #242, #6539, #92 ) ) ;
#1838 = VECTOR ( 'NONE', #3629, 1000.000000000000000 ) ;
#1839 = AXIS2_PLACEMENT_3D ( 'NONE', #5887, #726, #4350 ) ;
#1840 = DIRECTION ( 'NONE',  ( -1.000000000000000000, 0.000000000000000000, 0.000000000000000000 ) ) ;
#1841 = PLANE ( 'NONE',  #5565 ) ;
#1842 = DIRECTION ( 'NONE',  ( 0.000000000000000000, 0.000000000000000000, -1.000000000000000000 ) ) ;
#1843 = ORIENTED_EDGE ( 'NONE', *, *, #3755, .F. ) ;
#1844 = VECTOR ( 'NONE', #5562, 1000.000000000000000 ) ;
#1845 = SURFACE_STYLE_USAGE ( .BOTH. , #2333 ) ;
#1846 = CARTESIAN_POINT ( 'NONE',  ( 0.000000000000000000, 0.000000000000000000, 1.949999999999999956 ) ) ;
#1847 = EDGE_CURVE ( 'NONE', #3114, #6180, #5057, .T. ) ;
#1848 = CARTESIAN_POINT ( 'NONE',  ( 1.949999999999998623, 0.000000000000000000, -0.5000000000000000000 ) ) ;
#1849 = CARTESIAN_POINT ( 'NONE',  ( 0.000000000000000000, 0.05000000000000000278, -1.149999999999999911 ) ) ;
#1850 = PLANE ( 'NONE',  #2631 ) ;
#1851 = CARTESIAN_POINT ( 'NONE',  ( 1.150000000000000355, 0.8264982043070837614, -2.499999999999999112 ) ) ;
#1852 = MANIFOLD_SOLID_BREP ( 'Boss-Extrude2[1]', #2374 ) ;
#1853 = DIRECTION ( 'NONE',  ( 0.000000000000000000, 0.000000000000000000, -1.000000000000000000 ) ) ;
#1854 = ADVANCED_FACE ( 'NONE', ( #603 ), #3377, .T. ) ;
#1855 = VERTEX_POINT ( 'NONE', #354 ) ;
#1856 = DIRECTION ( 'NONE',  ( 0.000000000000000000, -0.000000000000000000, 1.000000000000000000 ) ) ;
#1857 = EDGE_CURVE ( 'NONE', #356, #3334, #4882, .T. ) ;
#1858 = EDGE_CURVE ( 'NONE', #4207, #4331, #1904, .T. ) ;
#1859 = ORIENTED_EDGE ( 'NONE', *, *, #4579, .F. ) ;
#1860 = VERTEX_POINT ( 'NONE', #5017 ) ;
#1861 = UNCERTAINTY_MEASURE_WITH_UNIT (LENGTH_MEASURE( 1.000000000000000082E-05 ), #2129, 'distance_accuracy_value', 'NONE');
#1862 = ORIENTED_EDGE ( 'NONE', *, *, #5738, .F. ) ;
#1863 = SURFACE_STYLE_USAGE ( .BOTH. , #1911 ) ;
#1864 = CARTESIAN_POINT ( 'NONE',  ( 1.150000000000000799, 0.000000000000000000, 1.949999999999999512 ) ) ;
#1865 = VERTEX_POINT ( 'NONE', #3468 ) ;
#1866 = CARTESIAN_POINT ( 'NONE',  ( 2.499999999999998668, 0.1999999999999999833, -1.149999999999999911 ) ) ;
#1867 = EDGE_CURVE ( 'NONE', #5367, #3678, #3506, .T. ) ;
#1868 = PLANE ( 'NONE',  #888 ) ;
#1869 = DIRECTION ( 'NONE',  ( 0.000000000000000000, 0.000000000000000000, -1.000000000000000000 ) ) ;
#1870 = CARTESIAN_POINT ( 'NONE',  ( -2.099999999999999645, 0.6999999999999999556, -2.100000000000000089 ) ) ;
#1871 = ORIENTED_EDGE ( 'NONE', *, *, #322, .T. ) ;
#1872 = ORIENTED_EDGE ( 'NONE', *, *, #5594, .T. ) ;
#1873 = ORIENTED_EDGE ( 'NONE', *, *, #1276, .T. ) ;
#1874 = DIRECTION ( 'NONE',  ( -1.000000000000000000, 0.000000000000000000, -0.000000000000000000 ) ) ;
#1875 = EDGE_CURVE ( 'NONE', #6522, #4440, #5933, .T. ) ;
#1876 = VECTOR ( 'NONE', #3700, 1000.000000000000000 ) ;
#1877 = CARTESIAN_POINT ( 'NONE',  ( 1.949999999999998623, 0.8264982043070834283, 0.7999999999999999334 ) ) ;
#1878 = DIRECTION ( 'NONE',  ( -0.000000000000000000, 0.000000000000000000, -1.000000000000000000 ) ) ;
#1879 = VERTEX_POINT ( 'NONE', #2430 ) ;
#1880 = AXIS2_PLACEMENT_3D ( 'NONE', #4258, #6285, #1600 ) ;
#1881 = ADVANCED_FACE ( 'NONE', ( #5372 ), #5197, .F. ) ;
#1882 = LINE ( 'NONE', #2406, #4789 ) ;
#1883 = ORIENTED_EDGE ( 'NONE', *, *, #4975, .F. ) ;
#1884 = LINE ( 'NONE', #802, #3891 ) ;
#1885 = CARTESIAN_POINT ( 'NONE',  ( 1.949999999999998623, 0.8264982043070834283, -1.449999999999999956 ) ) ;
#1886 = LINE ( 'NONE', #4887, #672 ) ;
#1887 = EDGE_LOOP ( 'NONE', ( #3036, #677, #454, #1608 ) ) ;
#1888 = ORIENTED_EDGE ( 'NONE', *, *, #76, .F. ) ;
#1889 = CARTESIAN_POINT ( 'NONE',  ( -1.199999999999999956, 4.584062043356594174, -1.549999999999999600 ) ) ;
#1890 = FACE_OUTER_BOUND ( 'NONE', #2395, .T. ) ;
#1891 = ORIENTED_EDGE ( 'NONE', *, *, #2836, .T. ) ;
#1892 = DIRECTION ( 'NONE',  ( -0.000000000000000000, -1.000000000000000000, -0.000000000000000000 ) ) ;
#1893 = FACE_OUTER_BOUND ( 'NONE', #1917, .T. ) ;
#1894 = DIRECTION ( 'NONE',  ( -0.7071067811865474617, 0.000000000000000000, 0.7071067811865474617 ) ) ;
#1895 = CARTESIAN_POINT ( 'NONE',  ( 1.949999999999998623, 0.1999999999999999833, 0.7999999999999999334 ) ) ;
#1896 = EDGE_CURVE ( 'NONE', #5179, #5302, #2062, .T. ) ;
#1897 = VECTOR ( 'NONE', #324, 1000.000000000000000 ) ;
#1898 = VERTEX_POINT ( 'NONE', #1531 ) ;
#1899 = DIRECTION ( 'NONE',  ( 0.000000000000000000, -1.000000000000000000, 0.000000000000000000 ) ) ;
#1900 = EDGE_LOOP ( 'NONE', ( #4685, #2964, #1080, #4293 ) ) ;
#1901 = CLOSED_SHELL ( 'NONE', ( #4186, #833, #5985, #393, #2630, #6393 ) ) ;
#1902 = FACE_OUTER_BOUND ( 'NONE', #5152, .T. ) ;
#1903 = DIRECTION ( 'NONE',  ( 0.000000000000000000, 0.000000000000000000, -1.000000000000000000 ) ) ;
#1904 = LINE ( 'NONE', #5035, #529 ) ;
#1905 = ORIENTED_EDGE ( 'NONE', *, *, #1273, .F. ) ;
#1906 = VECTOR ( 'NONE', #5549, 1000.000000000000000 ) ;
#1907 = DIRECTION ( 'NONE',  ( 0.000000000000000000, 0.000000000000000000, 1.000000000000000000 ) ) ;
#1908 = EDGE_CURVE ( 'NONE', #285, #331, #42, .T. ) ;
#1909 = ORIENTED_EDGE ( 'NONE', *, *, #1123, .F. ) ;
#1910 = LINE ( 'NONE', #1219, #3757 ) ;
#1911 = SURFACE_SIDE_STYLE ('',( #588 ) ) ;
#1912 = VECTOR ( 'NONE', #2906, 1000.000000000000000 ) ;
#1913 = ORIENTED_EDGE ( 'NONE', *, *, #4598, .F. ) ;
#1914 = VERTEX_POINT ( 'NONE', #5095 ) ;
#1915 = DIRECTION ( 'NONE',  ( 0.000000000000000000, 0.000000000000000000, 1.000000000000000000 ) ) ;
#1916 = CARTESIAN_POINT ( 'NONE',  ( -2.499999999999998668, 0.2000000000000002054, 1.449999999999999956 ) ) ;
#1917 = EDGE_LOOP ( 'NONE', ( #703, #311, #5941, #4583 ) ) ;
#1918 = VECTOR ( 'NONE', #556, 1000.000000000000000 ) ;
#1919 = VECTOR ( 'NONE', #2612, 1000.000000000000000 ) ;
#1920 = DIRECTION ( 'NONE',  ( 0.000000000000000000, 0.000000000000000000, 1.000000000000000000 ) ) ;
#1921 = CARTESIAN_POINT ( 'NONE',  ( 0.8000000000000008216, 0.8264982043070837614, 1.949999999999999734 ) ) ;
#1922 = DIRECTION ( 'NONE',  ( -0.000000000000000000, -0.000000000000000000, 1.000000000000000000 ) ) ;
#1923 = ORIENTED_EDGE ( 'NONE', *, *, #4430, .F. ) ;
#1924 = ADVANCED_FACE ( 'NONE', ( #3594 ), #4065, .F. ) ;
#1925 = LINE ( 'NONE', #871, #548 ) ;
#1926 = CARTESIAN_POINT ( 'NONE',  ( -0.1499999999999995226, 0.8264982043070837614, -2.499999999999999112 ) ) ;
#1927 = AXIS2_PLACEMENT_3D ( 'NONE', #4417, #6484, #4511 ) ;
#1928 = CARTESIAN_POINT ( 'NONE',  ( -1.149999999999999023, 0.1999999999999999833, 1.949999999999999734 ) ) ;
#1929 = CARTESIAN_POINT ( 'NONE',  ( -0.4999999999999991673, 0.2000000000000000111, 1.949999999999999734 ) ) ;
#1930 = CARTESIAN_POINT ( 'NONE',  ( 1.450000000000001066, 0.1999999999999999833, 2.499999999999999556 ) ) ;
#1931 = ORIENTED_EDGE ( 'NONE', *, *, #905, .T. ) ;
#1932 = CARTESIAN_POINT ( 'NONE',  ( 1.549999999999999600, 0.1999999999999996503, 1.550000000000000488 ) ) ;
#1933 = AXIS2_PLACEMENT_3D ( 'NONE', #4064, #984, #3091 ) ;
#1934 = EDGE_CURVE ( 'NONE', #2029, #1690, #5536, .T. ) ;
#1935 = ORIENTED_EDGE ( 'NONE', *, *, #5245, .F. ) ;
#1936 = DIRECTION ( 'NONE',  ( -7.228014483236697541E-16, 0.000000000000000000, -1.000000000000000000 ) ) ;
#1937 = CARTESIAN_POINT ( 'NONE',  ( -2.099999999999999645, 0.8000000000000000444, -2.299999999999999378 ) ) ;
#1938 = DIRECTION ( 'NONE',  ( 1.000000000000000000, 0.000000000000000000, 0.000000000000000000 ) ) ;
#1939 = DIRECTION ( 'NONE',  ( -7.228014483236697541E-16, 0.000000000000000000, 1.000000000000000000 ) ) ;
#1940 = VERTEX_POINT ( 'NONE', #913 ) ;
#1941 = ORIENTED_EDGE ( 'NONE', *, *, #1381, .T. ) ;
#1942 = VERTEX_POINT ( 'NONE', #2035 ) ;
#1943 = DIRECTION ( 'NONE',  ( 1.000000000000000000, -0.000000000000000000, 0.000000000000000000 ) ) ;
#1944 = EDGE_CURVE ( 'NONE', #4283, #2195, #689, .T. ) ;
#1945 = DIRECTION ( 'NONE',  ( 1.000000000000000000, -0.000000000000000000, -7.228014483236698528E-16 ) ) ;
#1946 = CARTESIAN_POINT ( 'NONE',  ( -0.7999999999999990452, 0.2000000000000000111, 1.949999999999999512 ) ) ;
#1947 = DIRECTION ( 'NONE',  ( 0.000000000000000000, -0.000000000000000000, -1.000000000000000000 ) ) ;
#1948 = PLANE ( 'NONE',  #1036 ) ;
#1949 = DIRECTION ( 'NONE',  ( 1.000000000000000000, -0.000000000000000000, 0.000000000000000000 ) ) ;
#1950 = ADVANCED_FACE ( 'NONE', ( #4647 ), #1974, .T. ) ;
#1951 = PLANE ( 'NONE',  #6361 ) ;
#1952 = CARTESIAN_POINT ( 'NONE',  ( -1.199999999999999956, 0.1999999999999996503, -1.549999999999999600 ) ) ;
#1953 = ORIENTED_EDGE ( 'NONE', *, *, #391, .T. ) ;
#1954 = VERTEX_POINT ( 'NONE', #3071 ) ;
#1955 = CARTESIAN_POINT ( 'NONE',  ( -2.499999999999998668, 0.1999999999999999833, 1.449999999999999956 ) ) ;
#1956 = EDGE_CURVE ( 'NONE', #2348, #419, #6575, .T. ) ;
#1957 = EDGE_CURVE ( 'NONE', #1302, #4697, #5856, .T. ) ;
#1958 = DIRECTION ( 'NONE',  ( 0.000000000000000000, 0.000000000000000000, -1.000000000000000000 ) ) ;
#1959 = DIRECTION ( 'NONE',  ( 0.000000000000000000, -1.000000000000000000, 0.000000000000000000 ) ) ;
#1960 = DIRECTION ( 'NONE',  ( 1.000000000000000000, -0.000000000000000000, 0.000000000000000000 ) ) ;
#1961 = EDGE_LOOP ( 'NONE', ( #1020, #1166, #4310, #4410 ) ) ;
#1962 = ORIENTED_EDGE ( 'NONE', *, *, #203, .F. ) ;
#1963 = FACE_OUTER_BOUND ( 'NONE', #4453, .T. ) ;
#1964 = CARTESIAN_POINT ( 'NONE',  ( -2.499999999999998668, 0.000000000000000000, 0.5000000000000000000 ) ) ;
#1965 = CARTESIAN_POINT ( 'NONE',  ( 0.1500000000000008271, 0.8264982043070837614, 1.949999999999999734 ) ) ;
#1966 = VECTOR ( 'NONE', #2271, 1000.000000000000000 ) ;
#1967 = ORIENTED_EDGE ( 'NONE', *, *, #6642, .F. ) ;
#1968 = LINE ( 'NONE', #4973, #925 ) ;
#1969 = PLANE ( 'NONE',  #5957 ) ;
#1970 = LINE ( 'NONE', #6298, #6414 ) ;
#1971 = ORIENTED_EDGE ( 'NONE', *, *, #2646, .T. ) ;
#1972 =( LENGTH_UNIT ( ) NAMED_UNIT ( * ) SI_UNIT ( .MILLI., .METRE. ) );
#1973 = AXIS2_PLACEMENT_3D ( 'NONE', #6511, #1878, #1365 ) ;
#1974 = PLANE ( 'NONE',  #5420 ) ;
#1975 = AXIS2_PLACEMENT_3D ( 'NONE', #1354, #3779, #3262 ) ;
#1976 = EDGE_CURVE ( 'NONE', #5129, #5648, #2460, .T. ) ;
#1977 = VERTEX_POINT ( 'NONE', #4041 ) ;
#1978 = CARTESIAN_POINT ( 'NONE',  ( 0.1500000000000003830, 0.1999999999999999833, -1.949999999999999289 ) ) ;
#1979 = VECTOR ( 'NONE', #4031, 1000.000000000000000 ) ;
#1980 = DIRECTION ( 'NONE',  ( 0.000000000000000000, -0.000000000000000000, -1.000000000000000000 ) ) ;
#1981 = LINE ( 'NONE', #3444, #1814 ) ;
#1982 = ORIENTED_EDGE ( 'NONE', *, *, #2212, .T. ) ;
#1983 = FACE_OUTER_BOUND ( 'NONE', #5947, .T. ) ;
#1984 = ORIENTED_EDGE ( 'NONE', *, *, #1834, .F. ) ;
#1985 = CARTESIAN_POINT ( 'NONE',  ( 1.949999999999998623, 0.1999999999999999833, -0.1499999999999999667 ) ) ;
#1986 = DIRECTION ( 'NONE',  ( 1.000000000000000000, -0.000000000000000000, 0.000000000000000000 ) ) ;
#1987 = ORIENTED_EDGE ( 'NONE', *, *, #330, .T. ) ;
#1988 = VECTOR ( 'NONE', #770, 1000.000000000000000 ) ;
#1989 = EDGE_CURVE ( 'NONE', #103, #3243, #1095, .T. ) ;
#1990 = LINE ( 'NONE', #4262, #1824 ) ;
#1991 = ORIENTED_EDGE ( 'NONE', *, *, #6620, .T. ) ;
#1992 = ADVANCED_FACE ( 'NONE', ( #1022 ), #6635, .T. ) ;
#1993 = ORIENTED_EDGE ( 'NONE', *, *, #2814, .T. ) ;
#1994 = PLANE ( 'NONE',  #4346 ) ;
#1995 = VERTEX_POINT ( 'NONE', #2532 ) ;
#1996 = COLOUR_RGB ( '',0.7921568627450980005, 0.8196078431372548767, 0.9333333333333333481 ) ;
#1997 = VECTOR ( 'NONE', #4240, 1000.000000000000000 ) ;
#1998 = DIRECTION ( 'NONE',  ( 0.000000000000000000, 0.000000000000000000, 1.000000000000000000 ) ) ;
#1999 = LINE ( 'NONE', #351, #1835 ) ;
#2000 = ADVANCED_FACE ( 'NONE', ( #933 ), #1458, .T. ) ;
#2001 =( NAMED_UNIT ( * ) SI_UNIT ( $, .STERADIAN. ) SOLID_ANGLE_UNIT ( ) );
#2002 = EDGE_LOOP ( 'NONE', ( #4190, #6416, #15, #1455 ) ) ;
#2003 = DIRECTION ( 'NONE',  ( 0.000000000000000000, -0.000000000000000000, 1.000000000000000000 ) ) ;
#2004 = LINE ( 'NONE', #6467, #2965 ) ;
#2005 = DIRECTION ( 'NONE',  ( 1.445602896647339508E-15, 0.000000000000000000, -1.000000000000000000 ) ) ;
#2006 = VECTOR ( 'NONE', #2421, 1000.000000000000000 ) ;
#2007 = CARTESIAN_POINT ( 'NONE',  ( 2.500000000000002220, 0.05000000000000000278, 2.500000000000000888 ) ) ;
#2008 = EDGE_CURVE ( 'NONE', #1033, #6235, #771, .T. ) ;
#2009 =( NAMED_UNIT ( * ) PLANE_ANGLE_UNIT ( ) SI_UNIT ( $, .RADIAN. ) );
#2010 = VERTEX_POINT ( 'NONE', #5564 ) ;
#2011 = CARTESIAN_POINT ( 'NONE',  ( -1.949999999999998623, 0.8264982043070834283, -1.449999999999999956 ) ) ;
#2012 = VECTOR ( 'NONE', #5246, 1000.000000000000000 ) ;
#2013 = CARTESIAN_POINT ( 'NONE',  ( 1.150000000000000355, 0.2000000000000000111, -1.949999999999999067 ) ) ;
#2014 = EDGE_CURVE ( 'NONE', #3898, #1061, #4561, .T. ) ;
#2015 = AXIS2_PLACEMENT_3D ( 'NONE', #3976, #1936, #5553 ) ;
#2016 = ORIENTED_EDGE ( 'NONE', *, *, #3183, .F. ) ;
#2017 = CARTESIAN_POINT ( 'NONE',  ( 0.000000000000000000, 0.05000000000000000278, -0.5000000000000000000 ) ) ;
#2018 = DIRECTION ( 'NONE',  ( 1.000000000000000000, 0.000000000000000000, 0.000000000000000000 ) ) ;
#2019 = ORIENTED_EDGE ( 'NONE', *, *, #2174, .T. ) ;
#2020 = ORIENTED_EDGE ( 'NONE', *, *, #5220, .T. ) ;
#2021 =( NAMED_UNIT ( * ) PLANE_ANGLE_UNIT ( ) SI_UNIT ( $, .RADIAN. ) );
#2023 = DIRECTION ( 'NONE',  ( -0.000000000000000000, -1.000000000000000000, -0.000000000000000000 ) ) ;
#2022 = DIRECTION ( 'NONE',  ( -1.000000000000000000, 0.000000000000000000, 0.000000000000000000 ) ) ;
#2024 = ORIENTED_EDGE ( 'NONE', *, *, #1812, .T. ) ;
#2025 = EDGE_CURVE ( 'NONE', #5586, #3882, #1416, .T. ) ;
#2026 = CARTESIAN_POINT ( 'NONE',  ( -1.949999999999998623, 0.8264982043070834283, 0.1499999999999999667 ) ) ;
#2027 = ADVANCED_FACE ( 'NONE', ( #4723 ), #93, .F. ) ;
#2028 = EDGE_CURVE ( 'NONE', #2150, #3197, #3987, .T. ) ;
#2029 = VERTEX_POINT ( 'NONE', #2642 ) ;
#2030 = DIRECTION ( 'NONE',  ( 0.000000000000000000, 0.000000000000000000, -1.000000000000000000 ) ) ;
#2031 = SURFACE_SIDE_STYLE ('',( #5305 ) ) ;
#2032 = DIRECTION ( 'NONE',  ( 1.000000000000000000, 0.000000000000000000, -0.000000000000000000 ) ) ;
#2033 = DIRECTION ( 'NONE',  ( 0.000000000000000000, -0.000000000000000000, -1.000000000000000000 ) ) ;
#2034 = ORIENTED_EDGE ( 'NONE', *, *, #6595, .T. ) ;
#2035 = CARTESIAN_POINT ( 'NONE',  ( 2.499999999999998668, 0.2000000000000002054, -1.149999999999999911 ) ) ;
#2036 = LINE ( 'NONE', #623, #3568 ) ;
#2037 = VERTEX_POINT ( 'NONE', #942 ) ;
#2038 = DIRECTION ( 'NONE',  ( 0.000000000000000000, 0.000000000000000000, 1.000000000000000000 ) ) ;
#2040 = DIRECTION ( 'NONE',  ( -1.000000000000000000, 0.000000000000000000, -7.228014483236698528E-16 ) ) ;
#2039 = DIRECTION ( 'NONE',  ( 0.000000000000000000, -1.000000000000000000, 0.000000000000000000 ) ) ;
#2041 = CARTESIAN_POINT ( 'NONE',  ( 1.450000000000000844, 0.000000000000000000, 1.949999999999999734 ) ) ;
#2042 = CARTESIAN_POINT ( 'NONE',  ( 2.499999999999998668, 0.1999999999999999833, 0.1499999999999999667 ) ) ;
#2043 = LINE ( 'NONE', #3385, #2677 ) ;
#2044 = ORIENTED_EDGE ( 'NONE', *, *, #1483, .F. ) ;
#2045 = PRESENTATION_STYLE_ASSIGNMENT (( #3949 ) ) ;
#2046 = ORIENTED_EDGE ( 'NONE', *, *, #5929, .T. ) ;
#2047 = VERTEX_POINT ( 'NONE', #1097 ) ;
#2048 =( GEOMETRIC_REPRESENTATION_CONTEXT ( 3 ) GLOBAL_UNCERTAINTY_ASSIGNED_CONTEXT ( ( #6651 ) ) GLOBAL_UNIT_ASSIGNED_CONTEXT ( ( #2401, #5989, #1384 ) ) REPRESENTATION_CONTEXT ( 'NONE', 'WORKASPACE' ) );
#2049 = VECTOR ( 'NONE', #853, 1000.000000000000000 ) ;
#2050 = EDGE_LOOP ( 'NONE', ( #5886, #640, #319, #3354 ) ) ;
#2051 = FACE_OUTER_BOUND ( 'NONE', #2924, .T. ) ;
#2052 = FACE_OUTER_BOUND ( 'NONE', #2334, .T. ) ;
#2053 = VERTEX_POINT ( 'NONE', #3154 ) ;
#2054 = FACE_OUTER_BOUND ( 'NONE', #2065, .T. ) ;
#2055 = ORIENTED_EDGE ( 'NONE', *, *, #2970, .T. ) ;
#2056 = CARTESIAN_POINT ( 'NONE',  ( 1.949999999999998623, 0.8264982043070834283, 0.7999999999999999334 ) ) ;
#2057 = DIRECTION ( 'NONE',  ( 0.000000000000000000, 1.000000000000000000, 0.000000000000000000 ) ) ;
#2058 = ADVANCED_FACE ( 'NONE', ( #6269 ), #2091, .T. ) ;
#2059 = EDGE_LOOP ( 'NONE', ( #6032, #1417, #6569, #558 ) ) ;
#2060 = FACE_OUTER_BOUND ( 'NONE', #1170, .T. ) ;
#2061 = CARTESIAN_POINT ( 'NONE',  ( 0.1500000000000008271, 0.2000000000000000111, 1.949999999999999734 ) ) ;
#2062 = LINE ( 'NONE', #436, #4481 ) ;
#2063 = PLANE ( 'NONE',  #4213 ) ;
#2064 = PRESENTATION_LAYER_ASSIGNMENT (  '', '', ( #1369 ) ) ;
#2065 = EDGE_LOOP ( 'NONE', ( #3705, #6202, #1228, #3241 ) ) ;
#2066 = EDGE_CURVE ( 'NONE', #2695, #4207, #3342, .T. ) ;
#2067 = ORIENTED_EDGE ( 'NONE', *, *, #4351, .T. ) ;
#2068 = VECTOR ( 'NONE', #1414, 1000.000000000000000 ) ;
#2069 = CARTESIAN_POINT ( 'NONE',  ( 0.1500000000000008271, 0.2000000000000000111, 1.949999999999999734 ) ) ;
#2071 = DIRECTION ( 'NONE',  ( -1.000000000000000000, 0.000000000000000000, -0.000000000000000000 ) ) ;
#2070 = CARTESIAN_POINT ( 'NONE',  ( 2.499999999999998668, 0.2000000000000002054, 0.7999999999999999334 ) ) ;
#2072 = ORIENTED_EDGE ( 'NONE', *, *, #4499, .T. ) ;
#2073 = LINE ( 'NONE', #1772, #4411 ) ;
#2074 = LINE ( 'NONE', #567, #621 ) ;
#2075 = DIRECTION ( 'NONE',  ( 0.000000000000000000, -1.000000000000000000, 0.000000000000000000 ) ) ;
#2076 = ORIENTED_EDGE ( 'NONE', *, *, #6675, .F. ) ;
#2077 = DIRECTION ( 'NONE',  ( 0.000000000000000000, 0.000000000000000000, -1.000000000000000000 ) ) ;
#2078 = VECTOR ( 'NONE', #2922, 1000.000000000000000 ) ;
#2079 = AXIS2_PLACEMENT_3D ( 'NONE', #5981, #3853, #5436 ) ;
#2080 = EDGE_CURVE ( 'NONE', #1784, #1179, #1245, .T. ) ;
#2081 = ORIENTED_EDGE ( 'NONE', *, *, #4266, .T. ) ;
#2082 = LINE ( 'NONE', #1889, #4096 ) ;
#2083 = VECTOR ( 'NONE', #3115, 1000.000000000000000 ) ;
#2084 = ORIENTED_EDGE ( 'NONE', *, *, #5083, .T. ) ;
#2085 = LINE ( 'NONE', #170, #3449 ) ;
#2086 = DIRECTION ( 'NONE',  ( 0.000000000000000000, -1.000000000000000000, 0.000000000000000000 ) ) ;
#2087 = VECTOR ( 'NONE', #1499, 1000.000000000000000 ) ;
#2088 = CARTESIAN_POINT ( 'NONE',  ( 2.499999999999998668, 0.04999999999999991257, -1.149999999999999911 ) ) ;
#2089 = CARTESIAN_POINT ( 'NONE',  ( 2.500000000000002220, 0.05000000000000000278, 2.500000000000000888 ) ) ;
#2090 = CARTESIAN_POINT ( 'NONE',  ( -2.499999999999997780, 0.05000000000000000278, 2.500000000000001332 ) ) ;
#2091 = PLANE ( 'NONE',  #804 ) ;
#2092 = ADVANCED_FACE ( 'NONE', ( #6503 ), #3633, .F. ) ;
#2093 = VERTEX_POINT ( 'NONE', #6294 ) ;
#2094 = LINE ( 'NONE', #3651, #6138 ) ;
#2095 = EDGE_CURVE ( 'NONE', #193, #5174, #3586, .T. ) ;
#2097 = DIRECTION ( 'NONE',  ( 0.000000000000000000, 0.000000000000000000, -1.000000000000000000 ) ) ;
#2096 = FILL_AREA_STYLE_COLOUR ( '', #5827 ) ;
#2098 = CARTESIAN_POINT ( 'NONE',  ( -0.4999999999999991673, 0.1999999999999999833, 1.949999999999999734 ) ) ;
#2099 = CARTESIAN_POINT ( 'NONE',  ( -1.949999999999998623, 0.8264982043070834283, 1.149999999999999911 ) ) ;
#2100 = ADVANCED_FACE ( 'NONE', ( #3747 ), #5249, .T. ) ;
#2101 = ORIENTED_EDGE ( 'NONE', *, *, #1800, .T. ) ;
#2102 = ORIENTED_EDGE ( 'NONE', *, *, #4841, .F. ) ;
#2103 = ORIENTED_EDGE ( 'NONE', *, *, #6350, .T. ) ;
#2104 = STYLED_ITEM ( 'NONE', ( #6089 ), #5248 ) ;
#2105 = ORIENTED_EDGE ( 'NONE', *, *, #5118, .T. ) ;
#2106 = CARTESIAN_POINT ( 'NONE',  ( 1.949999999999998623, 0.1999999999999999833, -0.5000000000000000000 ) ) ;
#2107 = ORIENTED_EDGE ( 'NONE', *, *, #2095, .F. ) ;
#2108 = CARTESIAN_POINT ( 'NONE',  ( 1.949999999999998623, 0.8264982043070834283, -0.5000000000000000000 ) ) ;
#2109 = CARTESIAN_POINT ( 'NONE',  ( 0.1500000000000010492, 0.1999999999999999833, 2.499999999999999556 ) ) ;
#2110 = CARTESIAN_POINT ( 'NONE',  ( -0.4999999999999991673, 0.2000000000000000111, 1.949999999999999734 ) ) ;
#2112 = DIRECTION ( 'NONE',  ( -0.000000000000000000, -1.000000000000000000, -0.000000000000000000 ) ) ;
#2111 = CARTESIAN_POINT ( 'NONE',  ( 1.949999999999998623, 0.05000000000000023870, 1.449999999999999956 ) ) ;
#2113 = CARTESIAN_POINT ( 'NONE',  ( 2.500000000000002220, 0.05000000000000000278, -2.499999999999999112 ) ) ;
#2114 = DIRECTION ( 'NONE',  ( 0.000000000000000000, -1.000000000000000000, 0.000000000000000000 ) ) ;
#2115 = VERTEX_POINT ( 'NONE', #591 ) ;
#2116 = LINE ( 'NONE', #4772, #1389 ) ;
#2117 = VERTEX_POINT ( 'NONE', #502 ) ;
#2118 = LINE ( 'NONE', #467, #6326 ) ;
#2119 = CARTESIAN_POINT ( 'NONE',  ( -1.949999999999998623, 0.8264982043070834283, 0.5000000000000000000 ) ) ;
#2120 = ORIENTED_EDGE ( 'NONE', *, *, #6069, .F. ) ;
#2121 = CARTESIAN_POINT ( 'NONE',  ( 2.500000000000002220, 0.8000000000000003775, -2.499999999999999112 ) ) ;
#2122 = LINE ( 'NONE', #6330, #1079 ) ;
#2123 = DIRECTION ( 'NONE',  ( 1.000000000000000000, -0.000000000000000000, 0.000000000000000000 ) ) ;
#2124 = EDGE_LOOP ( 'NONE', ( #1635, #5852, #4155, #6696 ) ) ;
#2125 = ADVANCED_FACE ( 'NONE', ( #2608 ), #5756, .F. ) ;
#2126 = LINE ( 'NONE', #4314, #184 ) ;
#2127 = EDGE_CURVE ( 'NONE', #2464, #794, #4305, .T. ) ;
#2128 = CARTESIAN_POINT ( 'NONE',  ( -2.099999999999999645, 0.8000000000000000444, -2.299999999999999378 ) ) ;
#2129 =( LENGTH_UNIT ( ) NAMED_UNIT ( * ) SI_UNIT ( .MILLI., .METRE. ) );
#2130 = DIRECTION ( 'NONE',  ( 0.000000000000000000, -0.000000000000000000, 1.000000000000000000 ) ) ;
#2131 = FACE_OUTER_BOUND ( 'NONE', #4309, .T. ) ;
#2132 = CARTESIAN_POINT ( 'NONE',  ( -0.7999999999999994893, 0.000000000000000000, -2.499999999999999112 ) ) ;
#2133 = VERTEX_POINT ( 'NONE', #4195 ) ;
#2134 = ORIENTED_EDGE ( 'NONE', *, *, #2661, .F. ) ;
#2135 = ORIENTED_EDGE ( 'NONE', *, *, #3502, .T. ) ;
#2136 = PLANE ( 'NONE',  #2781 ) ;
#2137 = CARTESIAN_POINT ( 'NONE',  ( -1.949999999999998623, 0.000000000000000000, 0.7999999999999999334 ) ) ;
#2138 = PRESENTATION_STYLE_ASSIGNMENT (( #2883 ) ) ;
#2139 = EDGE_CURVE ( 'NONE', #384, #5648, #3980, .T. ) ;
#2140 = VECTOR ( 'NONE', #1949, 1000.000000000000000 ) ;
#2141 = MANIFOLD_SOLID_BREP ( 'LPattern4[3]', #6500 ) ;
#2142 = DIRECTION ( 'NONE',  ( 0.000000000000000000, -0.000000000000000000, -1.000000000000000000 ) ) ;
#2143 = LINE ( 'NONE', #6194, #2540 ) ;
#2144 = EDGE_LOOP ( 'NONE', ( #2701, #4072 ) ) ;
#2145 = LINE ( 'NONE', #6121, #776 ) ;
#2146 = AXIS2_PLACEMENT_3D ( 'NONE', #3230, #685, #147 ) ;
#2147 = EDGE_LOOP ( 'NONE', ( #3211, #4811, #4545, #216 ) ) ;
#2148 = VECTOR ( 'NONE', #1701, 1000.000000000000000 ) ;
#2149 = VECTOR ( 'NONE', #2827, 1000.000000000000000 ) ;
#2150 = VERTEX_POINT ( 'NONE', #2110 ) ;
#2151 = EDGE_LOOP ( 'NONE', ( #1883, #1280, #437, #62 ) ) ;
#2152 = VECTOR ( 'NONE', #5571, 1000.000000000000000 ) ;
#2153 = UNCERTAINTY_MEASURE_WITH_UNIT (LENGTH_MEASURE( 1.000000000000000082E-05 ), #3760, 'distance_accuracy_value', 'NONE');
#2154 = DIRECTION ( 'NONE',  ( -7.228014483236697541E-16, 0.000000000000000000, -1.000000000000000000 ) ) ;
#2155 = ORIENTED_EDGE ( 'NONE', *, *, #5227, .T. ) ;
#2156 = SURFACE_STYLE_USAGE ( .BOTH. , #1184 ) ;
#2157 = LINE ( 'NONE', #4855, #3360 ) ;
#2158 =( GEOMETRIC_REPRESENTATION_CONTEXT ( 3 ) GLOBAL_UNCERTAINTY_ASSIGNED_CONTEXT ( ( #1861 ) ) GLOBAL_UNIT_ASSIGNED_CONTEXT ( ( #2129, #6307, #3679 ) ) REPRESENTATION_CONTEXT ( 'NONE', 'WORKASPACE' ) );
#2159 = DIRECTION ( 'NONE',  ( -7.228014483236699514E-16, 0.000000000000000000, -1.000000000000000000 ) ) ;
#2160 = EDGE_CURVE ( 'NONE', #5251, #5293, #4395, .T. ) ;
#2161 = VECTOR ( 'NONE', #5665, 1000.000000000000000 ) ;
#2162 = CARTESIAN_POINT ( 'NONE',  ( -1.949999999999998623, 0.1999999999999999833, 0.1499999999999999667 ) ) ;
#2163 = ORIENTED_EDGE ( 'NONE', *, *, #2706, .F. ) ;
#2164 = VECTOR ( 'NONE', #3528, 1000.000000000000000 ) ;
#2165 = DIRECTION ( 'NONE',  ( 0.000000000000000000, 0.000000000000000000, 1.000000000000000000 ) ) ;
#2166 = ADVANCED_FACE ( 'NONE', ( #3019 ), #59, .F. ) ;
#2167 = EDGE_CURVE ( 'NONE', #5332, #5453, #6655, .T. ) ;
#2168 = FACE_OUTER_BOUND ( 'NONE', #6338, .T. ) ;
#2169 = CARTESIAN_POINT ( 'NONE',  ( -1.149999999999999467, 0.2000000000000000111, -1.949999999999999289 ) ) ;
#2170 = DIRECTION ( 'NONE',  ( 0.000000000000000000, -1.000000000000000000, 0.000000000000000000 ) ) ;
#2171 = DIRECTION ( 'NONE',  ( 1.000000000000000000, -0.000000000000000000, 1.445602896647339706E-15 ) ) ;
#2172 = CARTESIAN_POINT ( 'NONE',  ( -2.499999999999998668, 0.8264982043070834283, 1.149999999999999911 ) ) ;
#2173 = DIRECTION ( 'NONE',  ( -1.000000000000000000, 0.000000000000000000, 0.000000000000000000 ) ) ;
#2174 = EDGE_CURVE ( 'NONE', #752, #963, #4472, .T. ) ;
#2175 = EDGE_CURVE ( 'NONE', #2736, #1209, #2687, .T. ) ;
#2176 = SURFACE_STYLE_USAGE ( .BOTH. , #3791 ) ;
#2177 = ORIENTED_EDGE ( 'NONE', *, *, #6063, .T. ) ;
#2178 = VERTEX_POINT ( 'NONE', #144 ) ;
#2179 = DIRECTION ( 'NONE',  ( 0.000000000000000000, 0.000000000000000000, -1.000000000000000000 ) ) ;
#2180 = CARTESIAN_POINT ( 'NONE',  ( -1.449999999999999067, 0.2000000000000000111, 1.949999999999999512 ) ) ;
#2181 = ORIENTED_EDGE ( 'NONE', *, *, #2320, .T. ) ;
#2182 = AXIS2_PLACEMENT_3D ( 'NONE', #6356, #3806, #1781 ) ;
#2183 = ORIENTED_EDGE ( 'NONE', *, *, #4589, .F. ) ;
#2184 = DIRECTION ( 'NONE',  ( -7.228014483236699514E-16, 0.000000000000000000, -1.000000000000000000 ) ) ;
#2185 = DIRECTION ( 'NONE',  ( 0.000000000000000000, 0.000000000000000000, -1.000000000000000000 ) ) ;
#2186 = EDGE_CURVE ( 'NONE', #3785, #2117, #6339, .T. ) ;
#2187 = CARTESIAN_POINT ( 'NONE',  ( 2.600000000000000089, 0.2000000000000000111, 0.000000000000000000 ) ) ;
#2188 = ADVANCED_FACE ( 'NONE', ( #3100 ), #5352, .F. ) ;
#2189 = CARTESIAN_POINT ( 'NONE',  ( -1.949999999999998623, 0.8264982043070834283, 1.149999999999999911 ) ) ;
#2190 = VECTOR ( 'NONE', #1777, 1000.000000000000000 ) ;
#2191 = ORIENTED_EDGE ( 'NONE', *, *, #5104, .F. ) ;
#2192 = CARTESIAN_POINT ( 'NONE',  ( 0.1500000000000008271, 0.2000000000000005107, 2.500000000000000888 ) ) ;
#2193 = EDGE_CURVE ( 'NONE', #3911, #711, #4146, .T. ) ;
#2194 = EDGE_CURVE ( 'NONE', #1977, #6260, #4962, .T. ) ;
#2195 = VERTEX_POINT ( 'NONE', #5286 ) ;
#2196 = CARTESIAN_POINT ( 'NONE',  ( 0.000000000000000000, 0.8000000000000000444, 0.000000000000000000 ) ) ;
#2197 = CARTESIAN_POINT ( 'NONE',  ( 0.5000000000000008882, 0.8264982043070837614, 1.949999999999999512 ) ) ;
#2198 = ORIENTED_EDGE ( 'NONE', *, *, #6161, .F. ) ;
#2199 = VECTOR ( 'NONE', #2872, 1000.000000000000000 ) ;
#2200 = CIRCLE ( 'NONE', #6093, 0.1999999999999998723 ) ;
#2201 = DIRECTION ( 'NONE',  ( -0.000000000000000000, 0.000000000000000000, -1.000000000000000000 ) ) ;
#2202 = CARTESIAN_POINT ( 'NONE',  ( 0.000000000000000000, 0.2000000000000000111, 0.000000000000000000 ) ) ;
#2203 = LINE ( 'NONE', #5637, #3726 ) ;
#2204 = ORIENTED_EDGE ( 'NONE', *, *, #3332, .T. ) ;
#2205 = VECTOR ( 'NONE', #5001, 1000.000000000000000 ) ;
#2206 = FACE_OUTER_BOUND ( 'NONE', #1764, .T. ) ;
#2207 = DIRECTION ( 'NONE',  ( -3.942553354492744024E-16, -0.000000000000000000, -1.000000000000000000 ) ) ;
#2209 = ORIENTED_EDGE ( 'NONE', *, *, #6291, .T. ) ;
#2208 = DIRECTION ( 'NONE',  ( 0.000000000000000000, 0.000000000000000000, -1.000000000000000000 ) ) ;
#2210 = EDGE_LOOP ( 'NONE', ( #5290, #5349, #5276, #5346 ) ) ;
#2211 = DIRECTION ( 'NONE',  ( 0.000000000000000000, -1.000000000000000000, 0.000000000000000000 ) ) ;
#2212 = EDGE_CURVE ( 'NONE', #4471, #2336, #194, .T. ) ;
#2213 = VECTOR ( 'NONE', #4912, 1000.000000000000000 ) ;
#2214 = VERTEX_POINT ( 'NONE', #6378 ) ;
#2215 = VECTOR ( 'NONE', #3716, 1000.000000000000000 ) ;
#2216 = DIRECTION ( 'NONE',  ( 0.000000000000000000, 0.000000000000000000, 1.000000000000000000 ) ) ;
#2217 = FACE_OUTER_BOUND ( 'NONE', #2050, .T. ) ;
#2218 = ORIENTED_EDGE ( 'NONE', *, *, #4897, .T. ) ;
#2219 = ORIENTED_EDGE ( 'NONE', *, *, #5949, .F. ) ;
#2220 = DIRECTION ( 'NONE',  ( -3.942553354492745010E-16, 0.000000000000000000, -1.000000000000000000 ) ) ;
#2221 = VERTEX_POINT ( 'NONE', #3701 ) ;
#2222 = FACE_OUTER_BOUND ( 'NONE', #3801, .T. ) ;
#2223 = PLANE ( 'NONE',  #889 ) ;
#2224 = VECTOR ( 'NONE', #6100, 1000.000000000000000 ) ;
#2225 = CARTESIAN_POINT ( 'NONE',  ( -2.499999999999998668, 0.000000000000000000, -1.449999999999999956 ) ) ;
#2226 = EDGE_LOOP ( 'NONE', ( #4301, #2708, #1187, #5703 ) ) ;
#2227 = CARTESIAN_POINT ( 'NONE',  ( -2.499999999999998668, 0.1999999999999999833, 1.449999999999999956 ) ) ;
#2228 = VECTOR ( 'NONE', #5031, 1000.000000000000000 ) ;
#2229 = ADVANCED_FACE ( 'NONE', ( #1728 ), #4307, .T. ) ;
#2230 = EDGE_CURVE ( 'NONE', #5763, #6005, #5689, .T. ) ;
#2231 = ORIENTED_EDGE ( 'NONE', *, *, #3622, .F. ) ;
#2232 = VECTOR ( 'NONE', #5881, 1000.000000000000000 ) ;
#2233 = CARTESIAN_POINT ( 'NONE',  ( -2.499999999999998668, 0.1999999999999999833, 1.149999999999999911 ) ) ;
#2234 = VECTOR ( 'NONE', #465, 1000.000000000000000 ) ;
#2235 = AXIS2_PLACEMENT_3D ( 'NONE', #3658, #3097, #4702 ) ;
#2236 = AXIS2_PLACEMENT_3D ( 'NONE', #3203, #2668, #2722 ) ;
#2237 = ORIENTED_EDGE ( 'NONE', *, *, #8, .T. ) ;
#2238 = EDGE_LOOP ( 'NONE', ( #1001, #3109, #4461, #3722 ) ) ;
#2239 = PLANE ( 'NONE',  #5136 ) ;
#2240 = CARTESIAN_POINT ( 'NONE',  ( 1.549999999999999600, 0.1999999999999996503, -1.549999999999999600 ) ) ;
#2241 = PLANE ( 'NONE',  #1718 ) ;
#2242 = VERTEX_POINT ( 'NONE', #3740 ) ;
#2243 = VECTOR ( 'NONE', #6163, 1000.000000000000000 ) ;
#2244 = VECTOR ( 'NONE', #6594, 1000.000000000000000 ) ;
#2245 = DIRECTION ( 'NONE',  ( 3.942553354492744024E-16, -0.000000000000000000, 1.000000000000000000 ) ) ;
#2246 = EDGE_CURVE ( 'NONE', #4149, #4054, #441, .T. ) ;
#2247 = ORIENTED_EDGE ( 'NONE', *, *, #479, .T. ) ;
#2248 = VECTOR ( 'NONE', #5576, 1000.000000000000000 ) ;
#2249 = DIRECTION ( 'NONE',  ( 0.000000000000000000, 0.000000000000000000, 1.000000000000000000 ) ) ;
#2250 = CARTESIAN_POINT ( 'NONE',  ( 0.8000000000000010436, 0.2000000000000000111, 2.499999999999999556 ) ) ;
#2251 = DIRECTION ( 'NONE',  ( 0.000000000000000000, -1.000000000000000000, 0.000000000000000000 ) ) ;
#2252 = EDGE_CURVE ( 'NONE', #4746, #3194, #4070, .T. ) ;
#2253 = CARTESIAN_POINT ( 'NONE',  ( 0.1500000000000003830, 0.000000000000000000, -2.499999999999999556 ) ) ;
#2254 = DIRECTION ( 'NONE',  ( 0.000000000000000000, 0.000000000000000000, -1.000000000000000000 ) ) ;
#2255 = ORIENTED_EDGE ( 'NONE', *, *, #5744, .T. ) ;
#2256 = CARTESIAN_POINT ( 'NONE',  ( 1.949999999999998623, 0.8264982043070834283, 0.7999999999999999334 ) ) ;
#2257 = EDGE_LOOP ( 'NONE', ( #5491, #613, #6415, #1491 ) ) ;
#2258 = DIRECTION ( 'NONE',  ( -1.000000000000000000, 0.000000000000000000, 0.000000000000000000 ) ) ;
#2259 = ADVANCED_FACE ( 'NONE', ( #1325 ), #1215, .F. ) ;
#2260 = CARTESIAN_POINT ( 'NONE',  ( 2.500000000000002220, 0.05000000000000000278, 2.500000000000000888 ) ) ;
#2261 = ORIENTED_EDGE ( 'NONE', *, *, #259, .T. ) ;
#2262 = CARTESIAN_POINT ( 'NONE',  ( 1.949999999999998623, 0.8264982043070834283, 0.1499999999999999667 ) ) ;
#2263 = VERTEX_POINT ( 'NONE', #710 ) ;
#2264 = ORIENTED_EDGE ( 'NONE', *, *, #3365, .F. ) ;
#2265 = ORIENTED_EDGE ( 'NONE', *, *, #2740, .T. ) ;
#2266 = DIRECTION ( 'NONE',  ( 0.000000000000000000, -1.000000000000000000, 0.000000000000000000 ) ) ;
#2267 = DIRECTION ( 'NONE',  ( 0.000000000000000000, -1.000000000000000000, 0.000000000000000000 ) ) ;
#2268 = CARTESIAN_POINT ( 'NONE',  ( 2.600000000000000089, 0.000000000000000000, 0.000000000000000000 ) ) ;
#2269 = CARTESIAN_POINT ( 'NONE',  ( -1.149999999999999467, 0.2000000000000000111, -1.949999999999999289 ) ) ;
#2270 = AXIS2_PLACEMENT_3D ( 'NONE', #1225, #6448, #6427 ) ;
#2271 = DIRECTION ( 'NONE',  ( -0.000000000000000000, -1.000000000000000000, -0.000000000000000000 ) ) ;
#2272 = CARTESIAN_POINT ( 'NONE',  ( -1.949999999999998623, 0.2000000000000002054, -1.449999999999999956 ) ) ;
#2273 = DIRECTION ( 'NONE',  ( 0.000000000000000000, 0.000000000000000000, 1.000000000000000000 ) ) ;
#2274 = CARTESIAN_POINT ( 'NONE',  ( 0.5000000000000011102, 0.1999999999999999833, 2.499999999999999112 ) ) ;
#2275 = ORIENTED_EDGE ( 'NONE', *, *, #168, .F. ) ;
#2276 = EDGE_CURVE ( 'NONE', #6304, #811, #4801, .T. ) ;
#2277 = FACE_OUTER_BOUND ( 'NONE', #6251, .T. ) ;
#2278 = EDGE_LOOP ( 'NONE', ( #1687, #597, #4556, #2552 ) ) ;
#2279 = LINE ( 'NONE', #2109, #1307 ) ;
#2280 = CARTESIAN_POINT ( 'NONE',  ( 0.8000000000000003775, 0.05000000000000000278, 0.000000000000000000 ) ) ;
#2281 = ORIENTED_EDGE ( 'NONE', *, *, #3373, .T. ) ;
#2282 = CARTESIAN_POINT ( 'NONE',  ( -1.949999999999998623, 0.2000000000000002054, 1.449999999999999956 ) ) ;
#2283 = VERTEX_POINT ( 'NONE', #5805 ) ;
#2284 = LINE ( 'NONE', #5918, #3488 ) ;
#2285 = AXIS2_PLACEMENT_3D ( 'NONE', #394, #2943, #6548 ) ;
#2286 = VECTOR ( 'NONE', #392, 1000.000000000000000 ) ;
#2287 = EDGE_CURVE ( 'NONE', #3709, #885, #2539, .T. ) ;
#2288 = CARTESIAN_POINT ( 'NONE',  ( -1.149999999999999467, 0.1999999999999999833, -1.949999999999999289 ) ) ;
#2289 = CARTESIAN_POINT ( 'NONE',  ( 1.150000000000000355, 0.2000000000000000111, -1.949999999999999067 ) ) ;
#2290 = DIRECTION ( 'NONE',  ( 1.000000000000000000, 0.000000000000000000, 0.000000000000000000 ) ) ;
#2291 = ADVANCED_FACE ( 'NONE', ( #5133 ), #2726, .T. ) ;
#2292 = VECTOR ( 'NONE', #1251, 1000.000000000000000 ) ;
#2293 = EDGE_LOOP ( 'NONE', ( #2795, #5505, #4861, #1541 ) ) ;
#2294 = VECTOR ( 'NONE', #6056, 1000.000000000000000 ) ;
#2295 = DIRECTION ( 'NONE',  ( -1.000000000000000000, 0.000000000000000000, 3.942553354492744024E-16 ) ) ;
#2296 = ORIENTED_EDGE ( 'NONE', *, *, #6595, .F. ) ;
#2297 = VERTEX_POINT ( 'NONE', #5820 ) ;
#2298 = DIRECTION ( 'NONE',  ( -1.000000000000000000, 0.000000000000000000, 0.000000000000000000 ) ) ;
#2299 = LINE ( 'NONE', #3533, #4881 ) ;
#2300 = CARTESIAN_POINT ( 'NONE',  ( 2.499999999999998668, 0.8264982043070834283, 0.7999999999999999334 ) ) ;
#2301 = VECTOR ( 'NONE', #2490, 1000.000000000000000 ) ;
#2302 = ORIENTED_EDGE ( 'NONE', *, *, #945, .F. ) ;
#2303 = VECTOR ( 'NONE', #5966, 1000.000000000000000 ) ;
#2304 = DIRECTION ( 'NONE',  ( -0.000000000000000000, -1.000000000000000000, -0.000000000000000000 ) ) ;
#2305 = EDGE_CURVE ( 'NONE', #455, #5691, #520, .T. ) ;
#2306 = EDGE_CURVE ( 'NONE', #2348, #1282, #1406, .T. ) ;
#2307 = ORIENTED_EDGE ( 'NONE', *, *, #2860, .F. ) ;
#2308 = DIRECTION ( 'NONE',  ( -3.942553354492744024E-16, -0.000000000000000000, -1.000000000000000000 ) ) ;
#2309 = LINE ( 'NONE', #246, #5710 ) ;
#2310 = ORIENTED_EDGE ( 'NONE', *, *, #2305, .T. ) ;
#2311 = EDGE_LOOP ( 'NONE', ( #402, #157, #6661, #5059 ) ) ;
#2312 = CLOSED_SHELL ( 'NONE', ( #4694, #2188, #2166, #1755, #5085, #2291 ) ) ;
#2313 = LINE ( 'NONE', #5501, #3842 ) ;
#2314 = FACE_OUTER_BOUND ( 'NONE', #3078, .T. ) ;
#2315 = CARTESIAN_POINT ( 'NONE',  ( 2.499999999999998668, 0.1999999999999999833, -1.149999999999999911 ) ) ;
#2316 = EDGE_CURVE ( 'NONE', #3185, #1708, #3899, .T. ) ;
#2317 = CARTESIAN_POINT ( 'NONE',  ( -1.949999999999998623, 0.000000000000000000, 1.149999999999999911 ) ) ;
#2318 = EDGE_LOOP ( 'NONE', ( #4339, #746, #4352, #1505 ) ) ;
#2319 = MECHANICAL_DESIGN_GEOMETRIC_PRESENTATION_REPRESENTATION (  '', ( #1614 ), #3004 ) ;
#2320 = EDGE_CURVE ( 'NONE', #4746, #2263, #2371, .T. ) ;
#2321 = VECTOR ( 'NONE', #807, 1000.000000000000000 ) ;
#2322 = DIRECTION ( 'NONE',  ( -0.000000000000000000, -1.000000000000000000, -0.000000000000000000 ) ) ;
#2323 = DIRECTION ( 'NONE',  ( 0.000000000000000000, 0.000000000000000000, -1.000000000000000000 ) ) ;
#2324 = ADVANCED_FACE ( 'NONE', ( #1893 ), #1836, .T. ) ;
#2325 = EDGE_LOOP ( 'NONE', ( #2995, #2209, #1816, #3127 ) ) ;
#2326 = VECTOR ( 'NONE', #6596, 1000.000000000000000 ) ;
#2327 = CARTESIAN_POINT ( 'NONE',  ( -0.7999999999999990452, 0.2000000000000000111, 1.949999999999999512 ) ) ;
#2328 = EDGE_CURVE ( 'NONE', #1879, #3686, #6483, .T. ) ;
#2329 = CARTESIAN_POINT ( 'NONE',  ( -0.4999999999999995559, 0.000000000000000000, -2.499999999999999556 ) ) ;
#2330 = CARTESIAN_POINT ( 'NONE',  ( 1.949999999999998623, 0.000000000000000000, 0.7999999999999999334 ) ) ;
#2331 = DIRECTION ( 'NONE',  ( 0.000000000000000000, 0.000000000000000000, -1.000000000000000000 ) ) ;
#2332 = CARTESIAN_POINT ( 'NONE',  ( 1.149999999999999911, 0.05000000000000000278, -4.533936357666658043E-16 ) ) ;
#2333 = SURFACE_SIDE_STYLE ('',( #4967 ) ) ;
#2334 = EDGE_LOOP ( 'NONE', ( #1217, #6459, #1872, #4942 ) ) ;
#2335 = ORIENTED_EDGE ( 'NONE', *, *, #5132, .T. ) ;
#2336 = VERTEX_POINT ( 'NONE', #5970 ) ;
#2337 = DIRECTION ( 'NONE',  ( 1.000000000000000000, 0.000000000000000000, 7.228014483236697541E-16 ) ) ;
#2338 = EDGE_CURVE ( 'NONE', #6279, #3781, #1884, .T. ) ;
#2339 = CARTESIAN_POINT ( 'NONE',  ( 2.500000000000002220, 0.2000000000000005107, -1.450000000000000400 ) ) ;
#2340 = ORIENTED_EDGE ( 'NONE', *, *, #989, .F. ) ;
#2341 = PLANE ( 'NONE',  #5353 ) ;
#2342 = PRODUCT_DEFINITION_CONTEXT ( 'detailed design', #208, 'design' ) ;
#2343 = UNCERTAINTY_MEASURE_WITH_UNIT (LENGTH_MEASURE( 1.000000000000000082E-05 ), #5905, 'distance_accuracy_value', 'NONE');
#2344 = EDGE_CURVE ( 'NONE', #3077, #4238, #1314, .T. ) ;
#2345 = CARTESIAN_POINT ( 'NONE',  ( 1.949999999999998623, 0.1999999999999999833, -1.449999999999999956 ) ) ;
#2346 = VECTOR ( 'NONE', #2254, 1000.000000000000000 ) ;
#2348 = VERTEX_POINT ( 'NONE', #779 ) ;
#2347 = AXIS2_PLACEMENT_3D ( 'NONE', #6193, #6694, #3606 ) ;
#2349 = ADVANCED_FACE ( 'NONE', ( #4060 ), #5418, .T. ) ;
#2350 =( NAMED_UNIT ( * ) SI_UNIT ( $, .STERADIAN. ) SOLID_ANGLE_UNIT ( ) );
#2351 = DIRECTION ( 'NONE',  ( -1.000000000000000000, 0.000000000000000000, -0.000000000000000000 ) ) ;
#2352 = VERTEX_POINT ( 'NONE', #6472 ) ;
#2353 = VECTOR ( 'NONE', #714, 1000.000000000000000 ) ;
#2354 = ORIENTED_EDGE ( 'NONE', *, *, #5220, .F. ) ;
#2356 = VECTOR ( 'NONE', #3283, 1000.000000000000000 ) ;
#2355 = CARTESIAN_POINT ( 'NONE',  ( -0.1499999999999995226, 0.04999999999999969746, -2.499999999999999112 ) ) ;
#2357 = DIRECTION ( 'NONE',  ( 0.000000000000000000, -0.000000000000000000, 1.000000000000000000 ) ) ;
#2358 = DIRECTION ( 'NONE',  ( 0.000000000000000000, 0.000000000000000000, 1.000000000000000000 ) ) ;
#2359 = CARTESIAN_POINT ( 'NONE',  ( 1.949999999999998623, 0.05000000000000023870, -0.7999999999999999334 ) ) ;
#2360 = EDGE_CURVE ( 'NONE', #3811, #856, #3252, .T. ) ;
#2361 = FILL_AREA_STYLE_COLOUR ( '', #5217 ) ;
#2362 = LINE ( 'NONE', #2896, #3171 ) ;
#2363 = ORIENTED_EDGE ( 'NONE', *, *, #4029, .T. ) ;
#2364 = SURFACE_STYLE_FILL_AREA ( #886 ) ;
#2365 = SURFACE_STYLE_FILL_AREA ( #2839 ) ;
#2366 = EDGE_LOOP ( 'NONE', ( #3225, #6154, #2335, #3339 ) ) ;
#2367 = ORIENTED_EDGE ( 'NONE', *, *, #2014, .F. ) ;
#2368 = FACE_OUTER_BOUND ( 'NONE', #3251, .T. ) ;
#2369 = ORIENTED_EDGE ( 'NONE', *, *, #1392, .T. ) ;
#2370 = EDGE_CURVE ( 'NONE', #2529, #4456, #6258, .T. ) ;
#2371 = LINE ( 'NONE', #4904, #1013 ) ;
#2372 = PLANE ( 'NONE',  #3170 ) ;
#2373 = VECTOR ( 'NONE', #993, 1000.000000000000000 ) ;
#2374 = CLOSED_SHELL ( 'NONE', ( #2125, #5405, #6695, #3132, #6623, #2926 ) ) ;
#2375 = CARTESIAN_POINT ( 'NONE',  ( -1.949999999999998623, 0.1999999999999999833, -1.149999999999999911 ) ) ;
#2376 = VECTOR ( 'NONE', #2038, 1000.000000000000000 ) ;
#2377 = CARTESIAN_POINT ( 'NONE',  ( -1.199999999999999956, 0.1999999999999996503, -1.549999999999999600 ) ) ;
#2378 = ORIENTED_EDGE ( 'NONE', *, *, #1058, .T. ) ;
#2379 = ORIENTED_EDGE ( 'NONE', *, *, #2803, .F. ) ;
#2380 = LINE ( 'NONE', #3712, #1021 ) ;
#2381 = CARTESIAN_POINT ( 'NONE',  ( -0.4999999999999995559, 0.04999999999999969746, -2.499999999999999556 ) ) ;
#2382 = ORIENTED_EDGE ( 'NONE', *, *, #2859, .T. ) ;
#2383 = VECTOR ( 'NONE', #1915, 1000.000000000000000 ) ;
#2384 = CARTESIAN_POINT ( 'NONE',  ( 1.450000000000000400, 0.000000000000000000, -1.949999999999999289 ) ) ;
#2385 = DIRECTION ( 'NONE',  ( 0.000000000000000000, -1.000000000000000000, 0.000000000000000000 ) ) ;
#2386 =( NAMED_UNIT ( * ) PLANE_ANGLE_UNIT ( ) SI_UNIT ( $, .RADIAN. ) );
#2387 = CARTESIAN_POINT ( 'NONE',  ( -1.949999999999998623, 0.1999999999999999833, 0.1499999999999999667 ) ) ;
#2388 = ORIENTED_EDGE ( 'NONE', *, *, #6506, .F. ) ;
#2389 = CARTESIAN_POINT ( 'NONE',  ( 1.450000000000000844, 0.1999999999999999833, 1.949999999999999734 ) ) ;
#2390 = LINE ( 'NONE', #4693, #6034 ) ;
#2391 = DIRECTION ( 'NONE',  ( 0.000000000000000000, 0.000000000000000000, 1.000000000000000000 ) ) ;
#2392 = ADVANCED_FACE ( 'NONE', ( #1002 ), #817, .F. ) ;
#2393 = CLOSED_SHELL ( 'NONE', ( #6299, #4662, #3106, #470, #4526, #4628, #6547 ) ) ;
#2394 = ORIENTED_EDGE ( 'NONE', *, *, #3244, .F. ) ;
#2395 = EDGE_LOOP ( 'NONE', ( #4985, #4874, #5865, #2498 ) ) ;
#2396 = VECTOR ( 'NONE', #4614, 1000.000000000000000 ) ;
#2397 = VECTOR ( 'NONE', #6112, 1000.000000000000000 ) ;
#2398 = AXIS2_PLACEMENT_3D ( 'NONE', #4412, #5496, #6461 ) ;
#2399 = CARTESIAN_POINT ( 'NONE',  ( -0.4999999999999991673, 0.000000000000000000, 1.949999999999999734 ) ) ;
#2400 = CARTESIAN_POINT ( 'NONE',  ( -2.499999999999998668, 0.1999999999999999833, -0.7999999999999999334 ) ) ;
#2401 =( LENGTH_UNIT ( ) NAMED_UNIT ( * ) SI_UNIT ( .MILLI., .METRE. ) );
#2402 = EDGE_LOOP ( 'NONE', ( #4671, #1459, #2625, #1015 ) ) ;
#2403 = CARTESIAN_POINT ( 'NONE',  ( 1.450000000000000400, 0.000000000000000000, -1.949999999999999289 ) ) ;
#2404 = VECTOR ( 'NONE', #334, 1000.000000000000000 ) ;
#2405 = DIRECTION ( 'NONE',  ( 0.000000000000000000, 1.000000000000000000, 0.000000000000000000 ) ) ;
#2406 = CARTESIAN_POINT ( 'NONE',  ( -1.449999999999999512, 0.2000000000000000111, -1.949999999999999067 ) ) ;
#2407 = MECHANICAL_DESIGN_GEOMETRIC_PRESENTATION_REPRESENTATION (  '', ( #1369 ), #2739 ) ;
#2408 = EDGE_CURVE ( 'NONE', #2584, #3300, #3578, .T. ) ;
#2409 = ORIENTED_EDGE ( 'NONE', *, *, #5780, .T. ) ;
#2410 = CARTESIAN_POINT ( 'NONE',  ( -1.949999999999998623, 0.8264982043070834283, -0.5000000000000000000 ) ) ;
#2411 = CARTESIAN_POINT ( 'NONE',  ( -1.149999999999999467, 0.1999999999999999833, -2.499999999999999556 ) ) ;
#2412 = CARTESIAN_POINT ( 'NONE',  ( 0.8000000000000008216, 0.04999999999999999584, 1.949999999999999734 ) ) ;
#2413 = CARTESIAN_POINT ( 'NONE',  ( -1.550000000000000266, 4.584062043356594174, -1.199999999999999289 ) ) ;
#2414 = DIRECTION ( 'NONE',  ( 0.000000000000000000, -1.000000000000000000, 0.000000000000000000 ) ) ;
#2415 = CARTESIAN_POINT ( 'NONE',  ( -2.499999999999997780, 0.2000000000000005107, 1.449999999999999956 ) ) ;
#2416 = VERTEX_POINT ( 'NONE', #5380 ) ;
#2417 = CARTESIAN_POINT ( 'NONE',  ( 1.949999999999998623, 0.2000000000000002054, 0.7999999999999999334 ) ) ;
#2418 = EDGE_CURVE ( 'NONE', #1995, #3172, #513, .T. ) ;
#2419 = EDGE_LOOP ( 'NONE', ( #5296, #2679, #3258, #3906 ) ) ;
#2420 = CARTESIAN_POINT ( 'NONE',  ( -1.949999999999998623, 0.05000000000000023870, -0.1499999999999999667 ) ) ;
#2421 = DIRECTION ( 'NONE',  ( 1.000000000000000000, 0.000000000000000000, 0.000000000000000000 ) ) ;
#2422 = ORIENTED_EDGE ( 'NONE', *, *, #1138, .T. ) ;
#2423 = ADVANCED_FACE ( 'NONE', ( #5761 ), #6502, .F. ) ;
#2424 = ORIENTED_EDGE ( 'NONE', *, *, #3872, .F. ) ;
#2425 = CARTESIAN_POINT ( 'NONE',  ( -0.4999999999999995559, 0.2000000000000000111, -1.949999999999999289 ) ) ;
#2426 = EDGE_CURVE ( 'NONE', #6025, #5731, #4875, .T. ) ;
#2427 = DIRECTION ( 'NONE',  ( -1.000000000000000000, 0.000000000000000000, -0.000000000000000000 ) ) ;
#2428 = PLANE ( 'NONE',  #3990 ) ;
#2429 = DIRECTION ( 'NONE',  ( 0.000000000000000000, -1.000000000000000000, 0.000000000000000000 ) ) ;
#2430 = CARTESIAN_POINT ( 'NONE',  ( -0.7999999999999990452, 0.2000000000000000111, 1.949999999999999512 ) ) ;
#2431 = AXIS2_PLACEMENT_3D ( 'NONE', #5849, #1712, #1745 ) ;
#2432 = PLANE ( 'NONE',  #4253 ) ;
#2433 = ORIENTED_EDGE ( 'NONE', *, *, #969, .T. ) ;
#2434 = ORIENTED_EDGE ( 'NONE', *, *, #391, .F. ) ;
#2435 = PLANE ( 'NONE',  #4930 ) ;
#2436 = CARTESIAN_POINT ( 'NONE',  ( -1.949999999999998623, 0.8264982043070834283, 1.449999999999999956 ) ) ;
#2437 = DIRECTION ( 'NONE',  ( 0.000000000000000000, -1.000000000000000000, 0.000000000000000000 ) ) ;
#2438 =( NAMED_UNIT ( * ) SI_UNIT ( $, .STERADIAN. ) SOLID_ANGLE_UNIT ( ) );
#2439 = ORIENTED_EDGE ( 'NONE', *, *, #1128, .F. ) ;
#2440 = AXIS2_PLACEMENT_3D ( 'NONE', #2026, #4104, #992 ) ;
#2441 = FACE_OUTER_BOUND ( 'NONE', #1551, .T. ) ;
#2442 = ORIENTED_EDGE ( 'NONE', *, *, #818, .F. ) ;
#2443 = VECTOR ( 'NONE', #4823, 1000.000000000000000 ) ;
#2444 = PLANE ( 'NONE',  #3302 ) ;
#2445 = VECTOR ( 'NONE', #3525, 1000.000000000000000 ) ;
#2446 = VERTEX_POINT ( 'NONE', #4356 ) ;
#2447 = DIRECTION ( 'NONE',  ( 0.000000000000000000, -1.000000000000000000, 0.000000000000000000 ) ) ;
#2448 = CARTESIAN_POINT ( 'NONE',  ( 1.949999999999998623, 0.1999999999999999833, -0.1499999999999999667 ) ) ;
#2449 = VECTOR ( 'NONE', #3822, 1000.000000000000000 ) ;
#2450 = VERTEX_POINT ( 'NONE', #6438 ) ;
#2451 = CARTESIAN_POINT ( 'NONE',  ( -2.499999999999998668, 0.8264982043070834283, -0.7999999999999999334 ) ) ;
#2452 = DIRECTION ( 'NONE',  ( 0.000000000000000000, 0.000000000000000000, 1.000000000000000000 ) ) ;
#2453 = CARTESIAN_POINT ( 'NONE',  ( -1.149999999999998801, 0.1999999999999999833, 2.499999999999999556 ) ) ;
#2454 = AXIS2_PLACEMENT_3D ( 'NONE', #957, #927, #6074 ) ;
#2455 = VECTOR ( 'NONE', #627, 1000.000000000000000 ) ;
#2456 = ORIENTED_EDGE ( 'NONE', *, *, #2661, .T. ) ;
#2457 = ADVANCED_FACE ( 'NONE', ( #6175 ), #3473, .F. ) ;
#2458 = ORIENTED_EDGE ( 'NONE', *, *, #5688, .T. ) ;
#2459 = CARTESIAN_POINT ( 'NONE',  ( -0.4999999999999989453, 0.2000000000000000111, 2.499999999999999556 ) ) ;
#2460 = LINE ( 'NONE', #3526, #2301 ) ;
#2461 = ORIENTED_EDGE ( 'NONE', *, *, #2511, .T. ) ;
#2462 = LINE ( 'NONE', #4001, #5938 ) ;
#2463 = CARTESIAN_POINT ( 'NONE',  ( -2.499999999999998668, 0.1999999999999999833, -0.5000000000000000000 ) ) ;
#2464 = VERTEX_POINT ( 'NONE', #6105 ) ;
#2465 = LINE ( 'NONE', #3150, #4324 ) ;
#2466 = ORIENTED_EDGE ( 'NONE', *, *, #2287, .T. ) ;
#2467 = ORIENTED_EDGE ( 'NONE', *, *, #1857, .T. ) ;
#2468 = VECTOR ( 'NONE', #2208, 1000.000000000000000 ) ;
#2469 = CARTESIAN_POINT ( 'NONE',  ( -1.949999999999998623, 0.000000000000000000, 0.5000000000000000000 ) ) ;
#2470 = EDGE_CURVE ( 'NONE', #725, #4552, #1968, .T. ) ;
#2471 = CARTESIAN_POINT ( 'NONE',  ( 0.000000000000000000, 0.000000000000000000, 1.300000000000000044 ) ) ;
#2472 = ORIENTED_EDGE ( 'NONE', *, *, #773, .T. ) ;
#2473 = LINE ( 'NONE', #5795, #3439 ) ;
#2474 = AXIS2_PLACEMENT_3D ( 'NONE', #496, #3590, #2030 ) ;
#2475 = LINE ( 'NONE', #6659, #2234 ) ;
#2476 = CARTESIAN_POINT ( 'NONE',  ( -1.199999999999999956, 4.584062043356594174, -1.549999999999999600 ) ) ;
#2477 = DIRECTION ( 'NONE',  ( 0.000000000000000000, 0.000000000000000000, -1.000000000000000000 ) ) ;
#2478 = CARTESIAN_POINT ( 'NONE',  ( -1.949999999999998623, 0.8264982043070834283, -0.7999999999999999334 ) ) ;
#2479 = ORIENTED_EDGE ( 'NONE', *, *, #6384, .F. ) ;
#2480 = SURFACE_STYLE_FILL_AREA ( #5459 ) ;
#2481 = LINE ( 'NONE', #4451, #2321 ) ;
#2482 = DIRECTION ( 'NONE',  ( -0.000000000000000000, -1.000000000000000000, -0.000000000000000000 ) ) ;
#2483 = EDGE_CURVE ( 'NONE', #6304, #1607, #5126, .T. ) ;
#2484 = AXIS2_PLACEMENT_3D ( 'NONE', #3763, #4257, #1175 ) ;
#2485 = DIRECTION ( 'NONE',  ( 0.000000000000000000, 1.000000000000000000, 0.000000000000000000 ) ) ;
#2486 = FACE_OUTER_BOUND ( 'NONE', #4217, .T. ) ;
#2487 = DIRECTION ( 'NONE',  ( 0.000000000000000000, -1.000000000000000000, 0.000000000000000000 ) ) ;
#2488 = CARTESIAN_POINT ( 'NONE',  ( -0.1499999999999990785, 0.2000000000000000111, 1.949999999999999512 ) ) ;
#2489 = CARTESIAN_POINT ( 'NONE',  ( 1.949999999999998623, 0.000000000000000000, -0.5000000000000000000 ) ) ;
#2490 = DIRECTION ( 'NONE',  ( -0.000000000000000000, -1.000000000000000000, -0.000000000000000000 ) ) ;
#2491 = ADVANCED_FACE ( 'NONE', ( #5277 ), #4497, .F. ) ;
#2492 = PLANE ( 'NONE',  #2816 ) ;
#2493 = EDGE_CURVE ( 'NONE', #5745, #5469, #265, .T. ) ;
#2494 = ADVANCED_FACE ( 'NONE', ( #5601 ), #6075, .T. ) ;
#2495 = DIRECTION ( 'NONE',  ( 0.000000000000000000, 0.000000000000000000, -1.000000000000000000 ) ) ;
#2496 = EDGE_LOOP ( 'NONE', ( #536, #422, #4449, #2960 ) ) ;
#2497 = CARTESIAN_POINT ( 'NONE',  ( 1.450000000000000400, 0.000000000000000000, -2.499999999999999556 ) ) ;
#2498 = ORIENTED_EDGE ( 'NONE', *, *, #4534, .F. ) ;
#2499 = ORIENTED_EDGE ( 'NONE', *, *, #2426, .T. ) ;
#2500 = CARTESIAN_POINT ( 'NONE',  ( 0.000000000000000000, 0.2000000000000000111, 0.000000000000000000 ) ) ;
#2501 = AXIS2_PLACEMENT_3D ( 'NONE', #3384, #2843, #3403 ) ;
#2502 = EDGE_CURVE ( 'NONE', #4249, #6044, #1636, .T. ) ;
#2503 = CARTESIAN_POINT ( 'NONE',  ( 1.949999999999998623, 0.05000000000000023870, -1.149999999999999911 ) ) ;
#2504 = DIRECTION ( 'NONE',  ( 3.942553354492744024E-16, -0.000000000000000000, 1.000000000000000000 ) ) ;
#2505 = CARTESIAN_POINT ( 'NONE',  ( 1.949999999999998623, 0.000000000000000000, 0.1499999999999999667 ) ) ;
#2506 = CARTESIAN_POINT ( 'NONE',  ( -1.949999999999998623, 0.05000000000000000278, 0.000000000000000000 ) ) ;
#2507 = PLANE ( 'NONE',  #5257 ) ;
#2508 = VECTOR ( 'NONE', #4232, 1000.000000000000000 ) ;
#2509 = ORIENTED_EDGE ( 'NONE', *, *, #5416, .T. ) ;
#2510 = CARTESIAN_POINT ( 'NONE',  ( 1.150000000000001021, 0.2000000000000000111, 2.499999999999999112 ) ) ;
#2511 = EDGE_CURVE ( 'NONE', #5293, #3686, #5836, .T. ) ;
#2512 = EDGE_CURVE ( 'NONE', #2336, #6248, #3728, .T. ) ;
#2513 = CARTESIAN_POINT ( 'NONE',  ( -2.099999999999999645, 0.6999999999999999556, -2.299999999999999378 ) ) ;
#2514 = DIRECTION ( 'NONE',  ( 0.000000000000000000, 0.000000000000000000, -1.000000000000000000 ) ) ;
#2515 = ORIENTED_EDGE ( 'NONE', *, *, #5626, .T. ) ;
#2516 = ADVANCED_FACE ( 'NONE', ( #1804 ), #3452, .F. ) ;
#2517 = VECTOR ( 'NONE', #3143, 1000.000000000000000 ) ;
#2518 = ORIENTED_EDGE ( 'NONE', *, *, #617, .T. ) ;
#2519 = LINE ( 'NONE', #186, #1717 ) ;
#2520 = LINE ( 'NONE', #2530, #3884 ) ;
#2521 = PLANE ( 'NONE',  #2474 ) ;
#2522 = VECTOR ( 'NONE', #1011, 1000.000000000000000 ) ;
#2523 = CARTESIAN_POINT ( 'NONE',  ( -2.499999999999997780, 0.05000000000000000278, 2.500000000000001332 ) ) ;
#2524 = VERTEX_POINT ( 'NONE', #1964 ) ;
#2525 = ADVANCED_FACE ( 'NONE', ( #109 ), #2432, .F. ) ;
#2526 = VECTOR ( 'NONE', #3421, 1000.000000000000000 ) ;
#2527 = CARTESIAN_POINT ( 'NONE',  ( -1.949999999999998623, 0.000000000000000000, 0.7999999999999999334 ) ) ;
#2528 = LINE ( 'NONE', #6280, #267 ) ;
#2529 = VERTEX_POINT ( 'NONE', #2994 ) ;
#2530 = CARTESIAN_POINT ( 'NONE',  ( -1.409462824231155764E-15, 0.05000000000000000278, -1.949999999999999067 ) ) ;
#2531 = AXIS2_PLACEMENT_3D ( 'NONE', #4270, #5338, #3256 ) ;
#2532 = CARTESIAN_POINT ( 'NONE',  ( -1.949999999999998623, 0.2000000000000002054, -0.5000000000000000000 ) ) ;
#2533 = EDGE_CURVE ( 'NONE', #1914, #3192, #2842, .T. ) ;
#2534 = EDGE_LOOP ( 'NONE', ( #5735, #372, #4289, #21 ) ) ;
#2535 = CARTESIAN_POINT ( 'NONE',  ( -2.499999999999998668, 0.1999999999999999833, -0.1499999999999999667 ) ) ;
#2536 = LINE ( 'NONE', #665, #6011 ) ;
#2537 = DIRECTION ( 'NONE',  ( 1.000000000000000000, 0.000000000000000000, 0.000000000000000000 ) ) ;
#2538 = ORIENTED_EDGE ( 'NONE', *, *, #5757, .T. ) ;
#2539 = LINE ( 'NONE', #651, #1167 ) ;
#2540 = VECTOR ( 'NONE', #539, 1000.000000000000000 ) ;
#2541 = VERTEX_POINT ( 'NONE', #4463 ) ;
#2542 = VECTOR ( 'NONE', #985, 1000.000000000000000 ) ;
#2543 = ORIENTED_EDGE ( 'NONE', *, *, #4053, .F. ) ;
#2544 = CARTESIAN_POINT ( 'NONE',  ( -1.949999999999998623, 0.8264982043070834283, 0.1499999999999999667 ) ) ;
#2545 = DIRECTION ( 'NONE',  ( 0.000000000000000000, -1.000000000000000000, 0.000000000000000000 ) ) ;
#2546 = VERTEX_POINT ( 'NONE', #2417 ) ;
#2547 = LINE ( 'NONE', #702, #1335 ) ;
#2548 = EDGE_CURVE ( 'NONE', #5633, #444, #6647, .T. ) ;
#2549 = EDGE_CURVE ( 'NONE', #5302, #3044, #4716, .T. ) ;
#2550 = PRESENTATION_STYLE_ASSIGNMENT (( #5437 ) ) ;
#2551 = ORIENTED_EDGE ( 'NONE', *, *, #1261, .T. ) ;
#2552 = ORIENTED_EDGE ( 'NONE', *, *, #6055, .F. ) ;
#2553 = VECTOR ( 'NONE', #2903, 1000.000000000000000 ) ;
#2554 = VERTEX_POINT ( 'NONE', #6540 ) ;
#2555 = MANIFOLD_SOLID_BREP ( 'LPattern3[1]', #1656 ) ;
#2556 = VECTOR ( 'NONE', #4721, 1000.000000000000000 ) ;
#2557 = ORIENTED_EDGE ( 'NONE', *, *, #5442, .F. ) ;
#2558 = DIRECTION ( 'NONE',  ( 0.000000000000000000, 0.000000000000000000, -1.000000000000000000 ) ) ;
#2559 = CARTESIAN_POINT ( 'NONE',  ( 1.949999999999998623, 0.8264982043070834283, -0.7999999999999999334 ) ) ;
#2560 = EDGE_LOOP ( 'NONE', ( #4878, #2812, #4035, #2538 ) ) ;
#2561 = VECTOR ( 'NONE', #5587, 1000.000000000000000 ) ;
#2562 = DIRECTION ( 'NONE',  ( 0.000000000000000000, -1.000000000000000000, 0.000000000000000000 ) ) ;
#2563 = ADVANCED_FACE ( 'NONE', ( #670 ), #4036, .F. ) ;
#2564 = LINE ( 'NONE', #87, #5796 ) ;
#2565 = EDGE_CURVE ( 'NONE', #4331, #3582, #1087, .T. ) ;
#2567 = CARTESIAN_POINT ( 'NONE',  ( -0.4999999999999995559, 0.2000000000000000111, -1.949999999999999289 ) ) ;
#2566 = DIRECTION ( 'NONE',  ( 0.000000000000000000, 0.000000000000000000, -1.000000000000000000 ) ) ;
#2568 = VERTEX_POINT ( 'NONE', #3517 ) ;
#2569 = CARTESIAN_POINT ( 'NONE',  ( 2.500000000000002220, 0.05000000000000000278, 2.500000000000000888 ) ) ;
#2570 = VECTOR ( 'NONE', #1363, 1000.000000000000000 ) ;
#2571 = CARTESIAN_POINT ( 'NONE',  ( 1.450000000000000400, 0.000000000000000000, -1.949999999999999289 ) ) ;
#2572 = ADVANCED_FACE ( 'NONE', ( #763 ), #1994, .F. ) ;
#2573 = EDGE_CURVE ( 'NONE', #636, #1324, #6006, .T. ) ;
#2574 = AXIS2_PLACEMENT_3D ( 'NONE', #6692, #1568, #1101 ) ;
#2575 = ORIENTED_EDGE ( 'NONE', *, *, #6443, .F. ) ;
#2576 = DIRECTION ( 'NONE',  ( -0.000000000000000000, 0.000000000000000000, 1.000000000000000000 ) ) ;
#2577 = DIRECTION ( 'NONE',  ( 1.000000000000000000, -0.000000000000000000, 1.445602896647339706E-15 ) ) ;
#2578 = ORIENTED_EDGE ( 'NONE', *, *, #4199, .F. ) ;
#2579 = CARTESIAN_POINT ( 'NONE',  ( 1.949999999999998623, 0.8264982043070834283, -0.5000000000000000000 ) ) ;
#2581 = CARTESIAN_POINT ( 'NONE',  ( -0.7999999999999990452, 0.8264982043070837614, 1.949999999999999512 ) ) ;
#2580 = PLANE ( 'NONE',  #1068 ) ;
#2582 = ORIENTED_EDGE ( 'NONE', *, *, #4650, .T. ) ;
#2583 = EDGE_CURVE ( 'NONE', #6668, #5991, #2126, .T. ) ;
#2584 = VERTEX_POINT ( 'NONE', #4267 ) ;
#2585 = CARTESIAN_POINT ( 'NONE',  ( 1.949999999999998623, 0.1999999999999999833, 0.1499999999999999667 ) ) ;
#2586 = CARTESIAN_POINT ( 'NONE',  ( 1.549999999999999600, 4.584062043356594174, 1.550000000000000488 ) ) ;
#2587 = ADVANCED_FACE ( 'NONE', ( #6563 ), #658, .T. ) ;
#2588 = EDGE_CURVE ( 'NONE', #1179, #3865, #1399, .T. ) ;
#2589 = CARTESIAN_POINT ( 'NONE',  ( 1.949999999999998623, 0.8264982043070834283, -0.5000000000000000000 ) ) ;
#2590 = CARTESIAN_POINT ( 'NONE',  ( 0.1500000000000003830, 0.1999999999999999833, -2.499999999999999556 ) ) ;
#2591 = VECTOR ( 'NONE', #4850, 1000.000000000000000 ) ;
#2592 = CARTESIAN_POINT ( 'NONE',  ( -1.199999999999999956, 4.584062043356594174, -1.549999999999999600 ) ) ;
#2593 = CARTESIAN_POINT ( 'NONE',  ( 1.450000000000000400, 0.1999999999999999833, -1.949999999999999289 ) ) ;
#2594 = ORIENTED_EDGE ( 'NONE', *, *, #6384, .T. ) ;
#2595 = CARTESIAN_POINT ( 'NONE',  ( -2.499999999999998668, 0.8264982043070834283, -0.5000000000000000000 ) ) ;
#2596 = AXIS2_PLACEMENT_3D ( 'NONE', #6173, #5109, #4125 ) ;
#2597 = VECTOR ( 'NONE', #2566, 1000.000000000000000 ) ;
#2598 = VERTEX_POINT ( 'NONE', #4883 ) ;
#2599 =( NAMED_UNIT ( * ) PLANE_ANGLE_UNIT ( ) SI_UNIT ( $, .RADIAN. ) );
#2600 = ORIENTED_EDGE ( 'NONE', *, *, #271, .T. ) ;
#2601 = CARTESIAN_POINT ( 'NONE',  ( -1.084202172485504927E-16, 0.05000000000000000278, 1.550000000000000488 ) ) ;
#2602 = VECTOR ( 'NONE', #6606, 1000.000000000000000 ) ;
#2603 = ORIENTED_EDGE ( 'NONE', *, *, #5986, .F. ) ;
#2604 = VECTOR ( 'NONE', #4023, 1000.000000000000000 ) ;
#2605 = ORIENTED_EDGE ( 'NONE', *, *, #5535, .F. ) ;
#2606 = VECTOR ( 'NONE', #1112, 1000.000000000000000 ) ;
#2607 = ORIENTED_EDGE ( 'NONE', *, *, #2618, .F. ) ;
#2608 = FACE_OUTER_BOUND ( 'NONE', #782, .T. ) ;
#2609 = FACE_OUTER_BOUND ( 'NONE', #4657, .T. ) ;
#2610 = ORIENTED_EDGE ( 'NONE', *, *, #4712, .F. ) ;
#2611 = ORIENTED_EDGE ( 'NONE', *, *, #6454, .F. ) ;
#2612 = DIRECTION ( 'NONE',  ( -1.000000000000000000, 0.000000000000000000, 8.673617379884035472E-17 ) ) ;
#2613 = DIRECTION ( 'NONE',  ( -0.000000000000000000, -1.000000000000000000, -0.000000000000000000 ) ) ;
#2614 = DIRECTION ( 'NONE',  ( 3.942553354492745503E-16, 0.000000000000000000, 1.000000000000000000 ) ) ;
#2615 = CARTESIAN_POINT ( 'NONE',  ( -0.4999999999999995559, 0.2000000000000000111, -2.499999999999999556 ) ) ;
#2616 =( GEOMETRIC_REPRESENTATION_CONTEXT ( 3 ) GLOBAL_UNCERTAINTY_ASSIGNED_CONTEXT ( ( #3504 ) ) GLOBAL_UNIT_ASSIGNED_CONTEXT ( ( #3787, #709, #2741 ) ) REPRESENTATION_CONTEXT ( 'NONE', 'WORKASPACE' ) );
#2617 = ADVANCED_FACE ( 'NONE', ( #756 ), #4854, .F. ) ;
#2618 = EDGE_CURVE ( 'NONE', #4055, #4986, #340, .T. ) ;
#2619 = ORIENTED_EDGE ( 'NONE', *, *, #4955, .T. ) ;
#2620 = FACE_OUTER_BOUND ( 'NONE', #4063, .T. ) ;
#2622 = CARTESIAN_POINT ( 'NONE',  ( 2.499999999999998668, 0.2000000000000002054, 0.5000000000000000000 ) ) ;
#2621 = CARTESIAN_POINT ( 'NONE',  ( 1.949999999999998623, 0.000000000000000000, -0.1499999999999999667 ) ) ;
#2623 = EDGE_LOOP ( 'NONE', ( #6382, #1163, #5669, #1089 ) ) ;
#2624 = COLOUR_RGB ( '',0.7921568627450980005, 0.8196078431372548767, 0.9333333333333333481 ) ;
#2625 = ORIENTED_EDGE ( 'NONE', *, *, #3005, .T. ) ;
#2626 = CARTESIAN_POINT ( 'NONE',  ( 0.8000000000000003775, 0.8264982043070837614, -1.949999999999999289 ) ) ;
#2627 = ORIENTED_EDGE ( 'NONE', *, *, #96, .F. ) ;
#2628 = DIRECTION ( 'NONE',  ( 1.000000000000000000, -0.000000000000000000, 6.994852725712932707E-17 ) ) ;
#2629 = FACE_OUTER_BOUND ( 'NONE', #2238, .T. ) ;
#2630 = ADVANCED_FACE ( 'NONE', ( #3723 ), #1785, .F. ) ;
#2631 = AXIS2_PLACEMENT_3D ( 'NONE', #745, #5462, #1779 ) ;
#2632 = EDGE_CURVE ( 'NONE', #5620, #158, #6477, .T. ) ;
#2633 = VERTEX_POINT ( 'NONE', #2799 ) ;
#2634 = FACE_OUTER_BOUND ( 'NONE', #3094, .T. ) ;
#2635 = FACE_OUTER_BOUND ( 'NONE', #3979, .T. ) ;
#2636 = ORIENTED_EDGE ( 'NONE', *, *, #128, .T. ) ;
#2637 = VECTOR ( 'NONE', #5998, 1000.000000000000000 ) ;
#2638 = PLANE ( 'NONE',  #3406 ) ;
#2639 = FACE_OUTER_BOUND ( 'NONE', #2325, .T. ) ;
#2640 = DIRECTION ( 'NONE',  ( 0.000000000000000000, 0.000000000000000000, -1.000000000000000000 ) ) ;
#2641 = CARTESIAN_POINT ( 'NONE',  ( 1.949999999999998623, 0.8264982043070834283, -0.7999999999999999334 ) ) ;
#2642 = CARTESIAN_POINT ( 'NONE',  ( -0.7999999999999994893, 0.1999999999999999833, -1.949999999999999067 ) ) ;
#2643 = ORIENTED_EDGE ( 'NONE', *, *, #5971, .T. ) ;
#2644 = EDGE_CURVE ( 'NONE', #4720, #297, #2519, .T. ) ;
#2645 = LINE ( 'NONE', #3001, #4020 ) ;
#2646 = EDGE_CURVE ( 'NONE', #6341, #4123, #2284, .T. ) ;
#2647 = CARTESIAN_POINT ( 'NONE',  ( 0.000000000000000000, 0.2000000000000000111, 0.000000000000000000 ) ) ;
#2648 = DIRECTION ( 'NONE',  ( -1.000000000000000000, 0.000000000000000000, -1.445602896647339508E-15 ) ) ;
#2649 = EDGE_LOOP ( 'NONE', ( #6536, #6239, #5124, #1338 ) ) ;
#2650 = EDGE_CURVE ( 'NONE', #5687, #4220, #6091, .T. ) ;
#2651 = VERTEX_POINT ( 'NONE', #4794 ) ;
#2652 = DIRECTION ( 'NONE',  ( 0.000000000000000000, -0.000000000000000000, -1.000000000000000000 ) ) ;
#2653 = EDGE_CURVE ( 'NONE', #6185, #5604, #5039, .T. ) ;
#2654 = EDGE_LOOP ( 'NONE', ( #1253, #1621, #2918, #3607 ) ) ;
#2655 = CARTESIAN_POINT ( 'NONE',  ( 2.499999999999998668, 0.000000000000000000, -0.5000000000000000000 ) ) ;
#2656 = EDGE_LOOP ( 'NONE', ( #514, #2275, #3744, #518 ) ) ;
#2657 = CARTESIAN_POINT ( 'NONE',  ( 1.949999999999998623, 0.8264982043070834283, 0.5000000000000000000 ) ) ;
#2658 = ADVANCED_FACE ( 'NONE', ( #258 ), #6444, .F. ) ;
#2659 = DIRECTION ( 'NONE',  ( -1.000000000000000000, 0.000000000000000000, 0.000000000000000000 ) ) ;
#2660 = DIRECTION ( 'NONE',  ( 0.000000000000000000, -0.000000000000000000, -1.000000000000000000 ) ) ;
#2661 = EDGE_CURVE ( 'NONE', #3410, #4842, #4710, .T. ) ;
#2662 = DIRECTION ( 'NONE',  ( 0.000000000000000000, 0.000000000000000000, -1.000000000000000000 ) ) ;
#2663 = CARTESIAN_POINT ( 'NONE',  ( -1.949999999999998623, 0.8264982043070834283, 0.5000000000000000000 ) ) ;
#2664 = CARTESIAN_POINT ( 'NONE',  ( 0.000000000000000000, 0.000000000000000000, 0.000000000000000000 ) ) ;
#2665 = FACE_OUTER_BOUND ( 'NONE', #4081, .T. ) ;
#2666 = ORIENTED_EDGE ( 'NONE', *, *, #6201, .F. ) ;
#2667 = DIRECTION ( 'NONE',  ( 0.000000000000000000, -0.000000000000000000, 1.000000000000000000 ) ) ;
#2668 = DIRECTION ( 'NONE',  ( -1.000000000000000000, 0.000000000000000000, 0.000000000000000000 ) ) ;
#2669 = ORIENTED_EDGE ( 'NONE', *, *, #519, .T. ) ;
#2670 = FACE_OUTER_BOUND ( 'NONE', #5685, .T. ) ;
#2671 = DIRECTION ( 'NONE',  ( 0.000000000000000000, -0.000000000000000000, 1.000000000000000000 ) ) ;
#2672 = ORIENTED_EDGE ( 'NONE', *, *, #3956, .F. ) ;
#2673 = FACE_OUTER_BOUND ( 'NONE', #5228, .T. ) ;
#2674 = EDGE_CURVE ( 'NONE', #1879, #4230, #3812, .T. ) ;
#2675 = LINE ( 'NONE', #5247, #5273 ) ;
#2676 = FILL_AREA_STYLE ('',( #633 ) ) ;
#2677 = VECTOR ( 'NONE', #6023, 1000.000000000000000 ) ;
#2678 = CARTESIAN_POINT ( 'NONE',  ( -1.949999999999998623, 0.8264982043070834283, 0.1499999999999999667 ) ) ;
#2679 = ORIENTED_EDGE ( 'NONE', *, *, #407, .T. ) ;
#2680 = LINE ( 'NONE', #3234, #3660 ) ;
#2681 = VERTEX_POINT ( 'NONE', #5825 ) ;
#2682 = ORIENTED_EDGE ( 'NONE', *, *, #6249, .F. ) ;
#2683 = PLANE ( 'NONE',  #1069 ) ;
#2684 = CARTESIAN_POINT ( 'NONE',  ( 2.499999999999998668, 0.8264982043070834283, 1.449999999999999956 ) ) ;
#2685 = ADVANCED_FACE ( 'NONE', ( #5682 ), #2223, .F. ) ;
#2686 = VECTOR ( 'NONE', #2477, 1000.000000000000000 ) ;
#2687 = LINE ( 'NONE', #119, #845 ) ;
#2688 = DIRECTION ( 'NONE',  ( -0.000000000000000000, -0.000000000000000000, 1.000000000000000000 ) ) ;
#2689 = FACE_OUTER_BOUND ( 'NONE', #1085, .T. ) ;
#2690 = ORIENTED_EDGE ( 'NONE', *, *, #4534, .T. ) ;
#2691 = LINE ( 'NONE', #4635, #4073 ) ;
#2692 = AXIS2_PLACEMENT_3D ( 'NONE', #5965, #5412, #2882 ) ;
#2693 =( GEOMETRIC_REPRESENTATION_CONTEXT ( 3 ) GLOBAL_UNCERTAINTY_ASSIGNED_CONTEXT ( ( #3549 ) ) GLOBAL_UNIT_ASSIGNED_CONTEXT ( ( #5706, #2599, #2001 ) ) REPRESENTATION_CONTEXT ( 'NONE', 'WORKASPACE' ) );
#2694 = ORIENTED_EDGE ( 'NONE', *, *, #2186, .T. ) ;
#2695 = VERTEX_POINT ( 'NONE', #273 ) ;
#2696 = CARTESIAN_POINT ( 'NONE',  ( -2.499999999999997780, 0.2000000000000005107, -1.150000000000000355 ) ) ;
#2697 = CARTESIAN_POINT ( 'NONE',  ( -1.949999999999998623, 0.000000000000000000, -0.7999999999999999334 ) ) ;
#2698 = LINE ( 'NONE', #1233, #6428 ) ;
#2699 = CARTESIAN_POINT ( 'NONE',  ( -0.1499999999999988842, 0.2000000000000000111, 2.499999999999999112 ) ) ;
#2700 = ORIENTED_EDGE ( 'NONE', *, *, #4261, .T. ) ;
#2701 = ORIENTED_EDGE ( 'NONE', *, *, #6455, .F. ) ;
#2702 = EDGE_LOOP ( 'NONE', ( #5221, #257, #2163, #3542 ) ) ;
#2703 = DIRECTION ( 'NONE',  ( 0.000000000000000000, -0.000000000000000000, 1.000000000000000000 ) ) ;
#2704 = FACE_OUTER_BOUND ( 'NONE', #6458, .T. ) ;
#2705 = DIRECTION ( 'NONE',  ( 0.000000000000000000, 0.000000000000000000, -1.000000000000000000 ) ) ;
#2706 = EDGE_CURVE ( 'NONE', #4437, #5604, #5357, .T. ) ;
#2707 = FACE_OUTER_BOUND ( 'NONE', #5386, .T. ) ;
#2708 = ORIENTED_EDGE ( 'NONE', *, *, #6419, .T. ) ;
#2709 = DIRECTION ( 'NONE',  ( 1.000000000000000000, 0.000000000000000000, -3.942553354492745010E-16 ) ) ;
#2710 = ORIENTED_EDGE ( 'NONE', *, *, #1058, .F. ) ;
#2711 = LINE ( 'NONE', #6312, #3926 ) ;
#2712 = CARTESIAN_POINT ( 'NONE',  ( 1.949999999999998623, 0.1999999999999999833, -0.1499999999999999667 ) ) ;
#2713 = LINE ( 'NONE', #4624, #6040 ) ;
#2714 = DIRECTION ( 'NONE',  ( -0.000000000000000000, 0.000000000000000000, 1.000000000000000000 ) ) ;
#2715 = ORIENTED_EDGE ( 'NONE', *, *, #5626, .F. ) ;
#2716 = EDGE_CURVE ( 'NONE', #6567, #5495, #916, .T. ) ;
#2717 = PLANE ( 'NONE',  #6079 ) ;
#2718 = ORIENTED_EDGE ( 'NONE', *, *, #6076, .T. ) ;
#2719 = CARTESIAN_POINT ( 'NONE',  ( 2.499999999999998668, 0.000000000000000000, -1.449999999999999956 ) ) ;
#2720 = LINE ( 'NONE', #1965, #2570 ) ;
#2721 = DIRECTION ( 'NONE',  ( -0.000000000000000000, -0.000000000000000000, 1.000000000000000000 ) ) ;
#2722 = DIRECTION ( 'NONE',  ( 0.000000000000000000, 0.000000000000000000, 1.000000000000000000 ) ) ;
#2723 = DIRECTION ( 'NONE',  ( 1.000000000000000000, -0.000000000000000000, 0.000000000000000000 ) ) ;
#2724 = FILL_AREA_STYLE ('',( #3273 ) ) ;
#2725 = ADVANCED_FACE ( 'NONE', ( #1963 ), #1343, .F. ) ;
#2726 = PLANE ( 'NONE',  #2182 ) ;
#2727 = EDGE_LOOP ( 'NONE', ( #3950, #11, #3378, #5325 ) ) ;
#2728 = CARTESIAN_POINT ( 'NONE',  ( -0.4999999999999995559, 0.1999999999999999833, -1.949999999999999289 ) ) ;
#2729 = ORIENTED_EDGE ( 'NONE', *, *, #1048, .F. ) ;
#2730 = DIRECTION ( 'NONE',  ( 0.000000000000000000, 0.000000000000000000, 1.000000000000000000 ) ) ;
#2731 = CARTESIAN_POINT ( 'NONE',  ( -1.550000000000000488, 0.1999999999999996503, 1.550000000000000488 ) ) ;
#2732 = AXIS2_PLACEMENT_3D ( 'NONE', #4522, #5022, #6065 ) ;
#2733 = ORIENTED_EDGE ( 'NONE', *, *, #5791, .F. ) ;
#2734 = CARTESIAN_POINT ( 'NONE',  ( -0.4999999999999995559, 0.1999999999999999833, -2.499999999999999556 ) ) ;
#2735 = CARTESIAN_POINT ( 'NONE',  ( -1.149999999999999467, 0.000000000000000000, -1.949999999999999289 ) ) ;
#2736 = VERTEX_POINT ( 'NONE', #2837 ) ;
#2737 = FILL_AREA_STYLE_COLOUR ( '', #94 ) ;
#2738 = CARTESIAN_POINT ( 'NONE',  ( 2.600000000000000089, 0.000000000000000000, 0.000000000000000000 ) ) ;
#2739 =( GEOMETRIC_REPRESENTATION_CONTEXT ( 3 ) GLOBAL_UNCERTAINTY_ASSIGNED_CONTEXT ( ( #6167 ) ) GLOBAL_UNIT_ASSIGNED_CONTEXT ( ( #1972, #4572, #4475 ) ) REPRESENTATION_CONTEXT ( 'NONE', 'WORKASPACE' ) );
#2740 = EDGE_CURVE ( 'NONE', #181, #4919, #1082, .T. ) ;
#2741 =( NAMED_UNIT ( * ) SI_UNIT ( $, .STERADIAN. ) SOLID_ANGLE_UNIT ( ) );
#2742 = ORIENTED_EDGE ( 'NONE', *, *, #1658, .T. ) ;
#2743 = CARTESIAN_POINT ( 'NONE',  ( -1.199999999999999956, 4.584062043356594174, -1.549999999999999600 ) ) ;
#2744 = EDGE_CURVE ( 'NONE', #5174, #1033, #5117, .T. ) ;
#2745 = ORIENTED_EDGE ( 'NONE', *, *, #4864, .F. ) ;
#2746 = CARTESIAN_POINT ( 'NONE',  ( 0.000000000000000000, 0.2000000000000000111, 0.000000000000000000 ) ) ;
#2747 = CARTESIAN_POINT ( 'NONE',  ( 1.949999999999998623, 0.1999999999999999833, 0.7999999999999999334 ) ) ;
#2748 = CARTESIAN_POINT ( 'NONE',  ( 0.000000000000000000, 0.05000000000000000278, -0.7999999999999999334 ) ) ;
#2749 = EDGE_LOOP ( 'NONE', ( #608, #5443, #6351, #4839 ) ) ;
#2750 = ADVANCED_FACE ( 'NONE', ( #3650 ), #788, .F. ) ;
#2751 = DIRECTION ( 'NONE',  ( -0.000000000000000000, 0.000000000000000000, 1.000000000000000000 ) ) ;
#2752 = VERTEX_POINT ( 'NONE', #300 ) ;
#2753 = LINE ( 'NONE', #5609, #5355 ) ;
#2754 = EDGE_LOOP ( 'NONE', ( #19, #1603, #2101, #5813 ) ) ;
#2755 = LINE ( 'NONE', #2345, #4209 ) ;
#2756 = SURFACE_SIDE_STYLE ('',( #5265 ) ) ;
#2757 = CARTESIAN_POINT ( 'NONE',  ( -2.499999999999998668, 0.1999999999999999833, -1.449999999999999956 ) ) ;
#2758 = ORIENTED_EDGE ( 'NONE', *, *, #1483, .T. ) ;
#2759 = DIRECTION ( 'NONE',  ( 1.000000000000000000, 0.000000000000000000, -3.942553354492745010E-16 ) ) ;
#2760 = ORIENTED_EDGE ( 'NONE', *, *, #6455, .T. ) ;
#2761 = EDGE_CURVE ( 'NONE', #2546, #3551, #1305, .T. ) ;
#2762 = LINE ( 'NONE', #6314, #4873 ) ;
#2763 = VERTEX_POINT ( 'NONE', #2330 ) ;
#2764 = VECTOR ( 'NONE', #2765, 1000.000000000000000 ) ;
#2765 = DIRECTION ( 'NONE',  ( -1.000000000000000000, 0.000000000000000000, 8.673617379884035472E-17 ) ) ;
#2766 = VECTOR ( 'NONE', #4222, 1000.000000000000000 ) ;
#2767 = ORIENTED_EDGE ( 'NONE', *, *, #4328, .T. ) ;
#2768 = ORIENTED_EDGE ( 'NONE', *, *, #2889, .F. ) ;
#2769 = CARTESIAN_POINT ( 'NONE',  ( -1.949999999999998623, 0.8264982043070834283, 0.7999999999999999334 ) ) ;
#2770 = AXIS2_PLACEMENT_3D ( 'NONE', #6310, #3210, #4282 ) ;
#2771 = VECTOR ( 'NONE', #4488, 1000.000000000000000 ) ;
#2772 = DIRECTION ( 'NONE',  ( 3.942553354492744024E-16, 0.000000000000000000, 1.000000000000000000 ) ) ;
#2773 = DIRECTION ( 'NONE',  ( 0.000000000000000000, -1.000000000000000000, 0.000000000000000000 ) ) ;
#2774 = ORIENTED_EDGE ( 'NONE', *, *, #5472, .F. ) ;
#2775 = CARTESIAN_POINT ( 'NONE',  ( -1.149999999999998801, 0.8264982043070837614, 2.499999999999999556 ) ) ;
#2776 = FACE_OUTER_BOUND ( 'NONE', #1825, .T. ) ;
#2777 = ORIENTED_EDGE ( 'NONE', *, *, #6275, .F. ) ;
#2778 = LINE ( 'NONE', #3233, #3112 ) ;
#2779 = DIRECTION ( 'NONE',  ( 0.000000000000000000, 1.000000000000000000, 0.000000000000000000 ) ) ;
#2780 = FACE_OUTER_BOUND ( 'NONE', #3803, .T. ) ;
#2782 = ORIENTED_EDGE ( 'NONE', *, *, #2276, .F. ) ;
#2781 = AXIS2_PLACEMENT_3D ( 'NONE', #659, #3161, #3750 ) ;
#2783 = ORIENTED_EDGE ( 'NONE', *, *, #2588, .T. ) ;
#2784 = FACE_OUTER_BOUND ( 'NONE', #1299, .T. ) ;
#2785 = CARTESIAN_POINT ( 'NONE',  ( -0.1499999999999995781, 0.1999999999999999833, -1.949999999999999067 ) ) ;
#2786 = SURFACE_STYLE_USAGE ( .BOTH. , #673 ) ;
#2787 =( NAMED_UNIT ( * ) PLANE_ANGLE_UNIT ( ) SI_UNIT ( $, .RADIAN. ) );
#2788 = ORIENTED_EDGE ( 'NONE', *, *, #3287, .F. ) ;
#2789 = LINE ( 'NONE', #5122, #2878 ) ;
#2790 = LINE ( 'NONE', #3697, #3611 ) ;
#2791 = SURFACE_STYLE_USAGE ( .BOTH. , #159 ) ;
#2792 = ADVANCED_FACE ( 'NONE', ( #5516 ), #1288, .F. ) ;
#2793 = SURFACE_SIDE_STYLE ('',( #5426 ) ) ;
#2794 = CARTESIAN_POINT ( 'NONE',  ( 1.450000000000000400, 0.2000000000000000111, -2.499999999999999556 ) ) ;
#2795 = ORIENTED_EDGE ( 'NONE', *, *, #1540, .F. ) ;
#2796 = VECTOR ( 'NONE', #2899, 1000.000000000000000 ) ;
#2797 = LINE ( 'NONE', #4889, #3527 ) ;
#2798 = CARTESIAN_POINT ( 'NONE',  ( -2.499999999999997780, 0.05000000000000000278, 2.500000000000001332 ) ) ;
#2799 = CARTESIAN_POINT ( 'NONE',  ( 0.1500000000000003830, 0.000000000000000000, -1.949999999999999289 ) ) ;
#2800 = PLANE ( 'NONE',  #4129 ) ;
#2801 = FACE_OUTER_BOUND ( 'NONE', #3988, .T. ) ;
#2802 = DIRECTION ( 'NONE',  ( -1.000000000000000000, 0.000000000000000000, -7.228014483236698528E-16 ) ) ;
#2803 = EDGE_CURVE ( 'NONE', #4401, #2115, #2755, .T. ) ;
#2804 = CARTESIAN_POINT ( 'NONE',  ( -1.409462824231155764E-15, 0.05000000000000000278, 1.949999999999999067 ) ) ;
#2805 = DIRECTION ( 'NONE',  ( -0.000000000000000000, -1.000000000000000000, -0.000000000000000000 ) ) ;
#2806 = CARTESIAN_POINT ( 'NONE',  ( -0.1499999999999988842, 0.8264982043070837614, 2.499999999999999112 ) ) ;
#2807 = ORIENTED_EDGE ( 'NONE', *, *, #5291, .T. ) ;
#2808 = DIRECTION ( 'NONE',  ( -7.228014483236697541E-16, 0.000000000000000000, 1.000000000000000000 ) ) ;
#2809 = ORIENTED_EDGE ( 'NONE', *, *, #5611, .F. ) ;
#2810 = DIRECTION ( 'NONE',  ( 3.942553354492744024E-16, 0.000000000000000000, 1.000000000000000000 ) ) ;
#2811 = ORIENTED_EDGE ( 'NONE', *, *, #4214, .T. ) ;
#2812 = ORIENTED_EDGE ( 'NONE', *, *, #628, .F. ) ;
#2813 = DIRECTION ( 'NONE',  ( 1.445602896647339508E-15, -0.000000000000000000, 1.000000000000000000 ) ) ;
#2814 = EDGE_CURVE ( 'NONE', #1017, #6482, #2834, .T. ) ;
#2815 = PLANE ( 'NONE',  #1411 ) ;
#2816 = AXIS2_PLACEMENT_3D ( 'NONE', #2471, #2039, #1980 ) ;
#2817 =( GEOMETRIC_REPRESENTATION_CONTEXT ( 3 ) GLOBAL_UNCERTAINTY_ASSIGNED_CONTEXT ( ( #5255 ) ) GLOBAL_UNIT_ASSIGNED_CONTEXT ( ( #6626, #5593, #3536 ) ) REPRESENTATION_CONTEXT ( 'NONE', 'WORKASPACE' ) );
#2818 = ADVANCED_FACE ( 'NONE', ( #3972 ), #5952, .F. ) ;
#2819 = FILL_AREA_STYLE ('',( #5498 ) ) ;
#2820 = CARTESIAN_POINT ( 'NONE',  ( -2.499999999999998668, 0.8264982043070834283, 1.449999999999999956 ) ) ;
#2821 = DIRECTION ( 'NONE',  ( -0.000000000000000000, -1.000000000000000000, -0.000000000000000000 ) ) ;
#2822 = DIRECTION ( 'NONE',  ( -0.000000000000000000, -1.000000000000000000, -0.000000000000000000 ) ) ;
#2823 = DIRECTION ( 'NONE',  ( 1.000000000000000000, -0.000000000000000000, 0.000000000000000000 ) ) ;
#2824 = ORIENTED_EDGE ( 'NONE', *, *, #4441, .F. ) ;
#2825 = MANIFOLD_SOLID_BREP ( 'LPattern4[8]', #3266 ) ;
#2826 = EDGE_CURVE ( 'NONE', #6530, #6017, #5432, .T. ) ;
#2827 = DIRECTION ( 'NONE',  ( -3.942553354492744024E-16, -0.000000000000000000, -1.000000000000000000 ) ) ;
#2828 = CLOSED_SHELL ( 'NONE', ( #1709, #4768, #3535, #5618, #2617, #253 ) ) ;
#2829 = CARTESIAN_POINT ( 'NONE',  ( 2.500000000000002220, 0.05000000000000000278, 2.500000000000000888 ) ) ;
#2830 = CLOSED_SHELL ( 'NONE', ( #2491, #3042, #1643, #3618, #4050, #2893 ) ) ;
#2831 = ORIENTED_EDGE ( 'NONE', *, *, #2008, .T. ) ;
#2832 = UNCERTAINTY_MEASURE_WITH_UNIT (LENGTH_MEASURE( 1.000000000000000082E-05 ), #78, 'distance_accuracy_value', 'NONE');
#2833 = EDGE_LOOP ( 'NONE', ( #2379, #824, #562, #2841 ) ) ;
#2834 = LINE ( 'NONE', #805, #4296 ) ;
#2835 = VECTOR ( 'NONE', #6598, 1000.000000000000000 ) ;
#2836 = EDGE_CURVE ( 'NONE', #3692, #131, #3007, .T. ) ;
#2837 = CARTESIAN_POINT ( 'NONE',  ( -1.949999999999998623, 0.2000000000000002054, 1.449999999999999956 ) ) ;
#2838 =( NAMED_UNIT ( * ) PLANE_ANGLE_UNIT ( ) SI_UNIT ( $, .RADIAN. ) );
#2839 = FILL_AREA_STYLE ('',( #4344 ) ) ;
#2840 = VECTOR ( 'NONE', #823, 1000.000000000000000 ) ;
#2841 = ORIENTED_EDGE ( 'NONE', *, *, #708, .F. ) ;
#2842 = LINE ( 'NONE', #1926, #3494 ) ;
#2843 = DIRECTION ( 'NONE',  ( -0.000000000000000000, 0.000000000000000000, -1.000000000000000000 ) ) ;
#2844 = CARTESIAN_POINT ( 'NONE',  ( 0.8000000000000008216, 0.2000000000000000111, 1.949999999999999734 ) ) ;
#2845 = LINE ( 'NONE', #1694, #5762 ) ;
#2846 = ORIENTED_EDGE ( 'NONE', *, *, #742, .F. ) ;
#2847 = EDGE_LOOP ( 'NONE', ( #95, #485, #174, #4813 ) ) ;
#2848 = AXIS2_PLACEMENT_3D ( 'NONE', #1946, #6062, #6526 ) ;
#2849 = PLANE ( 'NONE',  #4433 ) ;
#2850 = DIRECTION ( 'NONE',  ( 1.000000000000000000, -0.000000000000000000, 7.228014483236699514E-16 ) ) ;
#2851 = VECTOR ( 'NONE', #3374, 1000.000000000000000 ) ;
#2852 = VECTOR ( 'NONE', #5316, 1000.000000000000000 ) ;
#2853 = DIRECTION ( 'NONE',  ( 0.000000000000000000, 1.000000000000000000, 0.000000000000000000 ) ) ;
#2854 = VECTOR ( 'NONE', #972, 1000.000000000000000 ) ;
#2855 = EDGE_LOOP ( 'NONE', ( #5969, #4732, #4466, #6256 ) ) ;
#2856 = CARTESIAN_POINT ( 'NONE',  ( 2.499999999999998668, 0.000000000000000000, -1.149999999999999911 ) ) ;
#2857 = ADVANCED_FACE ( 'NONE', ( #2673 ), #2372, .F. ) ;
#2858 = ORIENTED_EDGE ( 'NONE', *, *, #6527, .F. ) ;
#2859 = EDGE_CURVE ( 'NONE', #4893, #2736, #828, .T. ) ;
#2860 = EDGE_CURVE ( 'NONE', #2953, #3551, #997, .T. ) ;
#2861 = VERTEX_POINT ( 'NONE', #5473 ) ;
#2862 = LINE ( 'NONE', #3358, #1988 ) ;
#2863 = CARTESIAN_POINT ( 'NONE',  ( 1.949999999999998623, 0.1999999999999999833, -1.449999999999999956 ) ) ;
#2864 = VECTOR ( 'NONE', #1135, 1000.000000000000000 ) ;
#2865 = ORIENTED_EDGE ( 'NONE', *, *, #3502, .F. ) ;
#2866 = ORIENTED_EDGE ( 'NONE', *, *, #6611, .F. ) ;
#2867 = VECTOR ( 'NONE', #4555, 1000.000000000000000 ) ;
#2868 =( GEOMETRIC_REPRESENTATION_CONTEXT ( 3 ) GLOBAL_UNCERTAINTY_ASSIGNED_CONTEXT ( ( #5458 ) ) GLOBAL_UNIT_ASSIGNED_CONTEXT ( ( #6534, #2386, #882 ) ) REPRESENTATION_CONTEXT ( 'NONE', 'WORKASPACE' ) );
#2869 = AXIS2_PLACEMENT_3D ( 'NONE', #932, #1451, #5069 ) ;
#2870 = ORIENTED_EDGE ( 'NONE', *, *, #127, .T. ) ;
#2871 = SURFACE_STYLE_FILL_AREA ( #4381 ) ;
#2872 = DIRECTION ( 'NONE',  ( 1.000000000000000000, -0.000000000000000000, 0.000000000000000000 ) ) ;
#2873 = CARTESIAN_POINT ( 'NONE',  ( -1.949999999999998623, 0.8264982043070834283, -0.5000000000000000000 ) ) ;
#2874 = VECTOR ( 'NONE', #2429, 1000.000000000000000 ) ;
#2875 = DIRECTION ( 'NONE',  ( -0.000000000000000000, -1.000000000000000000, -0.000000000000000000 ) ) ;
#2876 = CARTESIAN_POINT ( 'NONE',  ( -2.499999999999998668, 0.000000000000000000, -0.7999999999999999334 ) ) ;
#2877 = ORIENTED_EDGE ( 'NONE', *, *, #4788, .T. ) ;
#2878 = VECTOR ( 'NONE', #3104, 1000.000000000000000 ) ;
#2879 = PRESENTATION_LAYER_ASSIGNMENT (  '', '', ( #5185 ) ) ;
#2880 = EDGE_CURVE ( 'NONE', #1371, #3448, #4947, .T. ) ;
#2881 = FACE_OUTER_BOUND ( 'NONE', #5497, .T. ) ;
#2882 = DIRECTION ( 'NONE',  ( 0.000000000000000000, 0.000000000000000000, 1.000000000000000000 ) ) ;
#2883 = SURFACE_STYLE_USAGE ( .BOTH. , #3954 ) ;
#2884 = CARTESIAN_POINT ( 'NONE',  ( -2.099999999999999645, 0.8000000000000000444, -2.100000000000000089 ) ) ;
#2885 = ORIENTED_EDGE ( 'NONE', *, *, #4512, .T. ) ;
#2886 =( NAMED_UNIT ( * ) PLANE_ANGLE_UNIT ( ) SI_UNIT ( $, .RADIAN. ) );
#2887 = LINE ( 'NONE', #5202, #5883 ) ;
#2888 = DIRECTION ( 'NONE',  ( -0.000000000000000000, -1.000000000000000000, -0.000000000000000000 ) ) ;
#2889 = EDGE_CURVE ( 'NONE', #2010, #3083, #6296, .T. ) ;
#2890 = EDGE_CURVE ( 'NONE', #5991, #542, #5799, .T. ) ;
#2891 = DIRECTION ( 'NONE',  ( 1.000000000000000000, -0.000000000000000000, 0.000000000000000000 ) ) ;
#2892 = CARTESIAN_POINT ( 'NONE',  ( -1.149999999999999023, 0.1999999999999999833, 1.949999999999999734 ) ) ;
#2893 = ADVANCED_FACE ( 'NONE', ( #4672 ), #1502, .T. ) ;
#2894 = DIRECTION ( 'NONE',  ( 0.000000000000000000, -1.000000000000000000, 0.000000000000000000 ) ) ;
#2895 = ORIENTED_EDGE ( 'NONE', *, *, #584, .F. ) ;
#2896 = CARTESIAN_POINT ( 'NONE',  ( 0.8000000000000010436, 0.8264982043070837614, 2.499999999999999556 ) ) ;
#2897 = ORIENTED_EDGE ( 'NONE', *, *, #2836, .F. ) ;
#2898 = ORIENTED_EDGE ( 'NONE', *, *, #1244, .F. ) ;
#2899 = DIRECTION ( 'NONE',  ( 0.000000000000000000, 0.000000000000000000, -1.000000000000000000 ) ) ;
#2900 = EDGE_CURVE ( 'NONE', #6505, #3299, #1765, .T. ) ;
#2901 = CARTESIAN_POINT ( 'NONE',  ( 2.499999999999998668, 0.1999999999999999833, -0.5000000000000000000 ) ) ;
#2902 = CARTESIAN_POINT ( 'NONE',  ( -2.099999999999999645, 0.8000000000000000444, -1.899999999999999911 ) ) ;
#2903 = DIRECTION ( 'NONE',  ( 1.000000000000000000, -0.000000000000000000, -7.228014483236698528E-16 ) ) ;
#2904 = VERTEX_POINT ( 'NONE', #3474 ) ;
#2905 = CARTESIAN_POINT ( 'NONE',  ( 1.450000000000000844, 0.2000000000000000111, 1.949999999999999734 ) ) ;
#2906 = DIRECTION ( 'NONE',  ( 0.000000000000000000, -1.000000000000000000, 0.000000000000000000 ) ) ;
#2907 = VERTEX_POINT ( 'NONE', #1472 ) ;
#2908 = CARTESIAN_POINT ( 'NONE',  ( -1.949999999999998623, 0.1999999999999999833, 1.449999999999999956 ) ) ;
#2909 = EDGE_CURVE ( 'NONE', #2446, #3911, #302, .T. ) ;
#2910 = DIRECTION ( 'NONE',  ( -1.000000000000000000, 0.000000000000000000, -0.000000000000000000 ) ) ;
#2911 =( NAMED_UNIT ( * ) PLANE_ANGLE_UNIT ( ) SI_UNIT ( $, .RADIAN. ) );
#2912 = ORIENTED_EDGE ( 'NONE', *, *, #1741, .F. ) ;
#2913 = FACE_OUTER_BOUND ( 'NONE', #4819, .T. ) ;
#2914 = DIRECTION ( 'NONE',  ( 1.000000000000000000, 0.000000000000000000, 7.228014483236697541E-16 ) ) ;
#2915 = DIRECTION ( 'NONE',  ( 0.000000000000000000, 0.000000000000000000, 1.000000000000000000 ) ) ;
#2916 = VERTEX_POINT ( 'NONE', #1456 ) ;
#2917 = LINE ( 'NONE', #5419, #4047 ) ;
#2918 = ORIENTED_EDGE ( 'NONE', *, *, #5154, .T. ) ;
#2919 = PLANE ( 'NONE',  #5651 ) ;
#2920 = CARTESIAN_POINT ( 'NONE',  ( 0.8000000000000003775, 0.04999999999999999584, -1.949999999999999289 ) ) ;
#2921 = DIRECTION ( 'NONE',  ( -0.7071067811865475727, 0.000000000000000000, -0.7071067811865475727 ) ) ;
#2922 = DIRECTION ( 'NONE',  ( 1.000000000000000000, 0.000000000000000000, 7.228014483236697541E-16 ) ) ;
#2923 = EDGE_CURVE ( 'NONE', #6192, #1320, #2645, .T. ) ;
#2924 = EDGE_LOOP ( 'NONE', ( #135, #333, #5779, #2600 ) ) ;
#2925 = DIRECTION ( 'NONE',  ( 0.000000000000000000, 0.000000000000000000, 1.000000000000000000 ) ) ;
#2926 = ADVANCED_FACE ( 'NONE', ( #4591 ), #6141, .F. ) ;
#2927 = FACE_OUTER_BOUND ( 'NONE', #6149, .T. ) ;
#2928 = ORIENTED_EDGE ( 'NONE', *, *, #3287, .T. ) ;
#2929 = PRESENTATION_STYLE_ASSIGNMENT (( #1863 ) ) ;
#2930 = VECTOR ( 'NONE', #1787, 1000.000000000000000 ) ;
#2931 = EDGE_LOOP ( 'NONE', ( #2461, #4799, #4651, #6090 ) ) ;
#2932 = ORIENTED_EDGE ( 'NONE', *, *, #3183, .T. ) ;
#2933 = DIRECTION ( 'NONE',  ( -7.885106708985489034E-17, 0.000000000000000000, 1.000000000000000000 ) ) ;
#2934 = VECTOR ( 'NONE', #3758, 1000.000000000000000 ) ;
#2935 = CARTESIAN_POINT ( 'NONE',  ( -0.4999999999999998890, 0.05000000000000000278, 1.971276677246371519E-16 ) ) ;
#2936 = ORIENTED_EDGE ( 'NONE', *, *, #3151, .T. ) ;
#2937 = EDGE_CURVE ( 'NONE', #6064, #2904, #4347, .T. ) ;
#2938 = CARTESIAN_POINT ( 'NONE',  ( 1.949999999999998623, 0.8264982043070834283, -0.1499999999999999667 ) ) ;
#2939 = LINE ( 'NONE', #4599, #3184 ) ;
#2940 = VERTEX_POINT ( 'NONE', #368 ) ;
#2941 = FILL_AREA_STYLE ('',( #435 ) ) ;
#2942 = ORIENTED_EDGE ( 'NONE', *, *, #3125, .F. ) ;
#2943 = DIRECTION ( 'NONE',  ( 1.445602896647339508E-15, 0.000000000000000000, -1.000000000000000000 ) ) ;
#2944 = ORIENTED_EDGE ( 'NONE', *, *, #4749, .F. ) ;
#2945 = LINE ( 'NONE', #3326, #5123 ) ;
#2946 = DIRECTION ( 'NONE',  ( 1.000000000000000000, 0.000000000000000000, 6.994852725712932707E-17 ) ) ;
#2947 = VECTOR ( 'NONE', #411, 1000.000000000000000 ) ;
#2948 = AXIS2_PLACEMENT_3D ( 'NONE', #2436, #1874, #5560 ) ;
#2949 = ORIENTED_EDGE ( 'NONE', *, *, #4193, .F. ) ;
#2950 = FACE_OUTER_BOUND ( 'NONE', #4078, .T. ) ;
#2951 = CARTESIAN_POINT ( 'NONE',  ( -0.7999999999999994893, 0.2000000000000000111, -1.949999999999999067 ) ) ;
#2952 = CARTESIAN_POINT ( 'NONE',  ( -1.949999999999998623, 0.1999999999999999833, -0.1499999999999999667 ) ) ;
#2953 = VERTEX_POINT ( 'NONE', #4061 ) ;
#2954 = LINE ( 'NONE', #832, #537 ) ;
#2955 = DIRECTION ( 'NONE',  ( -0.000000000000000000, -1.000000000000000000, -0.000000000000000000 ) ) ;
#2956 = ORIENTED_EDGE ( 'NONE', *, *, #1626, .T. ) ;
#2957 = ORIENTED_EDGE ( 'NONE', *, *, #5016, .T. ) ;
#2958 = LINE ( 'NONE', #5415, #1584 ) ;
#2959 = SURFACE_SIDE_STYLE ('',( #2364 ) ) ;
#2960 = ORIENTED_EDGE ( 'NONE', *, *, #5674, .F. ) ;
#2961 = FACE_OUTER_BOUND ( 'NONE', #1699, .T. ) ;
#2962 = FACE_OUTER_BOUND ( 'NONE', #1105, .T. ) ;
#2963 = CARTESIAN_POINT ( 'NONE',  ( 1.949999999999998623, 0.8264982043070834283, 0.5000000000000000000 ) ) ;
#2964 = ORIENTED_EDGE ( 'NONE', *, *, #4749, .T. ) ;
#2965 = VECTOR ( 'NONE', #323, 1000.000000000000000 ) ;
#2966 = ADVANCED_FACE ( 'NONE', ( #2486 ), #1969, .T. ) ;
#2967 = LINE ( 'NONE', #3845, #3291 ) ;
#2968 = DIRECTION ( 'NONE',  ( 1.000000000000000000, 0.000000000000000000, 7.228014483236699514E-16 ) ) ;
#2969 =( NAMED_UNIT ( * ) SI_UNIT ( $, .STERADIAN. ) SOLID_ANGLE_UNIT ( ) );
#2970 = EDGE_CURVE ( 'NONE', #852, #6017, #3856, .T. ) ;
#2971 = CARTESIAN_POINT ( 'NONE',  ( -2.499999999999998668, 0.8264982043070834283, -1.149999999999999911 ) ) ;
#2972 = FACE_OUTER_BOUND ( 'NONE', #4946, .T. ) ;
#2973 = CARTESIAN_POINT ( 'NONE',  ( 0.000000000000000000, 0.2000000000000000111, 0.000000000000000000 ) ) ;
#2974 = DIRECTION ( 'NONE',  ( -1.000000000000000000, 0.000000000000000000, 0.000000000000000000 ) ) ;
#2975 = CARTESIAN_POINT ( 'NONE',  ( -0.4999999999999991673, 0.2000000000000000111, 1.949999999999999734 ) ) ;
#2976 = EDGE_CURVE ( 'NONE', #3074, #1043, #1272, .T. ) ;
#2977 = ORIENTED_EDGE ( 'NONE', *, *, #5561, .T. ) ;
#2978 = DIRECTION ( 'NONE',  ( 0.000000000000000000, 0.000000000000000000, 1.000000000000000000 ) ) ;
#2979 = EDGE_LOOP ( 'NONE', ( #5868, #4719, #848, #4231 ) ) ;
#2980 = CARTESIAN_POINT ( 'NONE',  ( 1.449999999999999956, 0.05000000000000000278, -5.716702364014478194E-16 ) ) ;
#2981 = CARTESIAN_POINT ( 'NONE',  ( 0.1500000000000003830, 0.2000000000000000111, -2.499999999999999556 ) ) ;
#2982 = CARTESIAN_POINT ( 'NONE',  ( -1.550000000000000266, 0.1999999999999996503, -1.199999999999999289 ) ) ;
#2983 = VERTEX_POINT ( 'NONE', #3495 ) ;
#2984 = ORIENTED_EDGE ( 'NONE', *, *, #6008, .T. ) ;
#2985 = CARTESIAN_POINT ( 'NONE',  ( 1.300000000000000044, 0.000000000000000000, 0.000000000000000000 ) ) ;
#2986 = CARTESIAN_POINT ( 'NONE',  ( -1.409462824231156750E-15, 0.05000000000000000278, 1.950000000000000622 ) ) ;
#2987 = DIRECTION ( 'NONE',  ( 8.673617379884035472E-17, -0.000000000000000000, 1.000000000000000000 ) ) ;
#2988 = EDGE_CURVE ( 'NONE', #2568, #2651, #3213, .T. ) ;
#2989 = EDGE_CURVE ( 'NONE', #6567, #856, #3297, .T. ) ;
#2990 = CARTESIAN_POINT ( 'NONE',  ( -1.949999999999998623, 0.8264982043070834283, 0.5000000000000000000 ) ) ;
#2991 = CARTESIAN_POINT ( 'NONE',  ( 2.499999999999998668, 0.1999999999999999833, 0.7999999999999999334 ) ) ;
#2992 = ADVANCED_FACE ( 'NONE', ( #6052 ), #5632, .T. ) ;
#2993 =( GEOMETRIC_REPRESENTATION_CONTEXT ( 3 ) GLOBAL_UNCERTAINTY_ASSIGNED_CONTEXT ( ( #1152 ) ) GLOBAL_UNIT_ASSIGNED_CONTEXT ( ( #5984, #2886, #6498 ) ) REPRESENTATION_CONTEXT ( 'NONE', 'WORKASPACE' ) );
#2994 = CARTESIAN_POINT ( 'NONE',  ( 0.8000000000000003775, 0.04999999999999969746, -2.499999999999999556 ) ) ;
#2995 = ORIENTED_EDGE ( 'NONE', *, *, #4214, .F. ) ;
#2996 = LINE ( 'NONE', #645, #1469 ) ;
#2997 = ORIENTED_EDGE ( 'NONE', *, *, #979, .F. ) ;
#2998 = CARTESIAN_POINT ( 'NONE',  ( -1.449999999999999512, 0.1999999999999999833, -2.499999999999999112 ) ) ;
#2999 = EDGE_CURVE ( 'NONE', #1771, #4274, #5640, .T. ) ;
#3000 = ADVANCED_FACE ( 'NONE', ( #2168 ), #4110, .F. ) ;
#3001 = CARTESIAN_POINT ( 'NONE',  ( 2.499999999999998668, 0.8264982043070834283, -1.149999999999999911 ) ) ;
#3002 = CARTESIAN_POINT ( 'NONE',  ( -2.499999999999998668, 0.000000000000000000, -0.5000000000000000000 ) ) ;
#3003 = EDGE_LOOP ( 'NONE', ( #4978, #3944, #6653, #3418 ) ) ;
#3004 =( GEOMETRIC_REPRESENTATION_CONTEXT ( 3 ) GLOBAL_UNCERTAINTY_ASSIGNED_CONTEXT ( ( #3055 ) ) GLOBAL_UNIT_ASSIGNED_CONTEXT ( ( #369, #941, #2438 ) ) REPRESENTATION_CONTEXT ( 'NONE', 'WORKASPACE' ) );
#3005 = EDGE_CURVE ( 'NONE', #5310, #733, #1675, .T. ) ;
#3006 = VERTEX_POINT ( 'NONE', #4678 ) ;
#3007 = LINE ( 'NONE', #5005, #104 ) ;
#3008 = PLANE ( 'NONE',  #5596 ) ;
#3009 = FACE_OUTER_BOUND ( 'NONE', #4585, .T. ) ;
#3010 = ORIENTED_EDGE ( 'NONE', *, *, #5004, .T. ) ;
#3011 = VECTOR ( 'NONE', #2308, 1000.000000000000000 ) ;
#3012 = PLANE ( 'NONE',  #2454 ) ;
#3013 = EDGE_CURVE ( 'NONE', #5763, #1027, #881, .T. ) ;
#3014 = VECTOR ( 'NONE', #557, 1000.000000000000000 ) ;
#3015 = VERTEX_POINT ( 'NONE', #1054 ) ;
#3016 = ORIENTED_EDGE ( 'NONE', *, *, #5071, .T. ) ;
#3017 = FACE_OUTER_BOUND ( 'NONE', #4921, .T. ) ;
#3018 = CARTESIAN_POINT ( 'NONE',  ( 0.5000000000000004441, 0.2000000000000000111, -2.499999999999999112 ) ) ;
#3019 = FACE_OUTER_BOUND ( 'NONE', #5807, .T. ) ;
#3020 = LINE ( 'NONE', #2586, #4473 ) ;
#3021 = EDGE_LOOP ( 'NONE', ( #2694, #5910, #1871, #2020 ) ) ;
#3022 = VECTOR ( 'NONE', #4999, 1000.000000000000000 ) ;
#3023 = ORIENTED_EDGE ( 'NONE', *, *, #4520, .T. ) ;
#3024 = CARTESIAN_POINT ( 'NONE',  ( 1.150000000000001021, 0.000000000000000000, 2.499999999999999112 ) ) ;
#3025 = CARTESIAN_POINT ( 'NONE',  ( -1.149999999999999467, 0.2000000000000000111, -1.949999999999999289 ) ) ;
#3026 = ORIENTED_EDGE ( 'NONE', *, *, #742, .T. ) ;
#3027 = LINE ( 'NONE', #4189, #5294 ) ;
#3028 = CARTESIAN_POINT ( 'NONE',  ( 0.000000000000000000, 0.2000000000000000111, 0.000000000000000000 ) ) ;
#3029 = LINE ( 'NONE', #6376, #4571 ) ;
#3030 = CLOSED_SHELL ( 'NONE', ( #663, #6231, #5314, #777, #6088, #5270 ) ) ;
#3031 = ADVANCED_FACE ( 'NONE', ( #6607 ), #5143, .T. ) ;
#3032 = ORIENTED_EDGE ( 'NONE', *, *, #2646, .F. ) ;
#3033 = VECTOR ( 'NONE', #1960, 1000.000000000000000 ) ;
#3034 = CARTESIAN_POINT ( 'NONE',  ( 2.499999999999998668, 0.1999999999999999833, 1.449999999999999956 ) ) ;
#3035 = EDGE_CURVE ( 'NONE', #1164, #6226, #2887, .T. ) ;
#3036 = ORIENTED_EDGE ( 'NONE', *, *, #4690, .T. ) ;
#3037 = LINE ( 'NONE', #2250, #6033 ) ;
#3038 = LINE ( 'NONE', #88, #1662 ) ;
#3039 = CARTESIAN_POINT ( 'NONE',  ( 0.5000000000000008882, 0.2000000000000000111, 1.949999999999999512 ) ) ;
#3040 = DIRECTION ( 'NONE',  ( 1.000000000000000000, 0.000000000000000000, 0.000000000000000000 ) ) ;
#3041 = ORIENTED_EDGE ( 'NONE', *, *, #6654, .T. ) ;
#3042 = ADVANCED_FACE ( 'NONE', ( #2972 ), #4630, .F. ) ;
#3043 = DIRECTION ( 'NONE',  ( -3.942553354492745996E-16, 0.000000000000000000, -1.000000000000000000 ) ) ;
#3044 = VERTEX_POINT ( 'NONE', #4695 ) ;
#3045 = LINE ( 'NONE', #3443, #5715 ) ;
#3046 = LINE ( 'NONE', #335, #1669 ) ;
#3047 = MANIFOLD_SOLID_BREP ( 'LPattern3[3]', #6198 ) ;
#3048 =( GEOMETRIC_REPRESENTATION_CONTEXT ( 3 ) GLOBAL_UNCERTAINTY_ASSIGNED_CONTEXT ( ( #6449 ) ) GLOBAL_UNIT_ASSIGNED_CONTEXT ( ( #5099, #2009, #2969 ) ) REPRESENTATION_CONTEXT ( 'NONE', 'WORKASPACE' ) );
#3049 =( GEOMETRIC_REPRESENTATION_CONTEXT ( 3 ) GLOBAL_UNCERTAINTY_ASSIGNED_CONTEXT ( ( #2153 ) ) GLOBAL_UNIT_ASSIGNED_CONTEXT ( ( #3760, #287, #4421 ) ) REPRESENTATION_CONTEXT ( 'NONE', 'WORKASPACE' ) );
#3050 = VECTOR ( 'NONE', #3966, 1000.000000000000000 ) ;
#3051 = CARTESIAN_POINT ( 'NONE',  ( 2.499999999999998668, 0.04999999999999991257, 1.149999999999999911 ) ) ;
#3052 = DIRECTION ( 'NONE',  ( 1.000000000000000000, 0.000000000000000000, 0.000000000000000000 ) ) ;
#3053 = DIRECTION ( 'NONE',  ( 3.942553354492745503E-16, 0.000000000000000000, 1.000000000000000000 ) ) ;
#3054 = DIRECTION ( 'NONE',  ( -3.942553354492745996E-16, 0.000000000000000000, -1.000000000000000000 ) ) ;
#3055 = UNCERTAINTY_MEASURE_WITH_UNIT (LENGTH_MEASURE( 1.000000000000000082E-05 ), #369, 'distance_accuracy_value', 'NONE');
#3056 = SURFACE_STYLE_USAGE ( .BOTH. , #486 ) ;
#3058 = CARTESIAN_POINT ( 'NONE',  ( 2.499999999999998668, 0.2000000000000002054, 0.1499999999999999667 ) ) ;
#3057 = CARTESIAN_POINT ( 'NONE',  ( 1.949999999999998623, 0.000000000000000000, 0.7999999999999999334 ) ) ;
#3059 = EDGE_CURVE ( 'NONE', #4538, #6370, #800, .T. ) ;
#3060 = CARTESIAN_POINT ( 'NONE',  ( -0.7999999999999990452, 0.04999999999999999584, 1.949999999999999512 ) ) ;
#3061 = CARTESIAN_POINT ( 'NONE',  ( -1.949999999999998623, 0.1999999999999999833, -0.1499999999999999667 ) ) ;
#3062 = VERTEX_POINT ( 'NONE', #5736 ) ;
#3063 = ORIENTED_EDGE ( 'NONE', *, *, #553, .T. ) ;
#3064 = EDGE_LOOP ( 'NONE', ( #2627, #3609, #5658, #51 ) ) ;
#3065 = EDGE_CURVE ( 'NONE', #5691, #3497, #2094, .T. ) ;
#3066 = ORIENTED_EDGE ( 'NONE', *, *, #508, .T. ) ;
#3067 = ORIENTED_EDGE ( 'NONE', *, *, #6603, .F. ) ;
#3068 = ADVANCED_FACE ( 'NONE', ( #4181 ), #3631, .T. ) ;
#3069 = CARTESIAN_POINT ( 'NONE',  ( -1.949999999999998623, 0.8264982043070834283, -1.149999999999999911 ) ) ;
#3070 = DIRECTION ( 'NONE',  ( 0.000000000000000000, 0.000000000000000000, 1.000000000000000000 ) ) ;
#3071 = CARTESIAN_POINT ( 'NONE',  ( 1.150000000000000355, 0.04999999999999969746, -2.499999999999999112 ) ) ;
#3072 =( GEOMETRIC_REPRESENTATION_CONTEXT ( 3 ) GLOBAL_UNCERTAINTY_ASSIGNED_CONTEXT ( ( #5659 ) ) GLOBAL_UNIT_ASSIGNED_CONTEXT ( ( #4039, #6139, #4568 ) ) REPRESENTATION_CONTEXT ( 'NONE', 'WORKASPACE' ) );
#3073 = CARTESIAN_POINT ( 'NONE',  ( 1.549999999999999600, 4.584062043356594174, 1.550000000000000488 ) ) ;
#3074 = VERTEX_POINT ( 'NONE', #528 ) ;
#3075 = CARTESIAN_POINT ( 'NONE',  ( -1.449999999999998845, 0.2000000000000000111, 2.499999999999999112 ) ) ;
#3076 = DIRECTION ( 'NONE',  ( 0.000000000000000000, -0.000000000000000000, 1.000000000000000000 ) ) ;
#3077 = VERTEX_POINT ( 'NONE', #4659 ) ;
#3078 = EDGE_LOOP ( 'NONE', ( #5107, #732, #1334, #2885 ) ) ;
#3079 = LINE ( 'NONE', #5319, #4455 ) ;
#3080 = AXIS2_PLACEMENT_3D ( 'NONE', #5884, #2779, #765 ) ;
#3081 = ORIENTED_EDGE ( 'NONE', *, *, #4774, .F. ) ;
#3082 = VECTOR ( 'NONE', #2659, 1000.000000000000000 ) ;
#3083 = VERTEX_POINT ( 'NONE', #26 ) ;
#3084 = CARTESIAN_POINT ( 'NONE',  ( -2.099999999999999645, 0.6999999999999999556, -2.100000000000000089 ) ) ;
#3085 = VECTOR ( 'NONE', #2946, 1000.000000000000000 ) ;
#3086 = CARTESIAN_POINT ( 'NONE',  ( -1.449999999999998845, 0.000000000000000000, 2.499999999999999112 ) ) ;
#3087 = VERTEX_POINT ( 'NONE', #2128 ) ;
#3088 = VECTOR ( 'NONE', #5468, 1000.000000000000000 ) ;
#3089 = COLOUR_RGB ( '',0.7921568627450980005, 0.8196078431372548767, 0.9333333333333333481 ) ;
#3090 = EDGE_LOOP ( 'NONE', ( #2700, #2354, #5507, #6331 ) ) ;
#3091 = DIRECTION ( 'NONE',  ( 1.000000000000000000, 0.000000000000000000, -0.000000000000000000 ) ) ;
#3092 = FILL_AREA_STYLE ('',( #6213 ) ) ;
#3093 = EDGE_CURVE ( 'NONE', #946, #1201, #720, .T. ) ;
#3094 = EDGE_LOOP ( 'NONE', ( #1727, #178, #3625, #4135 ) ) ;
#3095 = DIRECTION ( 'NONE',  ( 0.000000000000000000, 0.000000000000000000, -1.000000000000000000 ) ) ;
#3096 = VECTOR ( 'NONE', #2821, 1000.000000000000000 ) ;
#3098 = DIRECTION ( 'NONE',  ( -1.000000000000000000, 0.000000000000000000, 1.445602896647339706E-15 ) ) ;
#3097 = DIRECTION ( 'NONE',  ( 0.000000000000000000, -1.000000000000000000, 0.000000000000000000 ) ) ;
#3099 = ORIENTED_EDGE ( 'NONE', *, *, #3965, .F. ) ;
#3100 = FACE_OUTER_BOUND ( 'NONE', #2419, .T. ) ;
#3101 = VECTOR ( 'NONE', #6221, 1000.000000000000000 ) ;
#3102 = ORIENTED_EDGE ( 'NONE', *, *, #2066, .F. ) ;
#3103 = ORIENTED_EDGE ( 'NONE', *, *, #1908, .F. ) ;
#3104 = DIRECTION ( 'NONE',  ( -1.000000000000000000, 0.000000000000000000, 0.000000000000000000 ) ) ;
#3105 = DIRECTION ( 'NONE',  ( -0.000000000000000000, -1.000000000000000000, -0.000000000000000000 ) ) ;
#3106 = ADVANCED_FACE ( 'NONE', ( #2801 ), #5699, .T. ) ;
#3107 = VERTEX_POINT ( 'NONE', #499 ) ;
#3108 = EDGE_CURVE ( 'NONE', #4358, #5421, #4755, .T. ) ;
#3109 = ORIENTED_EDGE ( 'NONE', *, *, #5653, .T. ) ;
#3110 = LINE ( 'NONE', #2007, #1906 ) ;
#3111 = ORIENTED_EDGE ( 'NONE', *, *, #873, .T. ) ;
#3112 = VECTOR ( 'NONE', #2662, 1000.000000000000000 ) ;
#3113 = LINE ( 'NONE', #749, #4406 ) ;
#3114 = VERTEX_POINT ( 'NONE', #4194 ) ;
#3115 = DIRECTION ( 'NONE',  ( -1.000000000000000000, 0.000000000000000000, -7.228014483236698528E-16 ) ) ;
#3116 = VERTEX_POINT ( 'NONE', #1121 ) ;
#3117 = FACE_OUTER_BOUND ( 'NONE', #5033, .T. ) ;
#3118 = SURFACE_STYLE_USAGE ( .BOTH. , #2031 ) ;
#3119 = SURFACE_STYLE_USAGE ( .BOTH. , #5168 ) ;
#3120 = ORIENTED_EDGE ( 'NONE', *, *, #1452, .F. ) ;
#3121 = CARTESIAN_POINT ( 'NONE',  ( -1.149999999999999467, 0.000000000000000000, -1.949999999999999289 ) ) ;
#3122 = VECTOR ( 'NONE', #5616, 1000.000000000000000 ) ;
#3123 = DIRECTION ( 'NONE',  ( 0.000000000000000000, 0.000000000000000000, 1.000000000000000000 ) ) ;
#3124 = VECTOR ( 'NONE', #1383, 1000.000000000000000 ) ;
#3125 = EDGE_CURVE ( 'NONE', #1460, #2953, #1527, .T. ) ;
#3126 = PLANE ( 'NONE',  #4911 ) ;
#3127 = ORIENTED_EDGE ( 'NONE', *, *, #4140, .T. ) ;
#3128 = FACE_OUTER_BOUND ( 'NONE', #5714, .T. ) ;
#3129 = CARTESIAN_POINT ( 'NONE',  ( 1.450000000000000844, 0.2000000000000000111, 1.949999999999999734 ) ) ;
#3130 = AXIS2_PLACEMENT_3D ( 'NONE', #469, #2018, #5634 ) ;
#3131 = UNCERTAINTY_MEASURE_WITH_UNIT (LENGTH_MEASURE( 1.000000000000000082E-05 ), #1196, 'distance_accuracy_value', 'NONE');
#3132 = ADVANCED_FACE ( 'NONE', ( #1447 ), #3699, .F. ) ;
#3133 = VECTOR ( 'NONE', #2614, 1000.000000000000000 ) ;
#3134 = MECHANICAL_DESIGN_GEOMETRIC_PRESENTATION_REPRESENTATION (  '', ( #4565 ), #6170 ) ;
#3135 = AXIS2_PLACEMENT_3D ( 'NONE', #2268, #5826, #6365 ) ;
#3136 = CARTESIAN_POINT ( 'NONE',  ( -1.949999999999998623, 0.05000000000000023870, -1.449999999999999956 ) ) ;
#3137 = DIRECTION ( 'NONE',  ( -1.000000000000000000, -0.000000000000000000, -0.000000000000000000 ) ) ;
#3138 = ADVANCED_FACE ( 'NONE', ( #387 ), #90, .T. ) ;
#3139 = EDGE_LOOP ( 'NONE', ( #3583, #4200, #5214, #165, #2956 ) ) ;
#3140 = CARTESIAN_POINT ( 'NONE',  ( 1.949999999999998623, 0.2000000000000002054, -0.5000000000000000000 ) ) ;
#3141 = DIRECTION ( 'NONE',  ( 0.000000000000000000, 0.000000000000000000, 1.000000000000000000 ) ) ;
#3142 = ORIENTED_EDGE ( 'NONE', *, *, #1679, .F. ) ;
#3144 = CARTESIAN_POINT ( 'NONE',  ( -1.949999999999998623, 0.2000000000000002054, -0.7999999999999999334 ) ) ;
#3143 = DIRECTION ( 'NONE',  ( 0.000000000000000000, 0.000000000000000000, -1.000000000000000000 ) ) ;
#3145 = EDGE_LOOP ( 'NONE', ( #2518, #5584, #6038, #865 ) ) ;
#3146 = ORIENTED_EDGE ( 'NONE', *, *, #1598, .F. ) ;
#3147 = DIRECTION ( 'NONE',  ( 0.000000000000000000, -1.000000000000000000, 0.000000000000000000 ) ) ;
#3148 = VERTEX_POINT ( 'NONE', #5211 ) ;
#3149 = CARTESIAN_POINT ( 'NONE',  ( 1.150000000000000799, 0.2000000000000000111, 1.949999999999999512 ) ) ;
#3150 = CARTESIAN_POINT ( 'NONE',  ( -1.949999999999998623, 0.1999999999999999833, -0.7999999999999999334 ) ) ;
#3151 = EDGE_CURVE ( 'NONE', #6341, #1664, #6681, .T. ) ;
#3152 = CARTESIAN_POINT ( 'NONE',  ( -1.949999999999998623, 0.000000000000000000, -0.1499999999999999667 ) ) ;
#3153 = ORIENTED_EDGE ( 'NONE', *, *, #5879, .T. ) ;
#3154 = CARTESIAN_POINT ( 'NONE',  ( 1.150000000000000799, 0.04999999999999999584, 1.949999999999999512 ) ) ;
#3155 = MECHANICAL_DESIGN_GEOMETRIC_PRESENTATION_REPRESENTATION (  '', ( #3896 ), #2817 ) ;
#3156 = LINE ( 'NONE', #3292, #748 ) ;
#3157 = VERTEX_POINT ( 'NONE', #6670 ) ;
#3158 = SURFACE_STYLE_USAGE ( .BOTH. , #6273 ) ;
#3159 = VECTOR ( 'NONE', #1646, 1000.000000000000000 ) ;
#3160 = VERTEX_POINT ( 'NONE', #3058 ) ;
#3161 = DIRECTION ( 'NONE',  ( 0.000000000000000000, -1.000000000000000000, 0.000000000000000000 ) ) ;
#3162 = LINE ( 'NONE', #5705, #825 ) ;
#3163 = ORIENTED_EDGE ( 'NONE', *, *, #5208, .T. ) ;
#3164 = ADVANCED_FACE ( 'NONE', ( #5465 ), #4596, .T. ) ;
#3165 = VECTOR ( 'NONE', #5336, 1000.000000000000000 ) ;
#3166 = EDGE_CURVE ( 'NONE', #2178, #3015, #5390, .T. ) ;
#3167 = LINE ( 'NONE', #5093, #5203 ) ;
#3168 = DIRECTION ( 'NONE',  ( 0.000000000000000000, -1.000000000000000000, 0.000000000000000000 ) ) ;
#3169 = STYLED_ITEM ( 'NONE', ( #4376 ), #5172 ) ;
#3170 = AXIS2_PLACEMENT_3D ( 'NONE', #820, #2891, #4984 ) ;
#3171 = VECTOR ( 'NONE', #809, 1000.000000000000000 ) ;
#3172 = VERTEX_POINT ( 'NONE', #3144 ) ;
#3173 = VECTOR ( 'NONE', #5040, 1000.000000000000000 ) ;
#3174 = ORIENTED_EDGE ( 'NONE', *, *, #1550, .T. ) ;
#3175 = VERTEX_POINT ( 'NONE', #1060 ) ;
#3176 = DIRECTION ( 'NONE',  ( -8.673617379884035472E-17, 0.000000000000000000, -1.000000000000000000 ) ) ;
#3177 = FACE_OUTER_BOUND ( 'NONE', #4777, .T. ) ;
#3178 = DIRECTION ( 'NONE',  ( 0.000000000000000000, 1.000000000000000000, 0.000000000000000000 ) ) ;
#3179 = VECTOR ( 'NONE', #2577, 1000.000000000000000 ) ;
#3180 = DIRECTION ( 'NONE',  ( -0.000000000000000000, -1.000000000000000000, -0.000000000000000000 ) ) ;
#3181 = PRODUCT_DEFINITION_FORMATION_WITH_SPECIFIED_SOURCE ( 'ANY', '', #1173, .NOT_KNOWN. ) ;
#3182 = DIRECTION ( 'NONE',  ( -1.000000000000000000, 0.000000000000000000, 7.228014483236699514E-16 ) ) ;
#3183 = EDGE_CURVE ( 'NONE', #6271, #515, #1746, .T. ) ;
#3184 = VECTOR ( 'NONE', #3040, 1000.000000000000000 ) ;
#3185 = VERTEX_POINT ( 'NONE', #3635 ) ;
#3186 = VECTOR ( 'NONE', #2322, 1000.000000000000000 ) ;
#3187 = VERTEX_POINT ( 'NONE', #2622 ) ;
#3188 = PLANE ( 'NONE',  #2146 ) ;
#3189 = ORIENTED_EDGE ( 'NONE', *, *, #3923, .T. ) ;
#3190 = COLOUR_RGB ( '',0.7921568627450980005, 0.8196078431372548767, 0.9333333333333333481 ) ;
#3191 = LINE ( 'NONE', #1740, #1104 ) ;
#3192 = VERTEX_POINT ( 'NONE', #555 ) ;
#3193 = CARTESIAN_POINT ( 'NONE',  ( 1.949999999999998623, 0.1999999999999999833, -1.149999999999999911 ) ) ;
#3194 = VERTEX_POINT ( 'NONE', #4684 ) ;
#3195 = CARTESIAN_POINT ( 'NONE',  ( 0.5000000000000004441, 0.000000000000000000, -2.499999999999999112 ) ) ;
#3196 = EDGE_CURVE ( 'NONE', #6195, #4456, #4218, .T. ) ;
#3197 = VERTEX_POINT ( 'NONE', #4159 ) ;
#3198 = LINE ( 'NONE', #4172, #5708 ) ;
#3199 = CARTESIAN_POINT ( 'NONE',  ( 1.949999999999998623, 0.8264982043070834283, 0.1499999999999999667 ) ) ;
#3200 = LINE ( 'NONE', #2590, #1259 ) ;
#3201 = LINE ( 'NONE', #3955, #701 ) ;
#3202 = CARTESIAN_POINT ( 'NONE',  ( 1.949999999999998623, 0.1999999999999999833, -0.7999999999999999334 ) ) ;
#3203 = CARTESIAN_POINT ( 'NONE',  ( -1.949999999999998623, 0.8264982043070834283, 0.1499999999999999667 ) ) ;
#3204 = ORIENTED_EDGE ( 'NONE', *, *, #6406, .T. ) ;
#3205 = AXIS2_PLACEMENT_3D ( 'NONE', #586, #4206, #1618 ) ;
#3206 = FACE_OUTER_BOUND ( 'NONE', #82, .T. ) ;
#3207 = DIRECTION ( 'NONE',  ( 3.942553354492745503E-16, 0.000000000000000000, 1.000000000000000000 ) ) ;
#3208 = ADVANCED_FACE ( 'NONE', ( #5271 ), #6234, .T. ) ;
#3209 = DIRECTION ( 'NONE',  ( 0.000000000000000000, -0.000000000000000000, 1.000000000000000000 ) ) ;
#3210 = DIRECTION ( 'NONE',  ( -1.000000000000000000, 0.000000000000000000, 0.000000000000000000 ) ) ;
#3211 = ORIENTED_EDGE ( 'NONE', *, *, #3888, .T. ) ;
#3212 = EDGE_CURVE ( 'NONE', #3661, #6103, #5241, .T. ) ;
#3213 = LINE ( 'NONE', #6115, #3050 ) ;
#3214 = EDGE_CURVE ( 'NONE', #2150, #1879, #6134, .T. ) ;
#3215 = CARTESIAN_POINT ( 'NONE',  ( 0.000000000000000000, 0.2000000000000000111, 0.000000000000000000 ) ) ;
#3216 = CARTESIAN_POINT ( 'NONE',  ( -1.199999999999999956, 0.1999999999999996503, -1.549999999999999600 ) ) ;
#3217 = DIRECTION ( 'NONE',  ( 3.942553354492744024E-16, 0.000000000000000000, 1.000000000000000000 ) ) ;
#3218 = DIRECTION ( 'NONE',  ( 0.000000000000000000, 0.000000000000000000, -1.000000000000000000 ) ) ;
#3219 = DIRECTION ( 'NONE',  ( -0.000000000000000000, -1.000000000000000000, -0.000000000000000000 ) ) ;
#3220 = ORIENTED_EDGE ( 'NONE', *, *, #905, .F. ) ;
#3221 = CARTESIAN_POINT ( 'NONE',  ( -1.199999999999999956, 0.05000000000000143219, -1.549999999999999600 ) ) ;
#3222 = SURFACE_STYLE_USAGE ( .BOTH. , #5888 ) ;
#3223 = EDGE_CURVE ( 'NONE', #3107, #4853, #4976, .T. ) ;
#3224 = ORIENTED_EDGE ( 'NONE', *, *, #1092, .F. ) ;
#3225 = ORIENTED_EDGE ( 'NONE', *, *, #3868, .F. ) ;
#3226 = PLANE ( 'NONE',  #175 ) ;
#3227 = DIRECTION ( 'NONE',  ( 0.000000000000000000, 0.000000000000000000, -1.000000000000000000 ) ) ;
#3228 = EDGE_LOOP ( 'NONE', ( #5268, #1257, #416, #3063, #4567, #2433, #4956, #1453, #4905, #2103, #1398, #3841, #121, #6282, #5994, #977, #6305, #2181, #183, #1341, #4462, #1703, #5615, #6152 ) ) ;
#3229 = ORIENTED_EDGE ( 'NONE', *, *, #5830, .T. ) ;
#3230 = CARTESIAN_POINT ( 'NONE',  ( 0.000000000000000000, 0.2000000000000000111, 0.000000000000000000 ) ) ;
#3231 = EDGE_CURVE ( 'NONE', #5067, #5854, #5048, .T. ) ;
#3232 = EDGE_CURVE ( 'NONE', #2450, #2117, #70, .T. ) ;
#3233 = CARTESIAN_POINT ( 'NONE',  ( 1.949999999999998623, 0.05000000000000000278, 0.000000000000000000 ) ) ;
#3234 = CARTESIAN_POINT ( 'NONE',  ( 2.499999999999998668, 0.8264982043070834283, 1.149999999999999911 ) ) ;
#3235 = ADVANCED_FACE ( 'NONE', ( #2051 ), #4117, .T. ) ;
#3236 = DIRECTION ( 'NONE',  ( 0.000000000000000000, -0.000000000000000000, -1.000000000000000000 ) ) ;
#3237 = CARTESIAN_POINT ( 'NONE',  ( 2.500000000000002220, 0.05000000000000000278, -2.499999999999999112 ) ) ;
#3238 = EDGE_LOOP ( 'NONE', ( #5411, #2363, #5660, #566 ) ) ;
#3239 = CARTESIAN_POINT ( 'NONE',  ( 0.5000000000000004441, 0.000000000000000000, -1.949999999999999067 ) ) ;
#3240 = ORIENTED_EDGE ( 'NONE', *, *, #2632, .T. ) ;
#3241 = ORIENTED_EDGE ( 'NONE', *, *, #2008, .F. ) ;
#3242 = CARTESIAN_POINT ( 'NONE',  ( -2.499999999999998668, 0.04999999999999991257, 0.5000000000000000000 ) ) ;
#3243 = VERTEX_POINT ( 'NONE', #5726 ) ;
#3244 = EDGE_CURVE ( 'NONE', #4866, #2283, #4492, .T. ) ;
#3245 = VECTOR ( 'NONE', #5701, 1000.000000000000000 ) ;
#3246 = PLANE ( 'NONE',  #5486 ) ;
#3247 = MANIFOLD_SOLID_BREP ( 'LPattern4[2]', #4736 ) ;
#3248 = CARTESIAN_POINT ( 'NONE',  ( -1.949999999999998623, 0.1999999999999999833, 0.7999999999999999334 ) ) ;
#3249 = ORIENTED_EDGE ( 'NONE', *, *, #4560, .F. ) ;
#3250 = CARTESIAN_POINT ( 'NONE',  ( -1.449999999999999067, 0.8264982043070837614, 1.949999999999999512 ) ) ;
#3251 = EDGE_LOOP ( 'NONE', ( #6358, #4665, #719, #3174, #3153 ) ) ;
#3252 = LINE ( 'NONE', #6457, #3011 ) ;
#3253 = ORIENTED_EDGE ( 'NONE', *, *, #2565, .T. ) ;
#3254 = ORIENTED_EDGE ( 'NONE', *, *, #5812, .T. ) ;
#3255 = DIRECTION ( 'NONE',  ( 1.000000000000000000, 0.000000000000000000, -0.000000000000000000 ) ) ;
#3256 = DIRECTION ( 'NONE',  ( 0.000000000000000000, -0.000000000000000000, 1.000000000000000000 ) ) ;
#3257 = VECTOR ( 'NONE', #4761, 1000.000000000000000 ) ;
#3258 = ORIENTED_EDGE ( 'NONE', *, *, #2900, .T. ) ;
#3259 = VECTOR ( 'NONE', #5263, 1000.000000000000000 ) ;
#3260 = LINE ( 'NONE', #2513, #2373 ) ;
#3261 = ORIENTED_EDGE ( 'NONE', *, *, #4917, .F. ) ;
#3262 = DIRECTION ( 'NONE',  ( 0.000000000000000000, 0.000000000000000000, -1.000000000000000000 ) ) ;
#3263 = AXIS2_PLACEMENT_3D ( 'NONE', #4731, #4158, #4683 ) ;
#3264 = AXIS2_PLACEMENT_3D ( 'NONE', #5801, #3694, #138 ) ;
#3265 = EDGE_LOOP ( 'NONE', ( #5568, #4048, #4632, #3662 ) ) ;
#3266 = CLOSED_SHELL ( 'NONE', ( #2027, #4042, #6018, #4082, #3734, #1553 ) ) ;
#3267 =( NAMED_UNIT ( * ) PLANE_ANGLE_UNIT ( ) SI_UNIT ( $, .RADIAN. ) );
#3268 = DIRECTION ( 'NONE',  ( -0.000000000000000000, -0.000000000000000000, 1.000000000000000000 ) ) ;
#3269 = VECTOR ( 'NONE', #4515, 1000.000000000000000 ) ;
#3270 = CARTESIAN_POINT ( 'NONE',  ( 0.5000000000000004441, 0.05000000000000000278, 0.000000000000000000 ) ) ;
#3271 = ORIENTED_EDGE ( 'NONE', *, *, #5717, .F. ) ;
#3272 = FACE_OUTER_BOUND ( 'NONE', #2654, .T. ) ;
#3273 = FILL_AREA_STYLE_COLOUR ( '', #5622 ) ;
#3274 = ADVANCED_FACE ( 'NONE', ( #3614 ), #4787, .T. ) ;
#3275 = VERTEX_POINT ( 'NONE', #4273 ) ;
#3276 = APPLICATION_PROTOCOL_DEFINITION ( 'draft international standard', 'automotive_design', 1998, #208 ) ;
#3277 = EDGE_CURVE ( 'NONE', #929, #130, #546, .T. ) ;
#3278 = EDGE_LOOP ( 'NONE', ( #2134, #1507, #3624, #154 ) ) ;
#3279 = VERTEX_POINT ( 'NONE', #1698 ) ;
#3280 = CARTESIAN_POINT ( 'NONE',  ( -2.499999999999998668, 0.8264982043070834283, 1.149999999999999911 ) ) ;
#3281 = EDGE_LOOP ( 'NONE', ( #1774, #4966, #4606, #6066 ) ) ;
#3282 = LINE ( 'NONE', #2585, #1918 ) ;
#3283 = DIRECTION ( 'NONE',  ( 0.000000000000000000, -1.000000000000000000, 0.000000000000000000 ) ) ;
#3284 = CARTESIAN_POINT ( 'NONE',  ( -0.7999999999999994893, 0.04999999999999969746, -2.499999999999999112 ) ) ;
#3285 = LINE ( 'NONE', #5075, #3124 ) ;
#3286 = PLANE ( 'NONE',  #5225 ) ;
#3287 = EDGE_CURVE ( 'NONE', #3551, #6044, #4508, .T. ) ;
#3288 = CARTESIAN_POINT ( 'NONE',  ( 0.8000000000000010436, 0.1999999999999999833, 2.499999999999999556 ) ) ;
#3289 = ORIENTED_EDGE ( 'NONE', *, *, #3108, .F. ) ;
#3290 = LINE ( 'NONE', #3511, #3367 ) ;
#3291 = VECTOR ( 'NONE', #4987, 1000.000000000000000 ) ;
#3292 = CARTESIAN_POINT ( 'NONE',  ( 1.949999999999998623, 0.000000000000000000, 1.149999999999999911 ) ) ;
#3293 = CARTESIAN_POINT ( 'NONE',  ( -1.949999999999998623, 0.000000000000000000, -1.149999999999999911 ) ) ;
#3294 = CARTESIAN_POINT ( 'NONE',  ( 0.1500000000000003830, 0.04999999999999999584, -1.949999999999999289 ) ) ;
#3295 = PLANE ( 'NONE',  #4682 ) ;
#3296 = ORIENTED_EDGE ( 'NONE', *, *, #1934, .F. ) ;
#3297 = LINE ( 'NONE', #893, #6223 ) ;
#3298 = DIRECTION ( 'NONE',  ( 0.000000000000000000, 0.000000000000000000, -1.000000000000000000 ) ) ;
#3299 = VERTEX_POINT ( 'NONE', #5481 ) ;
#3300 = VERTEX_POINT ( 'NONE', #2355 ) ;
#3301 = DIRECTION ( 'NONE',  ( -1.000000000000000000, 0.000000000000000000, -1.445602896647339508E-15 ) ) ;
#3302 = AXIS2_PLACEMENT_3D ( 'NONE', #6070, #5583, #4025 ) ;
#3303 = STYLED_ITEM ( 'NONE', ( #4419 ), #3247 ) ;
#3304 = ADVANCED_FACE ( 'NONE', ( #1759 ), #4775, .F. ) ;
#3305 = ORIENTED_EDGE ( 'NONE', *, *, #3923, .F. ) ;
#3306 = CARTESIAN_POINT ( 'NONE',  ( 0.8000000000000003775, 0.8264982043070837614, -1.949999999999999289 ) ) ;
#3307 = ORIENTED_EDGE ( 'NONE', *, *, #6313, .F. ) ;
#3308 = ORIENTED_EDGE ( 'NONE', *, *, #785, .F. ) ;
#3309 = EDGE_CURVE ( 'NONE', #4986, #1794, #6287, .T. ) ;
#3310 = CARTESIAN_POINT ( 'NONE',  ( 1.949999999999998623, 0.000000000000000000, -0.7999999999999999334 ) ) ;
#3311 = DIRECTION ( 'NONE',  ( 0.000000000000000000, 0.000000000000000000, -1.000000000000000000 ) ) ;
#3312 = DIRECTION ( 'NONE',  ( 0.000000000000000000, 0.000000000000000000, -1.000000000000000000 ) ) ;
#3313 = PLANE ( 'NONE',  #4654 ) ;
#3314 =( GEOMETRIC_REPRESENTATION_CONTEXT ( 3 ) GLOBAL_UNCERTAINTY_ASSIGNED_CONTEXT ( ( #442 ) ) GLOBAL_UNIT_ASSIGNED_CONTEXT ( ( #6639, #2021, #5150 ) ) REPRESENTATION_CONTEXT ( 'NONE', 'WORKASPACE' ) );
#3315 = EDGE_CURVE ( 'NONE', #1855, #2529, #2085, .T. ) ;
#3316 = EDGE_LOOP ( 'NONE', ( #3659, #4143, #5993, #3930 ) ) ;
#3317 = DIRECTION ( 'NONE',  ( -0.000000000000000000, -0.000000000000000000, 1.000000000000000000 ) ) ;
#3318 = CARTESIAN_POINT ( 'NONE',  ( 0.5000000000000004441, 0.04999999999999969746, -2.499999999999999112 ) ) ;
#3319 = LINE ( 'NONE', #2798, #251 ) ;
#3320 = ORIENTED_EDGE ( 'NONE', *, *, #3093, .F. ) ;
#3321 = LINE ( 'NONE', #2593, #6478 ) ;
#3322 = ORIENTED_EDGE ( 'NONE', *, *, #3453, .F. ) ;
#3323 = COLOUR_RGB ( '',0.7921568627450980005, 0.8196078431372548767, 0.9333333333333333481 ) ;
#3324 = ORIENTED_EDGE ( 'NONE', *, *, #3196, .T. ) ;
#3325 = VECTOR ( 'NONE', #716, 1000.000000000000000 ) ;
#3326 = CARTESIAN_POINT ( 'NONE',  ( -2.499999999999998668, 0.1999999999999999833, -0.5000000000000000000 ) ) ;
#3327 = CARTESIAN_POINT ( 'NONE',  ( 0.8000000000000003775, 0.8264982043070837614, -2.499999999999999556 ) ) ;
#3328 = DIRECTION ( 'NONE',  ( -1.000000000000000000, 0.000000000000000000, -0.000000000000000000 ) ) ;
#3329 = MANIFOLD_SOLID_BREP ( 'LPattern3[8]', #6429 ) ;
#3330 = ADVANCED_FACE ( 'NONE', ( #385 ), #5306, .F. ) ;
#3331 = EDGE_CURVE ( 'NONE', #1649, #6025, #4830, .T. ) ;
#3332 = EDGE_CURVE ( 'NONE', #5824, #5394, #5237, .T. ) ;
#3333 = FACE_OUTER_BOUND ( 'NONE', #2847, .T. ) ;
#3334 = VERTEX_POINT ( 'NONE', #2719 ) ;
#3335 = VECTOR ( 'NONE', #6037, 1000.000000000000000 ) ;
#3336 = CARTESIAN_POINT ( 'NONE',  ( 0.000000000000000000, 0.2000000000000000111, 0.000000000000000000 ) ) ;
#3337 = LINE ( 'NONE', #2663, #5366 ) ;
#3338 = VERTEX_POINT ( 'NONE', #6371 ) ;
#3339 = ORIENTED_EDGE ( 'NONE', *, *, #4729, .F. ) ;
#3340 = DIRECTION ( 'NONE',  ( 0.000000000000000000, -1.000000000000000000, 0.000000000000000000 ) ) ;
#3341 = LINE ( 'NONE', #5483, #5931 ) ;
#3342 = LINE ( 'NONE', #75, #3909 ) ;
#3343 = DIRECTION ( 'NONE',  ( 0.000000000000000000, -0.000000000000000000, -1.000000000000000000 ) ) ;
#3344 = FACE_OUTER_BOUND ( 'NONE', #6108, .T. ) ;
#3345 = CARTESIAN_POINT ( 'NONE',  ( 1.949999999999998623, 0.8264982043070834283, 0.1499999999999999667 ) ) ;
#3346 = VERTEX_POINT ( 'NONE', #305 ) ;
#3347 = LINE ( 'NONE', #1930, #363 ) ;
#3348 = ORIENTED_EDGE ( 'NONE', *, *, #4834, .F. ) ;
#3349 = DIRECTION ( 'NONE',  ( 0.000000000000000000, 0.000000000000000000, -1.000000000000000000 ) ) ;
#3350 = ORIENTED_EDGE ( 'NONE', *, *, #1800, .F. ) ;
#3351 = FACE_OUTER_BOUND ( 'NONE', #4618, .T. ) ;
#3352 = PLANE ( 'NONE',  #3080 ) ;
#3353 = VECTOR ( 'NONE', #3832, 1000.000000000000000 ) ;
#3354 = ORIENTED_EDGE ( 'NONE', *, *, #5312, .F. ) ;
#3355 = EDGE_CURVE ( 'NONE', #3608, #6430, #1668, .T. ) ;
#3356 = ORIENTED_EDGE ( 'NONE', *, *, #3887, .F. ) ;
#3357 = DIRECTION ( 'NONE',  ( -0.000000000000000000, -1.000000000000000000, -0.000000000000000000 ) ) ;
#3358 = CARTESIAN_POINT ( 'NONE',  ( -1.449999999999999067, 0.8264982043070837614, 1.949999999999999512 ) ) ;
#3359 = ORIENTED_EDGE ( 'NONE', *, *, #1756, .T. ) ;
#3360 = VECTOR ( 'NONE', #5337, 1000.000000000000000 ) ;
#3361 = DIRECTION ( 'NONE',  ( 0.000000000000000000, 0.000000000000000000, 1.000000000000000000 ) ) ;
#3362 = VECTOR ( 'NONE', #1601, 1000.000000000000000 ) ;
#3363 = CARTESIAN_POINT ( 'NONE',  ( -0.4999999999999995559, 0.000000000000000000, -1.949999999999999289 ) ) ;
#3364 = FACE_OUTER_BOUND ( 'NONE', #4574, .T. ) ;
#3365 = EDGE_CURVE ( 'NONE', #3902, #1692, #5395, .T. ) ;
#3366 = ORIENTED_EDGE ( 'NONE', *, *, #2512, .T. ) ;
#3367 = VECTOR ( 'NONE', #3461, 1000.000000000000000 ) ;
#3368 = VECTOR ( 'NONE', #1907, 1000.000000000000000 ) ;
#3369 = CARTESIAN_POINT ( 'NONE',  ( 1.949999999999998623, 0.8264982043070834283, 1.449999999999999956 ) ) ;
#3370 = ADVANCED_FACE ( 'NONE', ( #4340 ), #2849, .F. ) ;
#3371 = SURFACE_STYLE_FILL_AREA ( #6176 ) ;
#3372 = DIRECTION ( 'NONE',  ( 0.000000000000000000, -1.000000000000000000, 0.000000000000000000 ) ) ;
#3373 = EDGE_CURVE ( 'NONE', #5854, #103, #712, .T. ) ;
#3374 = DIRECTION ( 'NONE',  ( 0.000000000000000000, -1.000000000000000000, 0.000000000000000000 ) ) ;
#3375 = CARTESIAN_POINT ( 'NONE',  ( -0.4999999999999991673, 0.8264982043070837614, 1.949999999999999734 ) ) ;
#3376 = CARTESIAN_POINT ( 'NONE',  ( -0.4999999999999995559, 0.8264982043070837614, -2.499999999999999556 ) ) ;
#3377 = PLANE ( 'NONE',  #5585 ) ;
#3378 = ORIENTED_EDGE ( 'NONE', *, *, #1934, .T. ) ;
#3379 = ORIENTED_EDGE ( 'NONE', *, *, #6620, .F. ) ;
#3380 = ORIENTED_EDGE ( 'NONE', *, *, #1138, .F. ) ;
#3381 = ORIENTED_EDGE ( 'NONE', *, *, #5780, .F. ) ;
#3382 = DIRECTION ( 'NONE',  ( 0.000000000000000000, 0.000000000000000000, -1.000000000000000000 ) ) ;
#3383 = MECHANICAL_DESIGN_GEOMETRIC_PRESENTATION_REPRESENTATION (  '', ( #2104 ), #277 ) ;
#3384 = CARTESIAN_POINT ( 'NONE',  ( -1.949999999999998623, 0.8264982043070834283, -1.149999999999999911 ) ) ;
#3385 = CARTESIAN_POINT ( 'NONE',  ( -0.1499999999999988842, 0.2000000000000000111, 2.499999999999999112 ) ) ;
#3386 = CARTESIAN_POINT ( 'NONE',  ( 0.1500000000000000777, 0.05000000000000000278, -5.913830031739118008E-17 ) ) ;
#3387 = PLANE ( 'NONE',  #2692 ) ;
#3388 = DIRECTION ( 'NONE',  ( -7.228014483236697541E-16, 0.000000000000000000, 1.000000000000000000 ) ) ;
#3389 = DIRECTION ( 'NONE',  ( 0.000000000000000000, 1.000000000000000000, 0.000000000000000000 ) ) ;
#3390 = EDGE_CURVE ( 'NONE', #1180, #2093, #2004, .T. ) ;
#3391 = CARTESIAN_POINT ( 'NONE',  ( -1.949999999999998623, 0.8264982043070834283, 1.149999999999999911 ) ) ;
#3392 = EDGE_LOOP ( 'NONE', ( #1913, #5282, #4734, #2809 ) ) ;
#3393 = ADVANCED_FACE ( 'NONE', ( #468 ), #1419, .F. ) ;
#3394 = FILL_AREA_STYLE_COLOUR ( '', #1159 ) ;
#3395 = ORIENTED_EDGE ( 'NONE', *, *, #5554, .T. ) ;
#3396 = ORIENTED_EDGE ( 'NONE', *, *, #3059, .T. ) ;
#3397 = EDGE_LOOP ( 'NONE', ( #3746, #5892, #6060, #6009 ) ) ;
#3398 = FACE_OUTER_BOUND ( 'NONE', #1795, .T. ) ;
#3399 = EDGE_CURVE ( 'NONE', #711, #6349, #3290, .T. ) ;
#3400 = DIRECTION ( 'NONE',  ( 0.000000000000000000, -1.000000000000000000, 0.000000000000000000 ) ) ;
#3401 = DIRECTION ( 'NONE',  ( 0.000000000000000000, 0.000000000000000000, -1.000000000000000000 ) ) ;
#3402 = ORIENTED_EDGE ( 'NONE', *, *, #4676, .T. ) ;
#3403 = DIRECTION ( 'NONE',  ( -1.000000000000000000, 0.000000000000000000, 0.000000000000000000 ) ) ;
#3404 = VERTEX_POINT ( 'NONE', #2425 ) ;
#3405 = ORIENTED_EDGE ( 'NONE', *, *, #1262, .T. ) ;
#3406 = AXIS2_PLACEMENT_3D ( 'NONE', #6288, #3646, #5734 ) ;
#3407 = DIRECTION ( 'NONE',  ( -1.000000000000000000, -0.000000000000000000, -0.000000000000000000 ) ) ;
#3408 = CARTESIAN_POINT ( 'NONE',  ( 0.000000000000000000, 0.05000000000000000278, -1.449999999999999956 ) ) ;
#3409 = VECTOR ( 'NONE', #722, 1000.000000000000000 ) ;
#3410 = VERTEX_POINT ( 'NONE', #378 ) ;
#3411 = CARTESIAN_POINT ( 'NONE',  ( 1.450000000000000400, 0.8264982043070837614, -2.499999999999999556 ) ) ;
#3412 = VECTOR ( 'NONE', #2705, 1000.000000000000000 ) ;
#3413 = CARTESIAN_POINT ( 'NONE',  ( 1.450000000000000400, 0.2000000000000000111, -1.949999999999999289 ) ) ;
#3414 = DIRECTION ( 'NONE',  ( -0.000000000000000000, -1.000000000000000000, -0.000000000000000000 ) ) ;
#3415 = LINE ( 'NONE', #2411, #1897 ) ;
#3416 = ORIENTED_EDGE ( 'NONE', *, *, #6654, .F. ) ;
#3417 = CARTESIAN_POINT ( 'NONE',  ( -1.149999999999999467, 0.1999999999999999833, -2.499999999999999556 ) ) ;
#3418 = ORIENTED_EDGE ( 'NONE', *, *, #3704, .F. ) ;
#3419 = ORIENTED_EDGE ( 'NONE', *, *, #3666, .F. ) ;
#3420 = LINE ( 'NONE', #5932, #47 ) ;
#3421 = DIRECTION ( 'NONE',  ( 0.000000000000000000, -1.000000000000000000, 0.000000000000000000 ) ) ;
#3422 = EDGE_LOOP ( 'NONE', ( #338, #3322, #1888, #1807 ) ) ;
#3423 = ORIENTED_EDGE ( 'NONE', *, *, #5729, .F. ) ;
#3424 = LINE ( 'NONE', #6558, #3599 ) ;
#3425 = AXIS2_PLACEMENT_3D ( 'NONE', #2559, #2576, #4607 ) ;
#3426 = PLANE ( 'NONE',  #4265 ) ;
#3427 = CARTESIAN_POINT ( 'NONE',  ( 1.300000000000000044, 0.2000000000000000111, 0.000000000000000000 ) ) ;
#3428 = ORIENTED_EDGE ( 'NONE', *, *, #5929, .F. ) ;
#3429 = LINE ( 'NONE', #1753, #5303 ) ;
#3430 = CARTESIAN_POINT ( 'NONE',  ( 1.549999999999999600, 0.1999999999999996503, -1.549999999999999600 ) ) ;
#3431 = FACE_OUTER_BOUND ( 'NONE', #642, .T. ) ;
#3432 = CARTESIAN_POINT ( 'NONE',  ( 1.150000000000000355, 0.1999999999999999833, -1.949999999999999067 ) ) ;
#3433 = ADVANCED_FACE ( 'NONE', ( #5557 ), #666, .T. ) ;
#3434 = ORIENTED_EDGE ( 'NONE', *, *, #641, .F. ) ;
#3435 = LINE ( 'NONE', #2389, #2078 ) ;
#3436 = DIRECTION ( 'NONE',  ( -1.000000000000000000, 0.000000000000000000, -1.445602896647339508E-15 ) ) ;
#3437 = DIRECTION ( 'NONE',  ( 0.000000000000000000, -1.000000000000000000, 0.000000000000000000 ) ) ;
#3438 = ORIENTED_EDGE ( 'NONE', *, *, #1370, .F. ) ;
#3439 = VECTOR ( 'NONE', #1140, 1000.000000000000000 ) ;
#3440 = AXIS2_PLACEMENT_3D ( 'NONE', #3937, #6095, #5061 ) ;
#3441 = EDGE_CURVE ( 'NONE', #3613, #2446, #6599, .T. ) ;
#3442 = LINE ( 'NONE', #4108, #6366 ) ;
#3443 = CARTESIAN_POINT ( 'NONE',  ( -0.4999999999999995559, 0.2000000000000000111, -2.499999999999999556 ) ) ;
#3444 = CARTESIAN_POINT ( 'NONE',  ( -2.499999999999998668, 0.8264982043070834283, -1.449999999999999956 ) ) ;
#3445 = DIRECTION ( 'NONE',  ( -3.942553354492744024E-16, -0.000000000000000000, -1.000000000000000000 ) ) ;
#3446 = CARTESIAN_POINT ( 'NONE',  ( 0.1500000000000003830, 0.2000000000000000111, -1.949999999999999289 ) ) ;
#3447 = CARTESIAN_POINT ( 'NONE',  ( 1.949999999999998623, 0.1999999999999999833, -0.7999999999999999334 ) ) ;
#3448 = VERTEX_POINT ( 'NONE', #417 ) ;
#3449 = VECTOR ( 'NONE', #1321, 1000.000000000000000 ) ;
#3450 = DIRECTION ( 'NONE',  ( -1.000000000000000000, 0.000000000000000000, -0.000000000000000000 ) ) ;
#3451 = LINE ( 'NONE', #1866, #65 ) ;
#3452 = PLANE ( 'NONE',  #2869 ) ;
#3453 = EDGE_CURVE ( 'NONE', #2907, #4034, #795, .T. ) ;
#3454 = DIRECTION ( 'NONE',  ( -1.000000000000000000, 0.000000000000000000, 7.228014483236697541E-16 ) ) ;
#3455 = DIRECTION ( 'NONE',  ( -0.000000000000000000, -1.000000000000000000, -0.000000000000000000 ) ) ;
#3456 = CARTESIAN_POINT ( 'NONE',  ( 0.8000000000000003775, 0.2000000000000000111, -1.949999999999999289 ) ) ;
#3457 = SURFACE_STYLE_USAGE ( .BOTH. , #5545 ) ;
#3458 = EDGE_LOOP ( 'NONE', ( #6178, #2499, #2183, #3743, #1738, #5711, #43, #1891, #3736, #1931, #6010, #5488, #5861, #1982, #1909, #2466, #4536, #996, #3308, #5945, #4271, #3830, #3261, #6263 ) ) ;
#3459 = CARTESIAN_POINT ( 'NONE',  ( -2.499999999999998668, 0.1999999999999999833, -1.149999999999999911 ) ) ;
#3460 = VERTEX_POINT ( 'NONE', #3530 ) ;
#3461 = DIRECTION ( 'NONE',  ( 0.000000000000000000, 0.000000000000000000, 1.000000000000000000 ) ) ;
#3462 = EDGE_CURVE ( 'NONE', #6522, #4866, #3045, .T. ) ;
#3463 = DIRECTION ( 'NONE',  ( 1.000000000000000000, -0.000000000000000000, -7.228014483236698528E-16 ) ) ;
#3464 = DIRECTION ( 'NONE',  ( 0.000000000000000000, -0.000000000000000000, -1.000000000000000000 ) ) ;
#3465 = DIRECTION ( 'NONE',  ( 0.000000000000000000, -1.000000000000000000, 0.000000000000000000 ) ) ;
#3466 = ORIENTED_EDGE ( 'NONE', *, *, #4729, .T. ) ;
#3467 = CARTESIAN_POINT ( 'NONE',  ( 1.549999999999999600, 0.1999999999999996503, 1.550000000000000488 ) ) ;
#3468 = CARTESIAN_POINT ( 'NONE',  ( -0.1499999999999990785, 0.000000000000000000, 1.949999999999999512 ) ) ;
#3469 = ADVANCED_FACE ( 'NONE', ( #625 ), #1446, .F. ) ;
#3470 = EDGE_LOOP ( 'NONE', ( #2997, #4128, #5066, #2046 ) ) ;
#3471 = ORIENTED_EDGE ( 'NONE', *, *, #5871, .F. ) ;
#3472 = AXIS2_PLACEMENT_3D ( 'NONE', #4180, #1037, #2130 ) ;
#3473 = PLANE ( 'NONE',  #5088 ) ;
#3474 = CARTESIAN_POINT ( 'NONE',  ( -0.1499999999999990785, 0.04999999999999999584, 1.949999999999999512 ) ) ;
#3475 = AXIS2_PLACEMENT_3D ( 'NONE', #260, #5904, #222 ) ;
#3476 = MECHANICAL_DESIGN_GEOMETRIC_PRESENTATION_REPRESENTATION (  '', ( #1615 ), #4863 ) ;
#3477 = ORIENTED_EDGE ( 'NONE', *, *, #6291, .F. ) ;
#3478 = ORIENTED_EDGE ( 'NONE', *, *, #721, .T. ) ;
#3479 = DIRECTION ( 'NONE',  ( -0.000000000000000000, -1.000000000000000000, -0.000000000000000000 ) ) ;
#3480 = CARTESIAN_POINT ( 'NONE',  ( 0.5000000000000011102, 0.04999999999999969746, 2.499999999999999112 ) ) ;
#3481 = VECTOR ( 'NONE', #3053, 1000.000000000000000 ) ;
#3482 = CARTESIAN_POINT ( 'NONE',  ( 1.949999999999998623, 0.8264982043070834283, 1.149999999999999911 ) ) ;
#3483 = CARTESIAN_POINT ( 'NONE',  ( 1.450000000000001066, 0.1999999999999999833, 2.499999999999999556 ) ) ;
#3484 = AXIS2_PLACEMENT_3D ( 'NONE', #4514, #2759, #4333 ) ;
#3485 = VERTEX_POINT ( 'NONE', #953 ) ;
#3486 = LINE ( 'NONE', #2804, #415 ) ;
#3487 = ORIENTED_EDGE ( 'NONE', *, *, #1616, .T. ) ;
#3488 = VECTOR ( 'NONE', #1218, 1000.000000000000000 ) ;
#3489 = VECTOR ( 'NONE', #5990, 1000.000000000000000 ) ;
#3490 = DIRECTION ( 'NONE',  ( -7.228014483236697541E-16, 0.000000000000000000, -1.000000000000000000 ) ) ;
#3491 = LINE ( 'NONE', #2820, #841 ) ;
#3492 = DIRECTION ( 'NONE',  ( -0.000000000000000000, -1.000000000000000000, -0.000000000000000000 ) ) ;
#3493 = VERTEX_POINT ( 'NONE', #4486 ) ;
#3494 = VECTOR ( 'NONE', #2482, 1000.000000000000000 ) ;
#3495 = CARTESIAN_POINT ( 'NONE',  ( -1.949999999999998623, 0.2000000000000002054, 0.1499999999999999667 ) ) ;
#3496 = FACE_OUTER_BOUND ( 'NONE', #1565, .T. ) ;
#3497 = VERTEX_POINT ( 'NONE', #1391 ) ;
#3498 = PLANE ( 'NONE',  #583 ) ;
#3499 = CARTESIAN_POINT ( 'NONE',  ( -2.499999999999998668, 0.8264982043070834283, -0.7999999999999999334 ) ) ;
#3500 = ORIENTED_EDGE ( 'NONE', *, *, #5717, .T. ) ;
#3501 = DIRECTION ( 'NONE',  ( 0.000000000000000000, 1.000000000000000000, 0.000000000000000000 ) ) ;
#3502 = EDGE_CURVE ( 'NONE', #4701, #1803, #6515, .T. ) ;
#3503 = LINE ( 'NONE', #2451, #5768 ) ;
#3504 = UNCERTAINTY_MEASURE_WITH_UNIT (LENGTH_MEASURE( 1.000000000000000082E-05 ), #3787, 'distance_accuracy_value', 'NONE');
#3505 = FILL_AREA_STYLE_COLOUR ( '', #5834 ) ;
#3506 = LINE ( 'NONE', #3957, #3667 ) ;
#3507 = FACE_BOUND ( 'NONE', #3139, .T. ) ;
#3508 = AXIS2_PLACEMENT_3D ( 'NONE', #4338, #1239, #751 ) ;
#3509 = ORIENTED_EDGE ( 'NONE', *, *, #3309, .T. ) ;
#3510 = VECTOR ( 'NONE', #1922, 1000.000000000000000 ) ;
#3511 = CARTESIAN_POINT ( 'NONE',  ( -1.149999999999999467, 0.05000000000000000278, 0.000000000000000000 ) ) ;
#3512 = DIRECTION ( 'NONE',  ( -1.000000000000000000, 0.000000000000000000, 0.000000000000000000 ) ) ;
#3513 = ORIENTED_EDGE ( 'NONE', *, *, #3924, .F. ) ;
#3514 = VECTOR ( 'NONE', #1798, 1000.000000000000000 ) ;
#3515 = CLOSED_SHELL ( 'NONE', ( #5844, #1049, #1586, #877, #4858, #1378 ) ) ;
#3516 = ORIENTED_EDGE ( 'NONE', *, *, #2860, .T. ) ;
#3517 = CARTESIAN_POINT ( 'NONE',  ( 2.499999999999998668, 0.2000000000000002054, 1.449999999999999956 ) ) ;
#3518 = EDGE_CURVE ( 'NONE', #3732, #3279, #2082, .T. ) ;
#3519 = EDGE_LOOP ( 'NONE', ( #1993, #5631, #4517, #1775 ) ) ;
#3520 = VECTOR ( 'NONE', #5661, 1000.000000000000000 ) ;
#3521 = VECTOR ( 'NONE', #2613, 1000.000000000000000 ) ;
#3522 = AXIS2_PLACEMENT_3D ( 'NONE', #6663, #4093, #2032 ) ;
#3523 = DIRECTION ( 'NONE',  ( -1.000000000000000000, 0.000000000000000000, 0.000000000000000000 ) ) ;
#3524 = ORIENTED_EDGE ( 'NONE', *, *, #2186, .F. ) ;
#3525 = DIRECTION ( 'NONE',  ( -0.000000000000000000, -0.000000000000000000, 1.000000000000000000 ) ) ;
#3526 = CARTESIAN_POINT ( 'NONE',  ( 0.1500000000000010492, 0.8264982043070837614, 2.499999999999999556 ) ) ;
#3527 = VECTOR ( 'NONE', #5406, 1000.000000000000000 ) ;
#3528 = DIRECTION ( 'NONE',  ( 0.000000000000000000, -1.000000000000000000, 0.000000000000000000 ) ) ;
#3529 = EDGE_CURVE ( 'NONE', #4440, #3613, #1258, .T. ) ;
#3530 = CARTESIAN_POINT ( 'NONE',  ( -2.499999999999998668, 0.04999999999999991257, -1.449999999999999956 ) ) ;
#3531 = VECTOR ( 'NONE', #2437, 1000.000000000000000 ) ;
#3532 = DIRECTION ( 'NONE',  ( 0.000000000000000000, 0.000000000000000000, -1.000000000000000000 ) ) ;
#3533 = CARTESIAN_POINT ( 'NONE',  ( 0.5000000000000001110, 0.05000000000000000278, -1.971276677246373491E-16 ) ) ;
#3534 = CARTESIAN_POINT ( 'NONE',  ( 0.5000000000000008882, 0.04999999999999999584, 1.949999999999999512 ) ) ;
#3535 = ADVANCED_FACE ( 'NONE', ( #4661 ), #880, .F. ) ;
#3536 =( NAMED_UNIT ( * ) SI_UNIT ( $, .STERADIAN. ) SOLID_ANGLE_UNIT ( ) );
#3537 = EDGE_CURVE ( 'NONE', #108, #2010, #3680, .T. ) ;
#3538 = UNCERTAINTY_MEASURE_WITH_UNIT (LENGTH_MEASURE( 1.000000000000000082E-05 ), #5452, 'distance_accuracy_value', 'NONE');
#3539 = DIRECTION ( 'NONE',  ( -1.000000000000000000, 0.000000000000000000, -0.000000000000000000 ) ) ;
#3540 = CARTESIAN_POINT ( 'NONE',  ( -1.949999999999998623, 0.2000000000000002054, -0.1499999999999999667 ) ) ;
#3541 = ADVANCED_FACE ( 'NONE', ( #1589 ), #447, .F. ) ;
#3542 = ORIENTED_EDGE ( 'NONE', *, *, #5812, .F. ) ;
#3543 = DIRECTION ( 'NONE',  ( 0.000000000000000000, -1.000000000000000000, 0.000000000000000000 ) ) ;
#3544 = CARTESIAN_POINT ( 'NONE',  ( -1.149999999999998801, 0.1999999999999999833, 2.499999999999999556 ) ) ;
#3545 = DIRECTION ( 'NONE',  ( 3.942553354492744024E-16, 0.000000000000000000, 1.000000000000000000 ) ) ;
#3546 = ORIENTED_EDGE ( 'NONE', *, *, #4730, .F. ) ;
#3547 = STYLED_ITEM ( 'NONE', ( #48 ), #1632 ) ;
#3548 = ORIENTED_EDGE ( 'NONE', *, *, #143, .T. ) ;
#3549 = UNCERTAINTY_MEASURE_WITH_UNIT (LENGTH_MEASURE( 1.000000000000000082E-05 ), #5706, 'distance_accuracy_value', 'NONE');
#3550 = CARTESIAN_POINT ( 'NONE',  ( 1.150000000000000355, 0.000000000000000000, -1.949999999999999067 ) ) ;
#3551 = VERTEX_POINT ( 'NONE', #6578 ) ;
#3552 = DIRECTION ( 'NONE',  ( -3.942553354492744024E-16, -0.000000000000000000, -1.000000000000000000 ) ) ;
#3553 = EDGE_CURVE ( 'NONE', #6645, #3077, #1111, .T. ) ;
#3554 = EDGE_CURVE ( 'NONE', #6260, #5159, #6039, .T. ) ;
#3555 = CARTESIAN_POINT ( 'NONE',  ( -1.949999999999998623, 0.2000000000000002054, -1.149999999999999911 ) ) ;
#3556 = PLANE ( 'NONE',  #1492 ) ;
#3557 = AXIS2_PLACEMENT_3D ( 'NONE', #1805, #5987, #2810 ) ;
#3558 = LINE ( 'NONE', #3780, #2346 ) ;
#3559 = EDGE_LOOP ( 'NONE', ( #2898, #5851, #3229, #2760 ) ) ;
#3560 = DIRECTION ( 'NONE',  ( 3.942553354492744024E-16, 0.000000000000000000, 1.000000000000000000 ) ) ;
#3561 = CARTESIAN_POINT ( 'NONE',  ( -1.449999999999999067, 0.2000000000000000111, 1.949999999999999512 ) ) ;
#3562 = VECTOR ( 'NONE', #3311, 1000.000000000000000 ) ;
#3563 =( NAMED_UNIT ( * ) PLANE_ANGLE_UNIT ( ) SI_UNIT ( $, .RADIAN. ) );
#3564 = EDGE_LOOP ( 'NONE', ( #1012, #1873, #1490, #4726 ) ) ;
#3565 = DIRECTION ( 'NONE',  ( 1.000000000000000000, -0.000000000000000000, -7.228014483236698528E-16 ) ) ;
#3566 = VERTEX_POINT ( 'NONE', #919 ) ;
#3567 = EDGE_CURVE ( 'NONE', #733, #1649, #6212, .T. ) ;
#3568 = VECTOR ( 'NONE', #1139, 1000.000000000000000 ) ;
#3569 = CLOSED_SHELL ( 'NONE', ( #89, #5742, #3304, #3904, #1142, #3393, #3869, #6367, #601, #4427, #5105, #4969, #5438, #3208, #5215, #3235, #5207, #5182, #2658, #2058, #806, #6481, #2392, #707, #1678, #5783, #5006, #1881, #2587, #3274, #5882, #4903, #902, #2100, #5958, #1854, #4927, #420, #568, #1081, #1204, #4142, #1181, #2992, #1412, #4319, #4740, #2000, #3138, #66, #5160, #6160, #1529, #160, #2349, #1234, #4569, #3433, #1950, #2966, #355, #1992, #318, #4619, #1476, #4836, #1819, #4594, #6588, #4450, #1120, #3068, #2572, #6324, #6424, #5506, #6616, #2494, #532, #6057, #3330, #1300, #5147, #3031, #4557, #3164, #3638, #4208, #4797, #5377, #6266, #4254, #2457, #5036, #5244 ) ) ;
#3570 = VECTOR ( 'NONE', #5049, 1000.000000000000000 ) ;
#3572 = CARTESIAN_POINT ( 'NONE',  ( -0.4999999999999995559, 0.05000000000000000278, 0.000000000000000000 ) ) ;
#3571 = CARTESIAN_POINT ( 'NONE',  ( 1.949999999999999956, 0.000000000000000000, 0.000000000000000000 ) ) ;
#3573 = CIRCLE ( 'NONE', #4916, 0.1999999999999998723 ) ;
#3574 = CARTESIAN_POINT ( 'NONE',  ( -0.7999999999999994893, 0.2000000000000000111, -1.949999999999999067 ) ) ;
#3575 = VECTOR ( 'NONE', #3952, 1000.000000000000000 ) ;
#3576 = VERTEX_POINT ( 'NONE', #6621 ) ;
#3577 = DIRECTION ( 'NONE',  ( -0.000000000000000000, 0.000000000000000000, 1.000000000000000000 ) ) ;
#3578 = LINE ( 'NONE', #1263, #3088 ) ;
#3579 = EDGE_CURVE ( 'NONE', #5067, #6271, #2313, .T. ) ;
#3580 = LINE ( 'NONE', #2180, #2455 ) ;
#3581 = EDGE_CURVE ( 'NONE', #5620, #656, #5162, .T. ) ;
#3582 = VERTEX_POINT ( 'NONE', #1515 ) ;
#3583 = ORIENTED_EDGE ( 'NONE', *, *, #920, .T. ) ;
#3584 = LINE ( 'NONE', #6301, #2934 ) ;
#3585 = ORIENTED_EDGE ( 'NONE', *, *, #6150, .T. ) ;
#3586 = LINE ( 'NONE', #1072, #1645 ) ;
#3587 = LINE ( 'NONE', #2042, #774 ) ;
#3588 = VERTEX_POINT ( 'NONE', #3623 ) ;
#3589 = VERTEX_POINT ( 'NONE', #6674 ) ;
#3590 = DIRECTION ( 'NONE',  ( 1.000000000000000000, -0.000000000000000000, 0.000000000000000000 ) ) ;
#3591 = ORIENTED_EDGE ( 'NONE', *, *, #2761, .F. ) ;
#3592 = VECTOR ( 'NONE', #71, 1000.000000000000000 ) ;
#3593 = DIRECTION ( 'NONE',  ( -0.000000000000000000, -1.000000000000000000, -0.000000000000000000 ) ) ;
#3594 = FACE_OUTER_BOUND ( 'NONE', #2151, .T. ) ;
#3595 = DIRECTION ( 'NONE',  ( 0.000000000000000000, 1.000000000000000000, 0.000000000000000000 ) ) ;
#3596 = CARTESIAN_POINT ( 'NONE',  ( 1.949999999999998623, 0.1999999999999999833, -0.5000000000000000000 ) ) ;
#3597 = LINE ( 'NONE', #1851, #5467 ) ;
#3598 = EDGE_LOOP ( 'NONE', ( #3718, #5962, #4784, #5236 ) ) ;
#3599 = VECTOR ( 'NONE', #3465, 1000.000000000000000 ) ;
#3600 = DIRECTION ( 'NONE',  ( 1.000000000000000000, 0.000000000000000000, 6.994852725712932707E-17 ) ) ;
#3601 = EDGE_CURVE ( 'NONE', #1324, #1302, #2789, .T. ) ;
#3603 = FILL_AREA_STYLE_COLOUR ( '', #3848 ) ;
#3602 = CARTESIAN_POINT ( 'NONE',  ( 1.450000000000000844, 0.2000000000000000111, 1.949999999999999734 ) ) ;
#3604 = VERTEX_POINT ( 'NONE', #3636 ) ;
#3605 = VECTOR ( 'NONE', #5765, 1000.000000000000000 ) ;
#3606 = DIRECTION ( 'NONE',  ( 0.000000000000000000, -0.000000000000000000, 1.000000000000000000 ) ) ;
#3607 = ORIENTED_EDGE ( 'NONE', *, *, #1741, .T. ) ;
#3608 = VERTEX_POINT ( 'NONE', #6643 ) ;
#3609 = ORIENTED_EDGE ( 'NONE', *, *, #1244, .T. ) ;
#3610 = VECTOR ( 'NONE', #6335, 1000.000000000000000 ) ;
#3611 = VECTOR ( 'NONE', #4674, 1000.000000000000000 ) ;
#3612 = EDGE_CURVE ( 'NONE', #4456, #145, #3767, .T. ) ;
#3613 = VERTEX_POINT ( 'NONE', #3574 ) ;
#3614 = FACE_OUTER_BOUND ( 'NONE', #4418, .T. ) ;
#3615 = PRESENTATION_LAYER_ASSIGNMENT (  '', '', ( #2104 ) ) ;
#3616 = AXIS2_PLACEMENT_3D ( 'NONE', #5242, #2170, #2652 ) ;
#3617 = FACE_OUTER_BOUND ( 'NONE', #3999, .T. ) ;
#3618 = ADVANCED_FACE ( 'NONE', ( #5311 ), #1063, .F. ) ;
#3619 = SURFACE_STYLE_USAGE ( .BOTH. , #5206 ) ;
#3621 = CARTESIAN_POINT ( 'NONE',  ( 1.949999999999998623, 0.1999999999999999833, 1.449999999999999956 ) ) ;
#3620 = DIRECTION ( 'NONE',  ( 0.000000000000000000, 0.000000000000000000, -1.000000000000000000 ) ) ;
#3622 = EDGE_CURVE ( 'NONE', #3448, #3175, #951, .T. ) ;
#3623 = CARTESIAN_POINT ( 'NONE',  ( 2.499999999999998668, 0.2000000000000002054, -0.7999999999999999334 ) ) ;
#3624 = ORIENTED_EDGE ( 'NONE', *, *, #1232, .T. ) ;
#3625 = ORIENTED_EDGE ( 'NONE', *, *, #1392, .F. ) ;
#3626 = EDGE_CURVE ( 'NONE', #280, #3148, #3282, .T. ) ;
#3627 = ORIENTED_EDGE ( 'NONE', *, *, #4441, .T. ) ;
#3628 = ORIENTED_EDGE ( 'NONE', *, *, #3332, .F. ) ;
#3629 = DIRECTION ( 'NONE',  ( -0.000000000000000000, 0.000000000000000000, 1.000000000000000000 ) ) ;
#3630 = PLANE ( 'NONE',  #2596 ) ;
#3631 = PLANE ( 'NONE',  #3425 ) ;
#3632 = CARTESIAN_POINT ( 'NONE',  ( -0.7999999999999988232, 0.1999999999999999833, 2.499999999999999112 ) ) ;
#3633 = PLANE ( 'NONE',  #14 ) ;
#3635 = CARTESIAN_POINT ( 'NONE',  ( 2.499999999999998668, 0.2000000000000002054, -1.449999999999999956 ) ) ;
#3634 = CARTESIAN_POINT ( 'NONE',  ( 0.1500000000000008271, 0.8264982043070837614, 1.949999999999999734 ) ) ;
#3636 = CARTESIAN_POINT ( 'NONE',  ( -2.499999999999998668, 0.04999999999999991257, -1.149999999999999911 ) ) ;
#3637 = DIRECTION ( 'NONE',  ( -1.000000000000000000, 0.000000000000000000, 0.000000000000000000 ) ) ;
#3638 = ADVANCED_FACE ( 'NONE', ( #140 ), #4667, .T. ) ;
#3639 = ORIENTED_EDGE ( 'NONE', *, *, #4616, .F. ) ;
#3640 = FACE_OUTER_BOUND ( 'NONE', #2257, .T. ) ;
#3641 = AXIS2_PLACEMENT_3D ( 'NONE', #3799, #2273, #5326 ) ;
#3643 = EDGE_LOOP ( 'NONE', ( #3289, #3837 ) ) ;
#3642 = AXIS2_PLACEMENT_3D ( 'NONE', #1511, #2537, #2097 ) ;
#3644 = LINE ( 'NONE', #3715, #910 ) ;
#3645 = ORIENTED_EDGE ( 'NONE', *, *, #5879, .F. ) ;
#3646 = DIRECTION ( 'NONE',  ( 1.000000000000000000, 0.000000000000000000, 0.000000000000000000 ) ) ;
#3647 = LINE ( 'NONE', #2621, #6166 ) ;
#3648 = PLANE ( 'NONE',  #6667 ) ;
#3649 = EDGE_LOOP ( 'NONE', ( #37, #1594, #5542, #3032 ) ) ;
#3650 = FACE_OUTER_BOUND ( 'NONE', #3838, .T. ) ;
#3651 = CARTESIAN_POINT ( 'NONE',  ( 0.1500000000000003830, 0.2000000000000000111, -2.499999999999999556 ) ) ;
#3652 = LINE ( 'NONE', #1929, #425 ) ;
#3653 = PLANE ( 'NONE',  #1122 ) ;
#3654 =( GEOMETRIC_REPRESENTATION_CONTEXT ( 3 ) GLOBAL_UNCERTAINTY_ASSIGNED_CONTEXT ( ( #5413 ) ) GLOBAL_UNIT_ASSIGNED_CONTEXT ( ( #6394, #4306, #161 ) ) REPRESENTATION_CONTEXT ( 'NONE', 'WORKASPACE' ) );
#3655 = CARTESIAN_POINT ( 'NONE',  ( -1.149999999999999467, 0.1999999999999999833, -1.949999999999999289 ) ) ;
#3656 = EDGE_CURVE ( 'NONE', #1282, #4083, #4169, .T. ) ;
#3657 = VECTOR ( 'NONE', #697, 1000.000000000000000 ) ;
#3658 = CARTESIAN_POINT ( 'NONE',  ( 0.000000000000000000, 0.2000000000000000111, 0.000000000000000000 ) ) ;
#3659 = ORIENTED_EDGE ( 'NONE', *, *, #4560, .T. ) ;
#3660 = VECTOR ( 'NONE', #6422, 1000.000000000000000 ) ;
#3661 = VERTEX_POINT ( 'NONE', #1482 ) ;
#3662 = ORIENTED_EDGE ( 'NONE', *, *, #2900, .F. ) ;
#3663 = CARTESIAN_POINT ( 'NONE',  ( -1.949999999999998623, 0.1999999999999999833, 0.7999999999999999334 ) ) ;
#3664 = LINE ( 'NONE', #1921, #270 ) ;
#3665 = PRESENTATION_LAYER_ASSIGNMENT (  '', '', ( #4139 ) ) ;
#3666 = EDGE_CURVE ( 'NONE', #2178, #6567, #5470, .T. ) ;
#3667 = VECTOR ( 'NONE', #2955, 1000.000000000000000 ) ;
#3668 = ORIENTED_EDGE ( 'NONE', *, *, #3315, .T. ) ;
#3669 = VECTOR ( 'NONE', #3095, 1000.000000000000000 ) ;
#3670 = EDGE_LOOP ( 'NONE', ( #5231, #4192, #1077, #3402 ) ) ;
#3671 = LINE ( 'NONE', #1377, #4162 ) ;
#3672 = ORIENTED_EDGE ( 'NONE', *, *, #2080, .T. ) ;
#3673 = CARTESIAN_POINT ( 'NONE',  ( -1.409462824231155370E-15, 0.05000000000000000278, 1.949999999999998623 ) ) ;
#3674 = ORIENTED_EDGE ( 'NONE', *, *, #6436, .T. ) ;
#3675 = VECTOR ( 'NONE', #2723, 1000.000000000000000 ) ;
#3676 = PLANE ( 'NONE',  #3205 ) ;
#3677 = DIRECTION ( 'NONE',  ( 0.000000000000000000, -0.000000000000000000, -1.000000000000000000 ) ) ;
#3678 = VERTEX_POINT ( 'NONE', #2569 ) ;
#3679 =( NAMED_UNIT ( * ) SI_UNIT ( $, .STERADIAN. ) SOLID_ANGLE_UNIT ( ) );
#3680 = LINE ( 'NONE', #1985, #2561 ) ;
#3681 = CARTESIAN_POINT ( 'NONE',  ( 1.949999999999998623, 0.8264982043070834283, 1.449999999999999956 ) ) ;
#3682 = VECTOR ( 'NONE', #2504, 1000.000000000000000 ) ;
#3683 = EDGE_CURVE ( 'NONE', #5404, #3157, #5073, .T. ) ;
#3684 = EDGE_CURVE ( 'NONE', #5328, #5367, #4990, .T. ) ;
#3685 = DIRECTION ( 'NONE',  ( 3.942553354492744024E-16, 0.000000000000000000, 1.000000000000000000 ) ) ;
#3686 = VERTEX_POINT ( 'NONE', #3060 ) ;
#3687 = DIRECTION ( 'NONE',  ( 0.000000000000000000, 0.000000000000000000, 1.000000000000000000 ) ) ;
#3688 = VECTOR ( 'NONE', #3349, 1000.000000000000000 ) ;
#3689 = DIRECTION ( 'NONE',  ( -3.942553354492745010E-16, 0.000000000000000000, -1.000000000000000000 ) ) ;
#3690 = AXIS2_PLACEMENT_3D ( 'NONE', #4902, #2323, #816 ) ;
#3691 = DIRECTION ( 'NONE',  ( 0.000000000000000000, -1.000000000000000000, 0.000000000000000000 ) ) ;
#3692 = VERTEX_POINT ( 'NONE', #2510 ) ;
#3693 = VECTOR ( 'NONE', #3052, 1000.000000000000000 ) ;
#3694 = DIRECTION ( 'NONE',  ( -7.228014483236699514E-16, 0.000000000000000000, -1.000000000000000000 ) ) ;
#3695 = AXIS2_PLACEMENT_3D ( 'NONE', #2684, #1078, #100 ) ;
#3696 = EDGE_CURVE ( 'NONE', #1583, #130, #6592, .T. ) ;
#3697 = CARTESIAN_POINT ( 'NONE',  ( 2.499999999999998668, 0.8264982043070834283, 0.5000000000000000000 ) ) ;
#3698 = CARTESIAN_POINT ( 'NONE',  ( 1.150000000000000355, 0.1999999999999999833, -2.499999999999999112 ) ) ;
#3699 = PLANE ( 'NONE',  #4202 ) ;
#3700 = DIRECTION ( 'NONE',  ( -1.000000000000000000, 0.000000000000000000, -1.445602896647339508E-15 ) ) ;
#3701 = CARTESIAN_POINT ( 'NONE',  ( 2.499999999999998668, 0.000000000000000000, 0.7999999999999999334 ) ) ;
#3702 = FILL_AREA_STYLE ('',( #5335 ) ) ;
#3703 = ORIENTED_EDGE ( 'NONE', *, *, #2025, .T. ) ;
#3704 = EDGE_CURVE ( 'NONE', #4821, #4133, #1522, .T. ) ;
#3705 = ORIENTED_EDGE ( 'NONE', *, *, #4320, .F. ) ;
#3706 = CARTESIAN_POINT ( 'NONE',  ( -1.949999999999998623, 0.1999999999999999833, 1.449999999999999956 ) ) ;
#3707 = ORIENTED_EDGE ( 'NONE', *, *, #3462, .T. ) ;
#3708 = ADVANCED_FACE ( 'NONE', ( #6680 ), #39, .F. ) ;
#3709 = VERTEX_POINT ( 'NONE', #3075 ) ;
#3710 = CARTESIAN_POINT ( 'NONE',  ( -1.949999999999998623, 0.05000000000000000278, 0.000000000000000000 ) ) ;
#3711 = CARTESIAN_POINT ( 'NONE',  ( 0.000000000000000000, 0.2000000000000000111, 0.000000000000000000 ) ) ;
#3712 = CARTESIAN_POINT ( 'NONE',  ( 0.8000000000000008216, 0.000000000000000000, 1.949999999999999734 ) ) ;
#3713 = DIRECTION ( 'NONE',  ( 0.000000000000000000, 1.000000000000000000, 0.000000000000000000 ) ) ;
#3714 = EDGE_CURVE ( 'NONE', #3756, #1254, #4332, .T. ) ;
#3715 = CARTESIAN_POINT ( 'NONE',  ( -1.949999999999998623, 0.8264982043070834283, 0.7999999999999999334 ) ) ;
#3716 = DIRECTION ( 'NONE',  ( 0.000000000000000000, 0.000000000000000000, 1.000000000000000000 ) ) ;
#3717 = FACE_OUTER_BOUND ( 'NONE', #1422, .T. ) ;
#3718 = ORIENTED_EDGE ( 'NONE', *, *, #5494, .F. ) ;
#3719 = CARTESIAN_POINT ( 'NONE',  ( 1.949999999999998623, 0.8264982043070834283, 0.7999999999999999334 ) ) ;
#3720 = ORIENTED_EDGE ( 'NONE', *, *, #6311, .F. ) ;
#3721 = CARTESIAN_POINT ( 'NONE',  ( -0.1499999999999995226, 0.8264982043070837614, -1.949999999999999067 ) ) ;
#3722 = ORIENTED_EDGE ( 'NONE', *, *, #2418, .T. ) ;
#3723 = FACE_OUTER_BOUND ( 'NONE', #204, .T. ) ;
#3724 = LINE ( 'NONE', #1530, #5999 ) ;
#3725 = PLANE ( 'NONE',  #5301 ) ;
#3726 = VECTOR ( 'NONE', #1480, 1000.000000000000000 ) ;
#3727 = ORIENTED_EDGE ( 'NONE', *, *, #1467, .F. ) ;
#3728 = LINE ( 'NONE', #867, #2205 ) ;
#3729 = DIRECTION ( 'NONE',  ( 0.000000000000000000, 1.000000000000000000, 0.000000000000000000 ) ) ;
#3730 = VECTOR ( 'NONE', #6528, 1000.000000000000000 ) ;
#3731 = ORIENTED_EDGE ( 'NONE', *, *, #1441, .T. ) ;
#3732 = VERTEX_POINT ( 'NONE', #3216 ) ;
#3733 = CARTESIAN_POINT ( 'NONE',  ( -1.949999999999998623, 0.8264982043070834283, -1.149999999999999911 ) ) ;
#3734 = ADVANCED_FACE ( 'NONE', ( #2961 ), #2136, .T. ) ;
#3735 = VECTOR ( 'NONE', #604, 1000.000000000000000 ) ;
#3736 = ORIENTED_EDGE ( 'NONE', *, *, #5891, .T. ) ;
#3737 = PRESENTATION_STYLE_ASSIGNMENT (( #3619 ) ) ;
#3738 = CARTESIAN_POINT ( 'NONE',  ( 0.8000000000000003775, 0.2000000000000000111, -1.949999999999999289 ) ) ;
#3739 = STYLED_ITEM ( 'NONE', ( #5267 ), #903 ) ;
#3740 = CARTESIAN_POINT ( 'NONE',  ( -1.949999999999998623, 0.2000000000000002054, 1.149999999999999911 ) ) ;
#3741 = EDGE_CURVE ( 'NONE', #1865, #384, #2473, .T. ) ;
#3742 = VECTOR ( 'NONE', #5461, 1000.000000000000000 ) ;
#3743 = ORIENTED_EDGE ( 'NONE', *, *, #1484, .T. ) ;
#3744 = ORIENTED_EDGE ( 'NONE', *, *, #3601, .T. ) ;
#3745 = DIRECTION ( 'NONE',  ( -0.000000000000000000, -1.000000000000000000, -0.000000000000000000 ) ) ;
#3746 = ORIENTED_EDGE ( 'NONE', *, *, #1182, .F. ) ;
#3747 = FACE_OUTER_BOUND ( 'NONE', #775, .T. ) ;
#3748 = DIRECTION ( 'NONE',  ( -1.000000000000000000, 0.000000000000000000, -1.445602896647339508E-15 ) ) ;
#3749 = LINE ( 'NONE', #5485, #5307 ) ;
#3750 = DIRECTION ( 'NONE',  ( 0.000000000000000000, -0.000000000000000000, -1.000000000000000000 ) ) ;
#3751 = ORIENTED_EDGE ( 'NONE', *, *, #2970, .F. ) ;
#3752 = CARTESIAN_POINT ( 'NONE',  ( -1.550000000000000266, 0.05000000000000143219, -1.199999999999999289 ) ) ;
#3753 = VECTOR ( 'NONE', #6610, 1000.000000000000000 ) ;
#3754 = UNCERTAINTY_MEASURE_WITH_UNIT (LENGTH_MEASURE( 1.000000000000000082E-05 ), #5422, 'distance_accuracy_value', 'NONE');
#3755 = EDGE_CURVE ( 'NONE', #1708, #3756, #543, .T. ) ;
#3756 = VERTEX_POINT ( 'NONE', #149 ) ;
#3757 = VECTOR ( 'NONE', #6420, 1000.000000000000000 ) ;
#3758 = DIRECTION ( 'NONE',  ( -0.000000000000000000, 0.000000000000000000, 1.000000000000000000 ) ) ;
#3759 = VECTOR ( 'NONE', #6684, 1000.000000000000000 ) ;
#3760 =( LENGTH_UNIT ( ) NAMED_UNIT ( * ) SI_UNIT ( .MILLI., .METRE. ) );
#3761 = CLOSED_SHELL ( 'NONE', ( #1073, #2725, #2818, #494, #4670, #2324 ) ) ;
#3762 = ORIENTED_EDGE ( 'NONE', *, *, #4261, .F. ) ;
#3763 = CARTESIAN_POINT ( 'NONE',  ( 1.949999999999998623, 0.8264982043070834283, -0.1499999999999999667 ) ) ;
#3764 = FILL_AREA_STYLE ('',( #5344 ) ) ;
#3765 = DIRECTION ( 'NONE',  ( 0.000000000000000000, -0.000000000000000000, 1.000000000000000000 ) ) ;
#3766 = ORIENTED_EDGE ( 'NONE', *, *, #3784, .T. ) ;
#3767 = LINE ( 'NONE', #492, #5869 ) ;
#3768 = FACE_OUTER_BOUND ( 'NONE', #6504, .T. ) ;
#3769 = FILL_AREA_STYLE_COLOUR ( '', #5342 ) ;
#3770 = ORIENTED_EDGE ( 'NONE', *, *, #580, .T. ) ;
#3771 = ORIENTED_EDGE ( 'NONE', *, *, #6690, .T. ) ;
#3772 = FACE_OUTER_BOUND ( 'NONE', #5927, .T. ) ;
#3773 = CARTESIAN_POINT ( 'NONE',  ( 1.450000000000000400, 0.8264982043070837614, -1.949999999999999289 ) ) ;
#3774 = PLANE ( 'NONE',  #4482 ) ;
#3775 = AXIS2_PLACEMENT_3D ( 'NONE', #321, #3908, #5517 ) ;
#3776 = ADVANCED_FACE ( 'NONE', ( #2634 ), #4735, .F. ) ;
#3777 = ORIENTED_EDGE ( 'NONE', *, *, #580, .F. ) ;
#3778 = DIRECTION ( 'NONE',  ( 0.000000000000000000, -1.000000000000000000, 0.000000000000000000 ) ) ;
#3779 = DIRECTION ( 'NONE',  ( 1.000000000000000000, -0.000000000000000000, 0.000000000000000000 ) ) ;
#3780 = CARTESIAN_POINT ( 'NONE',  ( -1.949999999999998623, 0.000000000000000000, 1.449999999999999956 ) ) ;
#3781 = VERTEX_POINT ( 'NONE', #2113 ) ;
#3782 = DIRECTION ( 'NONE',  ( -0.000000000000000000, -1.000000000000000000, -0.000000000000000000 ) ) ;
#3783 = AXIS2_PLACEMENT_3D ( 'NONE', #2990, #3076, #1516 ) ;
#3784 = EDGE_CURVE ( 'NONE', #4055, #6353, #217, .T. ) ;
#3785 = VERTEX_POINT ( 'NONE', #5740 ) ;
#3786 = DIRECTION ( 'NONE',  ( -0.7071067811865474617, 0.000000000000000000, 0.7071067811865474617 ) ) ;
#3787 =( LENGTH_UNIT ( ) NAMED_UNIT ( * ) SI_UNIT ( .MILLI., .METRE. ) );
#3788 = ORIENTED_EDGE ( 'NONE', *, *, #6454, .T. ) ;
#3789 = CARTESIAN_POINT ( 'NONE',  ( 1.150000000000000799, 0.1999999999999999833, 1.949999999999999512 ) ) ;
#3790 = EDGE_LOOP ( 'NONE', ( #4623, #1713, #6531, #1057 ) ) ;
#3791 = SURFACE_SIDE_STYLE ('',( #6636 ) ) ;
#3792 = AXIS2_PLACEMENT_3D ( 'NONE', #4367, #2823, #4871 ) ;
#3793 = EDGE_CURVE ( 'NONE', #4207, #6304, #5551, .T. ) ;
#3794 = DIRECTION ( 'NONE',  ( 0.000000000000000000, 1.000000000000000000, 0.000000000000000000 ) ) ;
#3795 = CARTESIAN_POINT ( 'NONE',  ( -1.949999999999998623, 0.8264982043070834283, -0.1499999999999999667 ) ) ;
#3796 = PLANE ( 'NONE',  #4260 ) ;
#3797 = CARTESIAN_POINT ( 'NONE',  ( 2.499999999999998668, 0.8264982043070834283, 0.1499999999999999667 ) ) ;
#3798 = CARTESIAN_POINT ( 'NONE',  ( -0.1499999999999995226, 0.2000000000000000111, -1.949999999999999067 ) ) ;
#3799 = CARTESIAN_POINT ( 'NONE',  ( -1.949999999999998623, 0.8264982043070834283, 0.5000000000000000000 ) ) ;
#3800 = CARTESIAN_POINT ( 'NONE',  ( -0.4999999999999989453, 0.8264982043070837614, 2.499999999999999556 ) ) ;
#3801 = EDGE_LOOP ( 'NONE', ( #1350, #5100, #2084, #3324 ) ) ;
#3802 = CARTESIAN_POINT ( 'NONE',  ( 1.150000000000000355, 0.04999999999999999584, -1.949999999999999067 ) ) ;
#3803 = EDGE_LOOP ( 'NONE', ( #686, #6507, #3731, #6199 ) ) ;
#3804 = ADVANCED_FACE ( 'NONE', ( #4900 ), #2683, .F. ) ;
#3805 = EDGE_CURVE ( 'NONE', #419, #1954, #2711, .T. ) ;
#3806 = DIRECTION ( 'NONE',  ( 0.000000000000000000, 1.000000000000000000, 0.000000000000000000 ) ) ;
#3807 = ORIENTED_EDGE ( 'NONE', *, *, #2028, .T. ) ;
#3808 = FACE_OUTER_BOUND ( 'NONE', #6439, .T. ) ;
#3809 = DIRECTION ( 'NONE',  ( 0.000000000000000000, -1.000000000000000000, 0.000000000000000000 ) ) ;
#3811 = VERTEX_POINT ( 'NONE', #5727 ) ;
#3810 = AXIS2_PLACEMENT_3D ( 'NONE', #1546, #2159, #3182 ) ;
#3812 = LINE ( 'NONE', #5880, #2443 ) ;
#3813 = LINE ( 'NONE', #2489, #2445 ) ;
#3814 = EDGE_LOOP ( 'NONE', ( #4645, #6021, #4782, #3866 ) ) ;
#3815 = DIRECTION ( 'NONE',  ( 0.000000000000000000, -0.000000000000000000, 1.000000000000000000 ) ) ;
#3816 = DIRECTION ( 'NONE',  ( 0.000000000000000000, -0.000000000000000000, 1.000000000000000000 ) ) ;
#3817 = DIRECTION ( 'NONE',  ( -3.942553354492745996E-16, 0.000000000000000000, -1.000000000000000000 ) ) ;
#3818 = FACE_OUTER_BOUND ( 'NONE', #692, .T. ) ;
#3819 = ORIENTED_EDGE ( 'NONE', *, *, #1018, .F. ) ;
#3820 = EDGE_CURVE ( 'NONE', #4230, #5745, #6283, .T. ) ;
#3821 = VECTOR ( 'NONE', #5670, 1000.000000000000000 ) ;
#3822 = DIRECTION ( 'NONE',  ( 0.000000000000000000, 0.000000000000000000, -1.000000000000000000 ) ) ;
#3823 = FACE_OUTER_BOUND ( 'NONE', #2656, .T. ) ;
#3824 = ORIENTED_EDGE ( 'NONE', *, *, #2139, .F. ) ;
#3825 = AXIS2_PLACEMENT_3D ( 'NONE', #3634, #4638, #3685 ) ;
#3826 = ORIENTED_EDGE ( 'NONE', *, *, #3872, .T. ) ;
#3827 = DIRECTION ( 'NONE',  ( -1.000000000000000000, 0.000000000000000000, 7.228014483236699514E-16 ) ) ;
#3828 = CYLINDRICAL_SURFACE ( 'NONE', #4827, 0.1999999999999996503 ) ;
#3829 = VECTOR ( 'NONE', #4543, 1000.000000000000000 ) ;
#3830 = ORIENTED_EDGE ( 'NONE', *, *, #5041, .T. ) ;
#3831 = LINE ( 'NONE', #2377, #3022 ) ;
#3832 = DIRECTION ( 'NONE',  ( -1.000000000000000000, -0.000000000000000000, -0.000000000000000000 ) ) ;
#3833 = ORIENTED_EDGE ( 'NONE', *, *, #395, .T. ) ;
#3834 = VECTOR ( 'NONE', #5260, 1000.000000000000000 ) ;
#3835 = DIRECTION ( 'NONE',  ( 1.000000000000000000, -0.000000000000000000, -8.673617379884035472E-17 ) ) ;
#3836 = EDGE_CURVE ( 'NONE', #4894, #852, #1342, .T. ) ;
#3837 = ORIENTED_EDGE ( 'NONE', *, *, #4897, .F. ) ;
#3838 = EDGE_LOOP ( 'NONE', ( #5752, #2369, #2456, #6081 ) ) ;
#3839 = SURFACE_STYLE_FILL_AREA ( #5818 ) ;
#3840 = CARTESIAN_POINT ( 'NONE',  ( 2.500000000000002220, 0.8000000000000003775, 2.500000000000000888 ) ) ;
#3841 = ORIENTED_EDGE ( 'NONE', *, *, #4193, .T. ) ;
#3842 = VECTOR ( 'NONE', #4075, 1000.000000000000000 ) ;
#3843 = DIRECTION ( 'NONE',  ( 1.000000000000000000, 0.000000000000000000, 0.000000000000000000 ) ) ;
#3844 = ADVANCED_FACE ( 'NONE', ( #4161 ), #64, .F. ) ;
#3845 = CARTESIAN_POINT ( 'NONE',  ( -0.7999999999999988232, 0.2000000000000000111, 2.499999999999999112 ) ) ;
#3846 = CARTESIAN_POINT ( 'NONE',  ( -2.499999999999998668, 0.1999999999999999833, 0.5000000000000000000 ) ) ;
#3847 = ORIENTED_EDGE ( 'NONE', *, *, #345, .F. ) ;
#3848 = COLOUR_RGB ( '',0.7921568627450980005, 0.8196078431372548767, 0.9333333333333333481 ) ;
#3849 = VECTOR ( 'NONE', #1821, 1000.000000000000000 ) ;
#3850 = EDGE_CURVE ( 'NONE', #2047, #1134, #6508, .T. ) ;
#3851 = CARTESIAN_POINT ( 'NONE',  ( -2.499999999999998668, 0.1999999999999999833, -0.7999999999999999334 ) ) ;
#3852 = PLANE ( 'NONE',  #1695 ) ;
#3853 = DIRECTION ( 'NONE',  ( 0.000000000000000000, -1.000000000000000000, 0.000000000000000000 ) ) ;
#3854 = DIRECTION ( 'NONE',  ( 1.000000000000000000, 0.000000000000000000, -0.000000000000000000 ) ) ;
#3855 = EDGE_LOOP ( 'NONE', ( #38, #504, #1572, #843 ) ) ;
#3856 = LINE ( 'NONE', #2017, #477 ) ;
#3857 = CARTESIAN_POINT ( 'NONE',  ( -1.949999999999998623, 0.000000000000000000, -1.149999999999999911 ) ) ;
#3858 = EDGE_CURVE ( 'NONE', #5159, #4627, #2778, .T. ) ;
#3859 = CARTESIAN_POINT ( 'NONE',  ( 0.1500000000000003830, 0.8264982043070837614, -2.499999999999999556 ) ) ;
#3860 = DIRECTION ( 'NONE',  ( -1.000000000000000000, 0.000000000000000000, 0.000000000000000000 ) ) ;
#3861 = MECHANICAL_DESIGN_GEOMETRIC_PRESENTATION_REPRESENTATION (  '', ( #3169 ), #1760 ) ;
#3862 = AXIS2_PLACEMENT_3D ( 'NONE', #74, #3178, #1619 ) ;
#3863 = CARTESIAN_POINT ( 'NONE',  ( -1.149999999999999023, 0.8264982043070837614, 1.949999999999999734 ) ) ;
#3864 = ORIENTED_EDGE ( 'NONE', *, *, #4447, .T. ) ;
#3865 = VERTEX_POINT ( 'NONE', #4759 ) ;
#3866 = ORIENTED_EDGE ( 'NONE', *, *, #4372, .F. ) ;
#3867 = CARTESIAN_POINT ( 'NONE',  ( 0.1500000000000010492, 0.000000000000000000, 2.499999999999999556 ) ) ;
#3868 = EDGE_CURVE ( 'NONE', #946, #5784, #5543, .T. ) ;
#3869 = ADVANCED_FACE ( 'NONE', ( #5464, #1581 ), #5297, .T. ) ;
#3870 = DIRECTION ( 'NONE',  ( 0.000000000000000000, 0.000000000000000000, -1.000000000000000000 ) ) ;
#3871 = AXIS2_PLACEMENT_3D ( 'NONE', #236, #6585, #6082 ) ;
#3872 = EDGE_CURVE ( 'NONE', #1855, #2916, #2157, .T. ) ;
#3873 = CARTESIAN_POINT ( 'NONE',  ( 1.949999999999998623, 0.8264982043070834283, -1.149999999999999911 ) ) ;
#3874 = SURFACE_SIDE_STYLE ('',( #2871 ) ) ;
#3875 = LINE ( 'NONE', #973, #6469 ) ;
#3876 = ORIENTED_EDGE ( 'NONE', *, *, #2370, .F. ) ;
#3877 = LINE ( 'NONE', #2641, #2591 ) ;
#3878 = CARTESIAN_POINT ( 'NONE',  ( -1.149999999999999467, 0.2000000000000000111, -2.499999999999999556 ) ) ;
#3879 = ORIENTED_EDGE ( 'NONE', *, *, #4975, .T. ) ;
#3880 = AXIS2_PLACEMENT_3D ( 'NONE', #5348, #2808, #1260 ) ;
#3881 = FACE_OUTER_BOUND ( 'NONE', #3470, .T. ) ;
#3882 = VERTEX_POINT ( 'NONE', #737 ) ;
#3883 = VECTOR ( 'NONE', #5403, 1000.000000000000000 ) ;
#3884 = VECTOR ( 'NONE', #6665, 1000.000000000000000 ) ;
#3885 = CARTESIAN_POINT ( 'NONE',  ( 1.150000000000000355, 0.2000000000000005107, -2.499999999999999112 ) ) ;
#3886 = CARTESIAN_POINT ( 'NONE',  ( -1.449999999999999512, 0.8264982043070837614, -2.499999999999999112 ) ) ;
#3887 = EDGE_CURVE ( 'NONE', #5623, #1180, #461, .T. ) ;
#3888 = EDGE_CURVE ( 'NONE', #3686, #3197, #4817, .T. ) ;
#3889 = VECTOR ( 'NONE', #3357, 1000.000000000000000 ) ;
#3890 = VERTEX_POINT ( 'NONE', #6383 ) ;
#3891 = VECTOR ( 'NONE', #2888, 1000.000000000000000 ) ;
#3892 = DIRECTION ( 'NONE',  ( 0.000000000000000000, 0.000000000000000000, -1.000000000000000000 ) ) ;
#3893 = ORIENTED_EDGE ( 'NONE', *, *, #4404, .T. ) ;
#3894 = ORIENTED_EDGE ( 'NONE', *, *, #3793, .F. ) ;
#3895 = AXIS2_PLACEMENT_3D ( 'NONE', #5323, #3577, #6284 ) ;
#3896 = STYLED_ITEM ( 'NONE', ( #431 ), #2555 ) ;
#3897 = VECTOR ( 'NONE', #3218, 1000.000000000000000 ) ;
#3898 = VERTEX_POINT ( 'NONE', #4315 ) ;
#3899 = LINE ( 'NONE', #2863, #5527 ) ;
#3900 = DIRECTION ( 'NONE',  ( 1.000000000000000000, -0.000000000000000000, 1.445602896647339706E-15 ) ) ;
#3901 = LINE ( 'NONE', #6608, #4397 ) ;
#3902 = VERTEX_POINT ( 'NONE', #2289 ) ;
#3903 = PRESENTATION_STYLE_ASSIGNMENT (( #3056 ) ) ;
#3904 = ADVANCED_FACE ( 'NONE', ( #6672 ), #2815, .F. ) ;
#3905 = ORIENTED_EDGE ( 'NONE', *, *, #4006, .F. ) ;
#3906 = ORIENTED_EDGE ( 'NONE', *, *, #4373, .F. ) ;
#3907 = FACE_OUTER_BOUND ( 'NONE', #2210, .T. ) ;
#3908 = DIRECTION ( 'NONE',  ( 0.000000000000000000, 1.000000000000000000, 0.000000000000000000 ) ) ;
#3909 = VECTOR ( 'NONE', #3123, 1000.000000000000000 ) ;
#3910 = AXIS2_PLACEMENT_3D ( 'NONE', #5158, #1552, #6147 ) ;
#3911 = VERTEX_POINT ( 'NONE', #3284 ) ;
#3912 = EDGE_CURVE ( 'NONE', #2283, #2446, #3429, .T. ) ;
#3913 = ORIENTED_EDGE ( 'NONE', *, *, #448, .F. ) ;
#3914 = VECTOR ( 'NONE', #173, 1000.000000000000000 ) ;
#3915 = CARTESIAN_POINT ( 'NONE',  ( 1.949999999999998623, 0.05000000000000000278, 0.000000000000000000 ) ) ;
#3916 = PLANE ( 'NONE',  #5870 ) ;
#3917 = CARTESIAN_POINT ( 'NONE',  ( 1.150000000000000355, 0.2000000000000000111, -1.949999999999999067 ) ) ;
#3918 = DIRECTION ( 'NONE',  ( -1.000000000000000000, 0.000000000000000000, 0.000000000000000000 ) ) ;
#3919 = ORIENTED_EDGE ( 'NONE', *, *, #2909, .T. ) ;
#3920 = PRESENTATION_STYLE_ASSIGNMENT (( #1289 ) ) ;
#3921 = DIRECTION ( 'NONE',  ( -0.000000000000000000, -1.000000000000000000, -0.000000000000000000 ) ) ;
#3922 = VECTOR ( 'NONE', #860, 1000.000000000000000 ) ;
#3923 = EDGE_CURVE ( 'NONE', #887, #4490, #2073, .T. ) ;
#3924 = EDGE_CURVE ( 'NONE', #5773, #3604, #1910, .T. ) ;
#3925 = ORIENTED_EDGE ( 'NONE', *, *, #6436, .F. ) ;
#3926 = VECTOR ( 'NONE', #6297, 1000.000000000000000 ) ;
#3927 = LINE ( 'NONE', #4090, #6215 ) ;
#3928 = CARTESIAN_POINT ( 'NONE',  ( 0.000000000000000000, 0.000000000000000000, 0.6500000000000000222 ) ) ;
#3929 = DIRECTION ( 'NONE',  ( 0.000000000000000000, 0.000000000000000000, -1.000000000000000000 ) ) ;
#3930 = ORIENTED_EDGE ( 'NONE', *, *, #4589, .T. ) ;
#3931 = DIRECTION ( 'NONE',  ( 0.000000000000000000, 0.000000000000000000, -1.000000000000000000 ) ) ;
#3932 = LINE ( 'NONE', #3963, #2248 ) ;
#3933 = CARTESIAN_POINT ( 'NONE',  ( -2.499999999999998668, 0.000000000000000000, -0.5000000000000000000 ) ) ;
#3934 = PLANE ( 'NONE',  #1222 ) ;
#3935 = DIRECTION ( 'NONE',  ( 0.000000000000000000, -1.000000000000000000, 0.000000000000000000 ) ) ;
#3936 = EDGE_CURVE ( 'NONE', #4766, #4634, #4322, .T. ) ;
#3937 = CARTESIAN_POINT ( 'NONE',  ( 0.000000000000000000, 0.05000000000000000278, 0.000000000000000000 ) ) ;
#3938 = DIRECTION ( 'NONE',  ( 0.000000000000000000, 0.000000000000000000, 1.000000000000000000 ) ) ;
#3939 = DIRECTION ( 'NONE',  ( 1.000000000000000000, 0.000000000000000000, -1.445602896647339508E-15 ) ) ;
#3940 = CARTESIAN_POINT ( 'NONE',  ( 0.5000000000000004441, 0.8264982043070837614, -1.949999999999999067 ) ) ;
#3941 = ADVANCED_FACE ( 'NONE', ( #2704 ), #5919, .F. ) ;
#3942 = EDGE_LOOP ( 'NONE', ( #6401, #3466, #606, #1183 ) ) ;
#3943 = CARTESIAN_POINT ( 'NONE',  ( -0.1499999999999995226, 0.8264982043070837614, -1.949999999999999067 ) ) ;
#3944 = ORIENTED_EDGE ( 'NONE', *, *, #5442, .T. ) ;
#3945 = DIRECTION ( 'NONE',  ( 1.000000000000000000, 0.000000000000000000, 0.000000000000000000 ) ) ;
#3946 = DIRECTION ( 'NONE',  ( -1.000000000000000000, 0.000000000000000000, 0.000000000000000000 ) ) ;
#3947 = ORIENTED_EDGE ( 'NONE', *, *, #5227, .F. ) ;
#3948 = DIRECTION ( 'NONE',  ( -1.000000000000000000, 0.000000000000000000, -0.000000000000000000 ) ) ;
#3949 = SURFACE_STYLE_USAGE ( .BOTH. , #876 ) ;
#3950 = ORIENTED_EDGE ( 'NONE', *, *, #3309, .F. ) ;
#3951 = CARTESIAN_POINT ( 'NONE',  ( -0.1499999999999995226, 0.2000000000000000111, -1.949999999999999067 ) ) ;
#3952 = DIRECTION ( 'NONE',  ( -1.000000000000000000, 0.000000000000000000, 1.445602896647339706E-15 ) ) ;
#3953 = CARTESIAN_POINT ( 'NONE',  ( -0.4999999999999991673, 0.2000000000000005107, 2.500000000000001332 ) ) ;
#3954 = SURFACE_SIDE_STYLE ('',( #1575 ) ) ;
#3955 = CARTESIAN_POINT ( 'NONE',  ( -1.550000000000000266, -0.000000000000000000, -1.199999999999999289 ) ) ;
#3956 = EDGE_CURVE ( 'NONE', #4660, #1630, #3037, .T. ) ;
#3957 = CARTESIAN_POINT ( 'NONE',  ( 2.500000000000002220, 8.671067811865475150, 2.500000000000000888 ) ) ;
#3958 = SHAPE_DEFINITION_REPRESENTATION ( #4738, #903 ) ;
#3959 = DIRECTION ( 'NONE',  ( 0.000000000000000000, -1.000000000000000000, 0.000000000000000000 ) ) ;
#3960 = ORIENTED_EDGE ( 'NONE', *, *, #4373, .T. ) ;
#3961 = VECTOR ( 'NONE', #3298, 1000.000000000000000 ) ;
#3962 = ORIENTED_EDGE ( 'NONE', *, *, #3696, .F. ) ;
#3963 = CARTESIAN_POINT ( 'NONE',  ( 0.8000000000000008216, 0.000000000000000000, 1.949999999999999734 ) ) ;
#3964 = CARTESIAN_POINT ( 'NONE',  ( 0.8000000000000008216, 0.000000000000000000, 1.949999999999999734 ) ) ;
#3965 = EDGE_CURVE ( 'NONE', #3194, #5159, #209, .T. ) ;
#3966 = DIRECTION ( 'NONE',  ( -0.000000000000000000, -1.000000000000000000, -0.000000000000000000 ) ) ;
#3967 = CARTESIAN_POINT ( 'NONE',  ( -1.149999999999999467, 0.000000000000000000, -2.499999999999999556 ) ) ;
#3968 = ORIENTED_EDGE ( 'NONE', *, *, #96, .T. ) ;
#3969 = ADVANCED_FACE ( 'NONE', ( #787 ), #1786, .F. ) ;
#3970 = FACE_OUTER_BOUND ( 'NONE', #3265, .T. ) ;
#3971 = EDGE_LOOP ( 'NONE', ( #3727, #4603, #2515, #4141 ) ) ;
#3972 = FACE_OUTER_BOUND ( 'NONE', #6487, .T. ) ;
#3973 = CARTESIAN_POINT ( 'NONE',  ( 1.949999999999998623, 0.8264982043070834283, 1.149999999999999911 ) ) ;
#3974 = LINE ( 'NONE', #5423, #5434 ) ;
#3975 = ORIENTED_EDGE ( 'NONE', *, *, #3601, .F. ) ;
#3976 = CARTESIAN_POINT ( 'NONE',  ( -0.4999999999999995559, 0.8264982043070837614, -1.949999999999999289 ) ) ;
#3977 = CARTESIAN_POINT ( 'NONE',  ( 1.150000000000001021, 0.1999999999999999833, 2.499999999999999112 ) ) ;
#3978 = VECTOR ( 'NONE', #2688, 1000.000000000000000 ) ;
#3979 = EDGE_LOOP ( 'NONE', ( #264, #3023, #2422, #2479 ) ) ;
#3980 = LINE ( 'NONE', #552, #3179 ) ;
#3981 = DIRECTION ( 'NONE',  ( -0.000000000000000000, -1.000000000000000000, -0.000000000000000000 ) ) ;
#3982 = LINE ( 'NONE', #2227, #111 ) ;
#3983 = ORIENTED_EDGE ( 'NONE', *, *, #1875, .T. ) ;
#3984 = DIRECTION ( 'NONE',  ( -0.000000000000000000, 0.000000000000000000, 1.000000000000000000 ) ) ;
#3985 = ORIENTED_EDGE ( 'NONE', *, *, #299, .F. ) ;
#3986 = LINE ( 'NONE', #2991, #1979 ) ;
#3987 = LINE ( 'NONE', #4111, #361 ) ;
#3988 = EDGE_LOOP ( 'NONE', ( #4094, #6460, #4066, #695 ) ) ;
#3989 = FACE_OUTER_BOUND ( 'NONE', #5250, .T. ) ;
#3990 = AXIS2_PLACEMENT_3D ( 'NONE', #325, #1394, #4459 ) ;
#3991 = PRESENTATION_LAYER_ASSIGNMENT (  '', '', ( #3303 ) ) ;
#3992 = CARTESIAN_POINT ( 'NONE',  ( -1.550000000000000266, 0.05000000000000000278, -1.222191539892750924E-16 ) ) ;
#3993 = CARTESIAN_POINT ( 'NONE',  ( -1.449999999999999512, 0.000000000000000000, -2.499999999999999112 ) ) ;
#3994 = ORIENTED_EDGE ( 'NONE', *, *, #2360, .T. ) ;
#3995 = LINE ( 'NONE', #4745, #3834 ) ;
#3996 = DIRECTION ( 'NONE',  ( 1.000000000000000000, -0.000000000000000000, 1.445602896647339706E-15 ) ) ;
#3997 = FILL_AREA_STYLE ('',( #4926 ) ) ;
#3998 = ORIENTED_EDGE ( 'NONE', *, *, #2937, .T. ) ;
#3999 = EDGE_LOOP ( 'NONE', ( #1562, #6286, #3777, #675 ) ) ;
#4000 = VECTOR ( 'NONE', #4396, 1000.000000000000000 ) ;
#4001 = CARTESIAN_POINT ( 'NONE',  ( -2.499999999999998668, 0.8264982043070834283, -1.149999999999999911 ) ) ;
#4002 = SURFACE_STYLE_USAGE ( .BOTH. , #1510 ) ;
#4003 = ORIENTED_EDGE ( 'NONE', *, *, #6402, .F. ) ;
#4004 = VECTOR ( 'NONE', #4597, 1000.000000000000000 ) ;
#4005 = AXIS2_PLACEMENT_3D ( 'NONE', #1743, #5351, #179 ) ;
#4006 = EDGE_CURVE ( 'NONE', #3300, #4866, #291, .T. ) ;
#4007 = LINE ( 'NONE', #3025, #2161 ) ;
#4008 = CARTESIAN_POINT ( 'NONE',  ( 0.1500000000000008271, 0.2000000000000000111, 1.949999999999999734 ) ) ;
#4009 = PLANE ( 'NONE',  #6687 ) ;
#4010 = DIRECTION ( 'NONE',  ( 1.000000000000000000, -0.000000000000000000, 0.000000000000000000 ) ) ;
#4011 = CARTESIAN_POINT ( 'NONE',  ( 0.8000000000000008216, 0.2000000000000000111, 1.949999999999999734 ) ) ;
#4012 = ORIENTED_EDGE ( 'NONE', *, *, #3355, .F. ) ;
#4013 = VECTOR ( 'NONE', #3935, 1000.000000000000000 ) ;
#4014 = LINE ( 'NONE', #1274, #3688 ) ;
#4015 = DIRECTION ( 'NONE',  ( -1.000000000000000000, 0.000000000000000000, 0.000000000000000000 ) ) ;
#4016 = AXIS2_PLACEMENT_3D ( 'NONE', #3375, #3388, #1326 ) ;
#4017 = EDGE_CURVE ( 'NONE', #2352, #6482, #4087, .T. ) ;
#4018 = ORIENTED_EDGE ( 'NONE', *, *, #1989, .F. ) ;
#4019 = CARTESIAN_POINT ( 'NONE',  ( -0.1499999999999995226, 0.2000000000000005107, -2.499999999999998668 ) ) ;
#4020 = VECTOR ( 'NONE', #5602, 1000.000000000000000 ) ;
#4021 = PLANE ( 'NONE',  #2848 ) ;
#4022 = CARTESIAN_POINT ( 'NONE',  ( -1.149999999999998801, 0.000000000000000000, 2.499999999999999556 ) ) ;
#4023 = DIRECTION ( 'NONE',  ( -0.000000000000000000, 0.000000000000000000, 1.000000000000000000 ) ) ;
#4024 = DIRECTION ( 'NONE',  ( 0.000000000000000000, -1.000000000000000000, 0.000000000000000000 ) ) ;
#4025 = DIRECTION ( 'NONE',  ( -0.7071067811865474617, 0.000000000000000000, 0.7071067811865474617 ) ) ;
#4026 = VERTEX_POINT ( 'NONE', #4885 ) ;
#4027 = DIRECTION ( 'NONE',  ( 0.000000000000000000, 0.000000000000000000, 1.000000000000000000 ) ) ;
#4028 = EDGE_CURVE ( 'NONE', #5332, #3114, #5951, .T. ) ;
#4029 = EDGE_CURVE ( 'NONE', #934, #125, #5628, .T. ) ;
#4030 = DIRECTION ( 'NONE',  ( 1.000000000000000000, -0.000000000000000000, 0.000000000000000000 ) ) ;
#4031 = DIRECTION ( 'NONE',  ( 0.000000000000000000, 0.000000000000000000, -1.000000000000000000 ) ) ;
#4032 = ORIENTED_EDGE ( 'NONE', *, *, #1533, .T. ) ;
#4033 = PLANE ( 'NONE',  #4183 ) ;
#4034 = VERTEX_POINT ( 'NONE', #2225 ) ;
#4035 = ORIENTED_EDGE ( 'NONE', *, *, #6257, .T. ) ;
#4036 = PLANE ( 'NONE',  #5597 ) ;
#4037 = MANIFOLD_SOLID_BREP ( 'LPattern4[5]', #353 ) ;
#4038 = DIRECTION ( 'NONE',  ( 0.000000000000000000, 0.000000000000000000, 1.000000000000000000 ) ) ;
#4039 =( LENGTH_UNIT ( ) NAMED_UNIT ( * ) SI_UNIT ( .MILLI., .METRE. ) );
#4040 = CARTESIAN_POINT ( 'NONE',  ( 0.000000000000000000, 0.2000000000000000111, 0.000000000000000000 ) ) ;
#4041 = CARTESIAN_POINT ( 'NONE',  ( 1.949999999999998623, 0.1999999999999999833, 1.149999999999999911 ) ) ;
#4042 = ADVANCED_FACE ( 'NONE', ( #6355 ), #4413, .F. ) ;
#4043 = EDGE_CURVE ( 'NONE', #6349, #838, #1744, .T. ) ;
#4044 = DIRECTION ( 'NONE',  ( 1.000000000000000000, 0.000000000000000000, 0.000000000000000000 ) ) ;
#4045 = DIRECTION ( 'NONE',  ( 0.000000000000000000, 1.000000000000000000, 0.000000000000000000 ) ) ;
#4046 = ORIENTED_EDGE ( 'NONE', *, *, #2230, .T. ) ;
#4047 = VECTOR ( 'NONE', #3809, 1000.000000000000000 ) ;
#4048 = ORIENTED_EDGE ( 'NONE', *, *, #5132, .F. ) ;
#4049 = DIRECTION ( 'NONE',  ( 0.000000000000000000, -1.000000000000000000, 0.000000000000000000 ) ) ;
#4050 = ADVANCED_FACE ( 'NONE', ( #4578 ), #1841, .F. ) ;
#4051 = FACE_OUTER_BOUND ( 'NONE', #4709, .T. ) ;
#4052 = CARTESIAN_POINT ( 'NONE',  ( 1.949999999999998623, 0.1999999999999999833, -1.149999999999999911 ) ) ;
#4053 = EDGE_CURVE ( 'NONE', #2916, #6165, #4491, .T. ) ;
#4054 = VERTEX_POINT ( 'NONE', #2697 ) ;
#4055 = VERTEX_POINT ( 'NONE', #4763 ) ;
#4056 = VECTOR ( 'NONE', #3745, 1000.000000000000000 ) ;
#4057 = EDGE_LOOP ( 'NONE', ( #2231, #6398, #5922, #5019 ) ) ;
#4058 = VECTOR ( 'NONE', #3400, 1000.000000000000000 ) ;
#4059 = ORIENTED_EDGE ( 'NONE', *, *, #2716, .T. ) ;
#4060 = FACE_OUTER_BOUND ( 'NONE', #4221, .T. ) ;
#4061 = CARTESIAN_POINT ( 'NONE',  ( 2.499999999999998668, 0.04999999999999991257, 0.7999999999999999334 ) ) ;
#4062 = LINE ( 'NONE', #2748, #1407 ) ;
#4063 = EDGE_LOOP ( 'NONE', ( #1748, #46, #3204, #5833 ) ) ;
#4064 = CARTESIAN_POINT ( 'NONE',  ( -1.949999999999998623, 0.8264982043070834283, -1.449999999999999956 ) ) ;
#4065 = PLANE ( 'NONE',  #1066 ) ;
#4066 = ORIENTED_EDGE ( 'NONE', *, *, #1550, .F. ) ;
#4067 = EDGE_CURVE ( 'NONE', #2695, #1641, #3198, .T. ) ;
#4069 = DIRECTION ( 'NONE',  ( 0.000000000000000000, -1.000000000000000000, 0.000000000000000000 ) ) ;
#4068 = CARTESIAN_POINT ( 'NONE',  ( 2.499999999999998668, 0.8264982043070834283, 0.7999999999999999334 ) ) ;
#4070 = LINE ( 'NONE', #180, #681 ) ;
#4071 = LINE ( 'NONE', #2901, #4228 ) ;
#4072 = ORIENTED_EDGE ( 'NONE', *, *, #998, .F. ) ;
#4073 = VECTOR ( 'NONE', #6216, 1000.000000000000000 ) ;
#4074 = ORIENTED_EDGE ( 'NONE', *, *, #2583, .F. ) ;
#4075 = DIRECTION ( 'NONE',  ( -1.000000000000000000, 0.000000000000000000, 7.228014483236697541E-16 ) ) ;
#4076 = PLANE ( 'NONE',  #5901 ) ;
#4077 = DIRECTION ( 'NONE',  ( 0.000000000000000000, 1.000000000000000000, 0.000000000000000000 ) ) ;
#4078 = EDGE_LOOP ( 'NONE', ( #4970, #1405, #6019, #517 ) ) ;
#4079 = FACE_OUTER_BOUND ( 'NONE', #3649, .T. ) ;
#4080 = FACE_OUTER_BOUND ( 'NONE', #3392, .T. ) ;
#4081 = EDGE_LOOP ( 'NONE', ( #187, #1470, #5672, #6036 ) ) ;
#4082 = ADVANCED_FACE ( 'NONE', ( #4079 ), #5817, .F. ) ;
#4083 = VERTEX_POINT ( 'NONE', #1639 ) ;
#4084 = VECTOR ( 'NONE', #4764, 1000.000000000000000 ) ;
#4085 = EDGE_CURVE ( 'NONE', #1247, #3338, #3027, .T. ) ;
#4086 = EDGE_LOOP ( 'NONE', ( #2439, #6363, #2831, #3471 ) ) ;
#4087 = LINE ( 'NONE', #3345, #4652 ) ;
#4088 = LINE ( 'NONE', #6265, #2556 ) ;
#4089 = AXIS2_PLACEMENT_3D ( 'NONE', #1769, #3340, #6397 ) ;
#4090 = CARTESIAN_POINT ( 'NONE',  ( -0.4999999999999991673, 0.000000000000000000, 1.949999999999999734 ) ) ;
#4091 = CYLINDRICAL_SURFACE ( 'NONE', #1768, 0.1999999999999998723 ) ;
#4092 = PLANE ( 'NONE',  #5842 ) ;
#4093 = DIRECTION ( 'NONE',  ( 0.000000000000000000, 0.000000000000000000, 1.000000000000000000 ) ) ;
#4094 = ORIENTED_EDGE ( 'NONE', *, *, #519, .F. ) ;
#4095 = CARTESIAN_POINT ( 'NONE',  ( 1.949999999999998623, 0.05000000000000023870, 0.1499999999999999667 ) ) ;
#4096 = VECTOR ( 'NONE', #2447, 1000.000000000000000 ) ;
#4097 = CARTESIAN_POINT ( 'NONE',  ( 0.1500000000000008271, 0.2000000000000000111, 1.949999999999999734 ) ) ;
#4098 = VECTOR ( 'NONE', #390, 1000.000000000000000 ) ;
#4099 = CARTESIAN_POINT ( 'NONE',  ( 0.5000000000000011102, 0.2000000000000000111, 2.499999999999999112 ) ) ;
#4101 = FILL_AREA_STYLE ('',( #3603 ) ) ;
#4100 = CARTESIAN_POINT ( 'NONE',  ( 0.8000000000000003775, 0.2000000000000000111, -1.949999999999999289 ) ) ;
#4102 = EDGE_CURVE ( 'NONE', #2416, #1226, #2380, .T. ) ;
#4103 = ORIENTED_EDGE ( 'NONE', *, *, #688, .F. ) ;
#4104 = DIRECTION ( 'NONE',  ( -0.000000000000000000, 0.000000000000000000, -1.000000000000000000 ) ) ;
#4105 = CIRCLE ( 'NONE', #6071, 0.1999999999999998723 ) ;
#4106 = CARTESIAN_POINT ( 'NONE',  ( 1.150000000000000799, 0.2000000000000000111, 1.949999999999999512 ) ) ;
#4107 = EDGE_CURVE ( 'NONE', #1231, #542, #939, .T. ) ;
#4108 = CARTESIAN_POINT ( 'NONE',  ( 0.1500000000000010492, 0.2000000000000000111, 2.499999999999999556 ) ) ;
#4109 = ORIENTED_EDGE ( 'NONE', *, *, #259, .F. ) ;
#4110 = PLANE ( 'NONE',  #1579 ) ;
#4111 = CARTESIAN_POINT ( 'NONE',  ( -0.4999999999999991673, 0.2000000000000000111, 1.949999999999999734 ) ) ;
#4112 = ORIENTED_EDGE ( 'NONE', *, *, #4483, .F. ) ;
#4113 = AXIS2_PLACEMENT_3D ( 'NONE', #4692, #3176, #4150 ) ;
#4114 = ORIENTED_EDGE ( 'NONE', *, *, #5663, .T. ) ;
#4115 = DIRECTION ( 'NONE',  ( 0.000000000000000000, -0.000000000000000000, -1.000000000000000000 ) ) ;
#4117 = PLANE ( 'NONE',  #3642 ) ;
#4116 =( NAMED_UNIT ( * ) PLANE_ANGLE_UNIT ( ) SI_UNIT ( $, .RADIAN. ) );
#4118 = ORIENTED_EDGE ( 'NONE', *, *, #2174, .F. ) ;
#4119 = EDGE_LOOP ( 'NONE', ( #5034, #4408, #5591, #6087 ) ) ;
#4120 = CARTESIAN_POINT ( 'NONE',  ( 1.450000000000001066, 0.2000000000000000111, 2.499999999999999556 ) ) ;
#4121 = ADVANCED_FACE ( 'NONE', ( #5142 ), #1683, .F. ) ;
#4122 = AXIS2_PLACEMENT_3D ( 'NONE', #1846, #3372, #5499 ) ;
#4123 = VERTEX_POINT ( 'NONE', #1131 ) ;
#4124 = DIRECTION ( 'NONE',  ( -1.000000000000000000, 0.000000000000000000, 0.000000000000000000 ) ) ;
#4125 = DIRECTION ( 'NONE',  ( 0.000000000000000000, -0.000000000000000000, 1.000000000000000000 ) ) ;
#4126 = ORIENTED_EDGE ( 'NONE', *, *, #1205, .F. ) ;
#4127 = DIRECTION ( 'NONE',  ( 1.000000000000000000, -0.000000000000000000, 0.000000000000000000 ) ) ;
#4128 = ORIENTED_EDGE ( 'NONE', *, *, #5385, .T. ) ;
#4129 = AXIS2_PLACEMENT_3D ( 'NONE', #4773, #150, #3817 ) ;
#4130 =( NAMED_UNIT ( * ) PLANE_ANGLE_UNIT ( ) SI_UNIT ( $, .RADIAN. ) );
#4131 = EDGE_CURVE ( 'NONE', #3756, #1942, #1103, .T. ) ;
#4132 = LINE ( 'NONE', #2329, #4537 ) ;
#4133 = VERTEX_POINT ( 'NONE', #1148 ) ;
#4134 = CARTESIAN_POINT ( 'NONE',  ( 1.150000000000000355, 0.8264982043070837614, -1.949999999999999067 ) ) ;
#4135 = ORIENTED_EDGE ( 'NONE', *, *, #1558, .F. ) ;
#4136 = DIRECTION ( 'NONE',  ( -0.000000000000000000, -1.000000000000000000, -0.000000000000000000 ) ) ;
#4137 = LINE ( 'NONE', #4068, #1397 ) ;
#4138 = ORIENTED_EDGE ( 'NONE', *, *, #5723, .F. ) ;
#4139 = STYLED_ITEM ( 'NONE', ( #6191 ), #736 ) ;
#4140 = EDGE_CURVE ( 'NONE', #3175, #2681, #4233, .T. ) ;
#4141 = ORIENTED_EDGE ( 'NONE', *, *, #920, .F. ) ;
#4142 = ADVANCED_FACE ( 'NONE', ( #2222 ), #5223, .T. ) ;
#4143 = ORIENTED_EDGE ( 'NONE', *, *, #2632, .F. ) ;
#4144 = VECTOR ( 'NONE', #2495, 1000.000000000000000 ) ;
#4145 = ORIENTED_EDGE ( 'NONE', *, *, #1276, .F. ) ;
#4146 = LINE ( 'NONE', #1197, #2764 ) ;
#4147 = VECTOR ( 'NONE', #2648, 1000.000000000000000 ) ;
#4148 = ORIENTED_EDGE ( 'NONE', *, *, #114, .F. ) ;
#4149 = VERTEX_POINT ( 'NONE', #86 ) ;
#4150 = DIRECTION ( 'NONE',  ( -1.000000000000000000, 0.000000000000000000, 8.673617379884035472E-17 ) ) ;
#4151 = PLANE ( 'NONE',  #6410 ) ;
#4152 = LINE ( 'NONE', #6518, #117 ) ;
#4153 = DIRECTION ( 'NONE',  ( 0.000000000000000000, -1.000000000000000000, 0.000000000000000000 ) ) ;
#4154 = CARTESIAN_POINT ( 'NONE',  ( 2.500000000000002220, 0.05000000000000000278, 2.500000000000000888 ) ) ;
#4155 = ORIENTED_EDGE ( 'NONE', *, *, #5791, .T. ) ;
#4156 = LINE ( 'NONE', #350, #4485 ) ;
#4157 = EDGE_CURVE ( 'NONE', #4842, #3192, #4808, .T. ) ;
#4159 = CARTESIAN_POINT ( 'NONE',  ( -0.4999999999999991673, 0.04999999999999999584, 1.949999999999999734 ) ) ;
#4158 = DIRECTION ( 'NONE',  ( 0.000000000000000000, 0.000000000000000000, -1.000000000000000000 ) ) ;
#4160 = VERTEX_POINT ( 'NONE', #1613 ) ;
#4161 = FACE_OUTER_BOUND ( 'NONE', #4639, .T. ) ;
#4162 = VECTOR ( 'NONE', #1899, 1000.000000000000000 ) ;
#4163 = EDGE_LOOP ( 'NONE', ( #5212, #637, #4003, #5254 ) ) ;
#4164 = ORIENTED_EDGE ( 'NONE', *, *, #1425, .F. ) ;
#4165 = PLANE ( 'NONE',  #4862 ) ;
#4166 = VECTOR ( 'NONE', #3782, 1000.000000000000000 ) ;
#4167 = STYLED_ITEM ( 'NONE', ( #3737 ), #2141 ) ;
#4168 = EDGE_LOOP ( 'NONE', ( #1659, #594, #1574, #6421 ) ) ;
#4169 = LINE ( 'NONE', #6146, #2396 ) ;
#4170 = LINE ( 'NONE', #72, #4663 ) ;
#4171 = EDGE_CURVE ( 'NONE', #811, #2695, #5454, .T. ) ;
#4172 = CARTESIAN_POINT ( 'NONE',  ( -2.499999999999998668, 0.8264982043070834283, 0.5000000000000000000 ) ) ;
#4173 = EDGE_LOOP ( 'NONE', ( #2255, #526, #6334, #6058 ) ) ;
#4174 = VECTOR ( 'NONE', #899, 1000.000000000000000 ) ;
#4175 = AXIS2_PLACEMENT_3D ( 'NONE', #2567, #6693, #10 ) ;
#4176 = CARTESIAN_POINT ( 'NONE',  ( -1.550000000000000488, 0.05000000000000000278, 1.550000000000000488 ) ) ;
#4177 = LINE ( 'NONE', #5974, #796 ) ;
#4178 = CARTESIAN_POINT ( 'NONE',  ( -0.1499999999999990785, 0.2000000000000000111, 1.949999999999999512 ) ) ;
#4179 = DIRECTION ( 'NONE',  ( -3.942553354492744024E-16, -0.000000000000000000, -1.000000000000000000 ) ) ;
#4180 = CARTESIAN_POINT ( 'NONE',  ( 0.000000000000000000, 0.000000000000000000, 0.000000000000000000 ) ) ;
#4181 = FACE_OUTER_BOUND ( 'NONE', #4563, .T. ) ;
#4182 = DIRECTION ( 'NONE',  ( 1.000000000000000000, -0.000000000000000000, -7.228014483236698528E-16 ) ) ;
#4183 = AXIS2_PLACEMENT_3D ( 'NONE', #2975, #6625, #4533 ) ;
#4184 = DIRECTION ( 'NONE',  ( 0.000000000000000000, -1.000000000000000000, 0.000000000000000000 ) ) ;
#4185 = CARTESIAN_POINT ( 'NONE',  ( -0.4999999999999989453, 0.1999999999999999833, 2.499999999999999556 ) ) ;
#4186 = ADVANCED_FACE ( 'NONE', ( #4403 ), #581, .T. ) ;
#4187 = ORIENTED_EDGE ( 'NONE', *, *, #3441, .F. ) ;
#4188 = ORIENTED_EDGE ( 'NONE', *, *, #3850, .T. ) ;
#4189 = CARTESIAN_POINT ( 'NONE',  ( -1.449999999999999512, 0.000000000000000000, -1.949999999999999067 ) ) ;
#4190 = ORIENTED_EDGE ( 'NONE', *, *, #653, .F. ) ;
#4191 = PLANE ( 'NONE',  #4113 ) ;
#4192 = ORIENTED_EDGE ( 'NONE', *, *, #1558, .T. ) ;
#4193 = EDGE_CURVE ( 'NONE', #6226, #3781, #3995, .T. ) ;
#4194 = CARTESIAN_POINT ( 'NONE',  ( -1.949999999999998623, 0.05000000000000023870, 1.449999999999999956 ) ) ;
#4195 = CARTESIAN_POINT ( 'NONE',  ( -1.949999999999998623, 0.05000000000000023870, 1.149999999999999911 ) ) ;
#4196 = AXIS2_PLACEMENT_3D ( 'NONE', #6395, #2173, #2216 ) ;
#4197 = FILL_AREA_STYLE ('',( #2096 ) ) ;
#4198 = DIRECTION ( 'NONE',  ( 0.000000000000000000, -1.000000000000000000, 0.000000000000000000 ) ) ;
#4199 = EDGE_CURVE ( 'NONE', #4274, #4026, #4733, .T. ) ;
#4200 = ORIENTED_EDGE ( 'NONE', *, *, #5996, .T. ) ;
#4201 = AXIS2_PLACEMENT_3D ( 'NONE', #3711, #3729, #2667 ) ;
#4203 = ORIENTED_EDGE ( 'NONE', *, *, #5058, .T. ) ;
#4202 = AXIS2_PLACEMENT_3D ( 'NONE', #4210, #2154, #5753 ) ;
#4204 = VERTEX_POINT ( 'NONE', #3221 ) ;
#4205 = LINE ( 'NONE', #593, #753 ) ;
#4206 = DIRECTION ( 'NONE',  ( -1.000000000000000000, 0.000000000000000000, 0.000000000000000000 ) ) ;
#4207 = VERTEX_POINT ( 'NONE', #5776 ) ;
#4208 = ADVANCED_FACE ( 'NONE', ( #3351 ), #6317, .T. ) ;
#4209 = VECTOR ( 'NONE', #3948, 1000.000000000000000 ) ;
#4210 = CARTESIAN_POINT ( 'NONE',  ( -1.149999999999999467, 0.8264982043070837614, -1.949999999999999289 ) ) ;
#4211 = VECTOR ( 'NONE', #1842, 1000.000000000000000 ) ;
#4212 = CARTESIAN_POINT ( 'NONE',  ( 0.000000000000000000, 0.2000000000000000111, 0.000000000000000000 ) ) ;
#4213 = AXIS2_PLACEMENT_3D ( 'NONE', #6244, #5755, #3209 ) ;
#4214 = EDGE_CURVE ( 'NONE', #1940, #2681, #2862, .T. ) ;
#4215 = LINE ( 'NONE', #6450, #3889 ) ;
#4216 = DIRECTION ( 'NONE',  ( -0.000000000000000000, -1.000000000000000000, -0.000000000000000000 ) ) ;
#4217 = EDGE_LOOP ( 'NONE', ( #3998, #6597, #4032, #4402 ) ) ;
#4218 = LINE ( 'NONE', #6218, #4867 ) ;
#4219 = LINE ( 'NONE', #132, #766 ) ;
#4220 = VERTEX_POINT ( 'NONE', #2757 ) ;
#4221 = EDGE_LOOP ( 'NONE', ( #652, #1571, #3674, #3807 ) ) ;
#4222 = DIRECTION ( 'NONE',  ( 0.000000000000000000, 0.000000000000000000, -1.000000000000000000 ) ) ;
#4223 = VECTOR ( 'NONE', #1356, 1000.000000000000000 ) ;
#4224 = AXIS2_PLACEMENT_3D ( 'NONE', #6582, #2452, #6073 ) ;
#4225 = EDGE_CURVE ( 'NONE', #6370, #2416, #5222, .T. ) ;
#4226 = VECTOR ( 'NONE', #3870, 1000.000000000000000 ) ;
#4227 = DIRECTION ( 'NONE',  ( 1.000000000000000000, -0.000000000000000000, 0.000000000000000000 ) ) ;
#4228 = VECTOR ( 'NONE', #5482, 1000.000000000000000 ) ;
#4229 = ORIENTED_EDGE ( 'NONE', *, *, #3223, .T. ) ;
#4230 = VERTEX_POINT ( 'NONE', #5838 ) ;
#4231 = ORIENTED_EDGE ( 'NONE', *, *, #5369, .F. ) ;
#4232 = DIRECTION ( 'NONE',  ( -0.000000000000000000, -0.000000000000000000, 1.000000000000000000 ) ) ;
#4233 = LINE ( 'NONE', #155, #6114 ) ;
#4234 = LINE ( 'NONE', #3310, #3353 ) ;
#4235 = CARTESIAN_POINT ( 'NONE',  ( -1.949999999999998623, 0.05000000000000000278, 0.000000000000000000 ) ) ;
#4236 = CLOSED_SHELL ( 'NONE', ( #2857, #4279, #2092, #6689, #4383, #6208 ) ) ;
#4237 = PRESENTATION_LAYER_ASSIGNMENT (  '', '', ( #3547 ) ) ;
#4238 = VERTEX_POINT ( 'NONE', #3293 ) ;
#4239 = LINE ( 'NONE', #5032, #5229 ) ;
#4240 = DIRECTION ( 'NONE',  ( -0.000000000000000000, -1.000000000000000000, -0.000000000000000000 ) ) ;
#4241 = ORIENTED_EDGE ( 'NONE', *, *, #1306, .T. ) ;
#4242 = CARTESIAN_POINT ( 'NONE',  ( -2.499999999999998668, 0.2000000000000002054, -1.149999999999999911 ) ) ;
#4243 = VECTOR ( 'NONE', #691, 1000.000000000000000 ) ;
#4244 = MANIFOLD_SOLID_BREP ( 'LPattern4[1]', #2828 ) ;
#4245 = CARTESIAN_POINT ( 'NONE',  ( 1.949999999999998623, 0.1999999999999999833, 1.449999999999999956 ) ) ;
#4246 = LINE ( 'NONE', #1670, #6673 ) ;
#4247 = EDGE_CURVE ( 'NONE', #794, #4149, #6662, .T. ) ;
#4248 = EDGE_CURVE ( 'NONE', #752, #3661, #4972, .T. ) ;
#4249 = VERTEX_POINT ( 'NONE', #744 ) ;
#4250 = DIRECTION ( 'NONE',  ( -1.000000000000000000, 0.000000000000000000, -0.000000000000000000 ) ) ;
#4251 = ORIENTED_EDGE ( 'NONE', *, *, #5441, .T. ) ;
#4252 = VECTOR ( 'NONE', #5493, 1000.000000000000000 ) ;
#4253 = AXIS2_PLACEMENT_3D ( 'NONE', #5575, #1943, #1903 ) ;
#4254 = ADVANCED_FACE ( 'NONE', ( #3907 ), #1763, .T. ) ;
#4255 = CARTESIAN_POINT ( 'NONE',  ( 0.000000000000000000, 0.05000000000000000278, 1.149999999999999911 ) ) ;
#4256 = VECTOR ( 'NONE', #5111, 1000.000000000000000 ) ;
#4257 = DIRECTION ( 'NONE',  ( -0.000000000000000000, 0.000000000000000000, 1.000000000000000000 ) ) ;
#4258 = CARTESIAN_POINT ( 'NONE',  ( 1.949999999999998623, 0.8264982043070834283, 1.149999999999999911 ) ) ;
#4259 = CARTESIAN_POINT ( 'NONE',  ( 1.949999999999998623, 0.8264982043070834283, -1.149999999999999911 ) ) ;
#4260 = AXIS2_PLACEMENT_3D ( 'NONE', #5899, #2251, #234 ) ;
#4261 = EDGE_CURVE ( 'NONE', #912, #3785, #2547, .T. ) ;
#4262 = CARTESIAN_POINT ( 'NONE',  ( 2.499999999999998668, 0.8264982043070834283, -0.5000000000000000000 ) ) ;
#4263 = CARTESIAN_POINT ( 'NONE',  ( -1.149999999999998801, 0.04999999999999999584, 2.499999999999999556 ) ) ;
#4264 = ORIENTED_EDGE ( 'NONE', *, *, #553, .F. ) ;
#4265 = AXIS2_PLACEMENT_3D ( 'NONE', #2963, #2978, #389 ) ;
#4266 = EDGE_CURVE ( 'NONE', #6005, #6277, #3420, .T. ) ;
#4267 = CARTESIAN_POINT ( 'NONE',  ( -0.1499999999999995226, 0.04999999999999999584, -1.949999999999999067 ) ) ;
#4268 = ORIENTED_EDGE ( 'NONE', *, *, #3277, .F. ) ;
#4269 = DIRECTION ( 'NONE',  ( 0.000000000000000000, -0.000000000000000000, 1.000000000000000000 ) ) ;
#4270 = CARTESIAN_POINT ( 'NONE',  ( 0.000000000000000000, 0.2000000000000000111, 0.000000000000000000 ) ) ;
#4271 = ORIENTED_EDGE ( 'NONE', *, *, #2493, .T. ) ;
#4272 = VERTEX_POINT ( 'NONE', #1230 ) ;
#4273 = CARTESIAN_POINT ( 'NONE',  ( -1.550000000000000266, -0.000000000000000000, -1.199999999999999289 ) ) ;
#4274 = VERTEX_POINT ( 'NONE', #2240 ) ;
#4275 = FILL_AREA_STYLE ('',( #2737 ) ) ;
#4276 = CARTESIAN_POINT ( 'NONE',  ( 0.000000000000000000, 0.05000000000000000278, 0.7999999999999999334 ) ) ;
#4277 = PLANE ( 'NONE',  #5572 ) ;
#4278 = CARTESIAN_POINT ( 'NONE',  ( 1.549999999999999600, 4.584062043356594174, -1.549999999999999600 ) ) ;
#4279 = ADVANCED_FACE ( 'NONE', ( #2060 ), #4833, .F. ) ;
#4280 = EDGE_CURVE ( 'NONE', #6553, #2221, #1423, .T. ) ;
#4281 = APPLICATION_CONTEXT ( 'automotive_design' ) ;
#4282 = DIRECTION ( 'NONE',  ( 0.000000000000000000, 0.000000000000000000, 1.000000000000000000 ) ) ;
#4283 = VERTEX_POINT ( 'NONE', #4329 ) ;
#4284 = EDGE_LOOP ( 'NONE', ( #3419, #2434, #5533, #6097 ) ) ;
#4285 = CARTESIAN_POINT ( 'NONE',  ( -0.4999999999999991673, 0.1999999999999999833, 1.949999999999999734 ) ) ;
#4286 = CARTESIAN_POINT ( 'NONE',  ( -1.149999999999999023, 0.1999999999999999833, 1.949999999999999734 ) ) ;
#4287 = DIRECTION ( 'NONE',  ( 1.445602896647339508E-15, 0.000000000000000000, -1.000000000000000000 ) ) ;
#4288 = VECTOR ( 'NONE', #3219, 1000.000000000000000 ) ;
#4289 = ORIENTED_EDGE ( 'NONE', *, *, #6257, .F. ) ;
#4290 = EDGE_CURVE ( 'NONE', #3865, #3338, #1176, .T. ) ;
#4291 = CARTESIAN_POINT ( 'NONE',  ( 1.450000000000000844, 0.1999999999999999833, 1.949999999999999734 ) ) ;
#4292 = DIRECTION ( 'NONE',  ( -7.228014483236697541E-16, 0.000000000000000000, 1.000000000000000000 ) ) ;
#4293 = ORIENTED_EDGE ( 'NONE', *, *, #5330, .T. ) ;
#4294 = AXIS2_PLACEMENT_3D ( 'NONE', #3250, #2709, #166 ) ;
#4295 = EDGE_LOOP ( 'NONE', ( #4385, #4326, #5893, #3111 ) ) ;
#4296 = VECTOR ( 'NONE', #1840, 1000.000000000000000 ) ;
#4297 = PLANE ( 'NONE',  #5692 ) ;
#4298 = LINE ( 'NONE', #2892, #3489 ) ;
#4299 = CARTESIAN_POINT ( 'NONE',  ( 0.8000000000000010436, 0.000000000000000000, 2.499999999999999556 ) ) ;
#4300 = ORIENTED_EDGE ( 'NONE', *, *, #1956, .F. ) ;
#4301 = ORIENTED_EDGE ( 'NONE', *, *, #2650, .T. ) ;
#4302 = CARTESIAN_POINT ( 'NONE',  ( -1.949999999999998623, 0.05000000000000023870, 0.7999999999999999334 ) ) ;
#4303 = LINE ( 'NONE', #644, #3735 ) ;
#4304 = ORIENTED_EDGE ( 'NONE', *, *, #1956, .T. ) ;
#4305 = LINE ( 'NONE', #2595, #3821 ) ;
#4306 =( NAMED_UNIT ( * ) PLANE_ANGLE_UNIT ( ) SI_UNIT ( $, .RADIAN. ) );
#4307 = PLANE ( 'NONE',  #2431 ) ;
#4308 = VECTOR ( 'NONE', #4030, 1000.000000000000000 ) ;
#4309 = EDGE_LOOP ( 'NONE', ( #1487, #3847, #728, #4103 ) ) ;
#4310 = ORIENTED_EDGE ( 'NONE', *, *, #2246, .F. ) ;
#4311 = CARTESIAN_POINT ( 'NONE',  ( 0.5000000000000004441, 0.1999999999999999833, -1.949999999999999067 ) ) ;
#4312 = ORIENTED_EDGE ( 'NONE', *, *, #308, .F. ) ;
#4313 = VECTOR ( 'NONE', #6688, 1000.000000000000000 ) ;
#4314 = CARTESIAN_POINT ( 'NONE',  ( -1.949999999999998623, 0.000000000000000000, 0.7999999999999999334 ) ) ;
#4315 = CARTESIAN_POINT ( 'NONE',  ( -2.499999999999998668, 0.2000000000000002054, 0.7999999999999999334 ) ) ;
#4316 = ORIENTED_EDGE ( 'NONE', *, *, #5083, .F. ) ;
#4317 = CARTESIAN_POINT ( 'NONE',  ( 1.549999999999999600, 0.1999999999999996503, 1.550000000000000488 ) ) ;
#4318 = LINE ( 'NONE', #1440, #2068 ) ;
#4319 = ADVANCED_FACE ( 'NONE', ( #6501 ), #3852, .T. ) ;
#4320 = EDGE_CURVE ( 'NONE', #6253, #1033, #6196, .T. ) ;
#4321 = EDGE_LOOP ( 'NONE', ( #5841, #4762, #5712, #2281 ) ) ;
#4322 = LINE ( 'NONE', #2747, #696 ) ;
#4323 = CARTESIAN_POINT ( 'NONE',  ( 1.949999999999998623, 0.1999999999999999833, 0.1499999999999999667 ) ) ;
#4324 = VECTOR ( 'NONE', #5243, 1000.000000000000000 ) ;
#4325 = ORIENTED_EDGE ( 'NONE', *, *, #4225, .F. ) ;
#4326 = ORIENTED_EDGE ( 'NONE', *, *, #5521, .F. ) ;
#4327 = VECTOR ( 'NONE', #6437, 1000.000000000000000 ) ;
#4328 = EDGE_CURVE ( 'NONE', #1607, #4331, #281, .T. ) ;
#4329 = CARTESIAN_POINT ( 'NONE',  ( 2.500000000000002220, 0.2000000000000005107, -0.7999999999999999334 ) ) ;
#4330 = CARTESIAN_POINT ( 'NONE',  ( 0.000000000000000000, 0.05000000000000000278, 1.149999999999999911 ) ) ;
#4331 = VERTEX_POINT ( 'NONE', #1211 ) ;
#4332 = LINE ( 'NONE', #12, #869 ) ;
#4333 = DIRECTION ( 'NONE',  ( -3.942553354492745010E-16, 0.000000000000000000, -1.000000000000000000 ) ) ;
#4334 = MANIFOLD_SOLID_BREP ( 'LPattern3[4]', #669 ) ;
#4335 = AXIS2_PLACEMENT_3D ( 'NONE', #524, #4124, #1998 ) ;
#4336 = VECTOR ( 'NONE', #148, 1000.000000000000000 ) ;
#4337 = DIRECTION ( 'NONE',  ( 1.000000000000000000, 0.000000000000000000, 0.000000000000000000 ) ) ;
#4338 = CARTESIAN_POINT ( 'NONE',  ( 0.000000000000000000, 0.2000000000000000111, 0.000000000000000000 ) ) ;
#4339 = ORIENTED_EDGE ( 'NONE', *, *, #3537, .F. ) ;
#4340 = FACE_OUTER_BOUND ( 'NONE', #6679, .T. ) ;
#4341 = LINE ( 'NONE', #4, #2083 ) ;
#4342 = CARTESIAN_POINT ( 'NONE',  ( -0.4999999999999991673, 0.8264982043070837614, 1.949999999999999734 ) ) ;
#4343 = DIRECTION ( 'NONE',  ( 1.000000000000000000, -0.000000000000000000, 7.228014483236699514E-16 ) ) ;
#4344 = FILL_AREA_STYLE_COLOUR ( '', #5926 ) ;
#4345 =( GEOMETRIC_REPRESENTATION_CONTEXT ( 3 ) GLOBAL_UNCERTAINTY_ASSIGNED_CONTEXT ( ( #2343 ) ) GLOBAL_UNIT_ASSIGNED_CONTEXT ( ( #5905, #4366, #1195 ) ) REPRESENTATION_CONTEXT ( 'NONE', 'WORKASPACE' ) );
#4346 = AXIS2_PLACEMENT_3D ( 'NONE', #2500, #423, #6136 ) ;
#4347 = LINE ( 'NONE', #5578, #1844 ) ;
#4348 = PLANE ( 'NONE',  #313 ) ;
#4349 = CARTESIAN_POINT ( 'NONE',  ( 0.000000000000000000, 0.000000000000000000, 1.300000000000000044 ) ) ;
#4350 = DIRECTION ( 'NONE',  ( -1.000000000000000000, 0.000000000000000000, -0.000000000000000000 ) ) ;
#4351 = EDGE_CURVE ( 'NONE', #1320, #1102, #1250, .T. ) ;
#4352 = ORIENTED_EDGE ( 'NONE', *, *, #4769, .F. ) ;
#4353 = PLANE ( 'NONE',  #1213 ) ;
#4354 = ADVANCED_FACE ( 'NONE', ( #452 ), #2428, .F. ) ;
#4355 = ORIENTED_EDGE ( 'NONE', *, *, #35, .T. ) ;
#4356 = CARTESIAN_POINT ( 'NONE',  ( -0.7999999999999994893, 0.04999999999999999584, -1.949999999999999067 ) ) ;
#4357 = ORIENTED_EDGE ( 'NONE', *, *, #810, .F. ) ;
#4358 = VERTEX_POINT ( 'NONE', #2902 ) ;
#4359 = DIRECTION ( 'NONE',  ( -0.000000000000000000, 0.000000000000000000, 1.000000000000000000 ) ) ;
#4360 = EDGE_CURVE ( 'NONE', #4440, #3911, #1810, .T. ) ;
#4361 = CARTESIAN_POINT ( 'NONE',  ( -1.550000000000000488, 4.584062043356594174, 1.550000000000000488 ) ) ;
#4362 = CARTESIAN_POINT ( 'NONE',  ( 0.000000000000000000, 0.05000000000000000278, 1.449999999999999956 ) ) ;
#4363 = CARTESIAN_POINT ( 'NONE',  ( -2.499999999999998668, 0.000000000000000000, -0.1499999999999999667 ) ) ;
#4364 = DIRECTION ( 'NONE',  ( 0.000000000000000000, 0.000000000000000000, -1.000000000000000000 ) ) ;
#4365 = DIRECTION ( 'NONE',  ( -0.000000000000000000, 0.000000000000000000, 1.000000000000000000 ) ) ;
#4366 =( NAMED_UNIT ( * ) PLANE_ANGLE_UNIT ( ) SI_UNIT ( $, .RADIAN. ) );
#4367 = CARTESIAN_POINT ( 'NONE',  ( 1.949999999999998623, 0.8264982043070834283, -0.5000000000000000000 ) ) ;
#4368 = ORIENTED_EDGE ( 'NONE', *, *, #414, .T. ) ;
#4369 = LINE ( 'NONE', #1661, #2597 ) ;
#4370 = PLANE ( 'NONE',  #3690 ) ;
#4371 = ORIENTED_EDGE ( 'NONE', *, *, #383, .T. ) ;
#4372 = EDGE_CURVE ( 'NONE', #4249, #2546, #4152, .T. ) ;
#4373 = EDGE_CURVE ( 'NONE', #3148, #3299, #3341, .T. ) ;
#4374 = LINE ( 'NONE', #2260, #3562 ) ;
#4375 = EDGE_LOOP ( 'NONE', ( #3864, #5362, #4920, #4617 ) ) ;
#4376 = PRESENTATION_STYLE_ASSIGNMENT (( #3158 ) ) ;
#4377 = DIRECTION ( 'NONE',  ( 1.000000000000000000, -0.000000000000000000, -8.673617379884035472E-17 ) ) ;
#4378 = EDGE_LOOP ( 'NONE', ( #5828, #6162, #4138, #3381 ) ) ;
#4379 = PRESENTATION_STYLE_ASSIGNMENT (( #3457 ) ) ;
#4380 = DIRECTION ( 'NONE',  ( 0.000000000000000000, 0.000000000000000000, -1.000000000000000000 ) ) ;
#4381 = FILL_AREA_STYLE ('',( #1724 ) ) ;
#4382 =( LENGTH_UNIT ( ) NAMED_UNIT ( * ) SI_UNIT ( .MILLI., .METRE. ) );
#4383 = ADVANCED_FACE ( 'NONE', ( #3177 ), #4961, .F. ) ;
#4384 = LINE ( 'NONE', #4100, #2522 ) ;
#4385 = ORIENTED_EDGE ( 'NONE', *, *, #1370, .T. ) ;
#4386 = VECTOR ( 'NONE', #3892, 1000.000000000000000 ) ;
#4387 = CARTESIAN_POINT ( 'NONE',  ( 1.949999999999998623, 0.000000000000000000, 0.1499999999999999667 ) ) ;
#4388 = LINE ( 'NONE', #4826, #5050 ) ;
#4389 = ORIENTED_EDGE ( 'NONE', *, *, #1834, .T. ) ;
#4390 = EDGE_CURVE ( 'NONE', #5574, #103, #4722, .T. ) ;
#4391 = ORIENTED_EDGE ( 'NONE', *, *, #5429, .F. ) ;
#4392 = CARTESIAN_POINT ( 'NONE',  ( -1.949999999999998623, 0.000000000000000000, 1.449999999999999956 ) ) ;
#4393 = LINE ( 'NONE', #814, #5370 ) ;
#4394 = CARTESIAN_POINT ( 'NONE',  ( 2.499999999999998668, 0.000000000000000000, 1.449999999999999956 ) ) ;
#4395 = LINE ( 'NONE', #4154, #5847 ) ;
#4396 = DIRECTION ( 'NONE',  ( 1.000000000000000000, 0.000000000000000000, 0.000000000000000000 ) ) ;
#4397 = VECTOR ( 'NONE', #3512, 1000.000000000000000 ) ;
#4398 = ORIENTED_EDGE ( 'NONE', *, *, #721, .F. ) ;
#4399 = FACE_OUTER_BOUND ( 'NONE', #113, .T. ) ;
#4400 = FILL_AREA_STYLE ('',( #2361 ) ) ;
#4401 = VERTEX_POINT ( 'NONE', #2339 ) ;
#4402 = ORIENTED_EDGE ( 'NONE', *, *, #4917, .T. ) ;
#4403 = FACE_OUTER_BOUND ( 'NONE', #4495, .T. ) ;
#4404 = EDGE_CURVE ( 'NONE', #2010, #2352, #41, .T. ) ;
#4405 = EDGE_CURVE ( 'NONE', #2633, #4842, #4393, .T. ) ;
#4406 = VECTOR ( 'NONE', #2245, 1000.000000000000000 ) ;
#4407 = ORIENTED_EDGE ( 'NONE', *, *, #383, .F. ) ;
#4408 = ORIENTED_EDGE ( 'NONE', *, *, #1520, .F. ) ;
#4409 = LINE ( 'NONE', #3270, #2468 ) ;
#4410 = ORIENTED_EDGE ( 'NONE', *, *, #4247, .F. ) ;
#4411 = VECTOR ( 'NONE', #3317, 1000.000000000000000 ) ;
#4412 = CARTESIAN_POINT ( 'NONE',  ( 0.8000000000000003775, 0.8264982043070837614, -2.499999999999999556 ) ) ;
#4413 = PLANE ( 'NONE',  #153 ) ;
#4414 = PLANE ( 'NONE',  #5563 ) ;
#4415 = VERTEX_POINT ( 'NONE', #2412 ) ;
#4416 = CARTESIAN_POINT ( 'NONE',  ( 0.5000000000000004441, 0.8264982043070837614, -2.499999999999999112 ) ) ;
#4417 = CARTESIAN_POINT ( 'NONE',  ( -1.449999999999999512, 0.2000000000000000111, -1.949999999999999067 ) ) ;
#4418 = EDGE_LOOP ( 'NONE', ( #5077, #4187, #3016, #1388 ) ) ;
#4419 = PRESENTATION_STYLE_ASSIGNMENT (( #1042 ) ) ;
#4420 = VECTOR ( 'NONE', #3560, 1000.000000000000000 ) ;
#4421 =( NAMED_UNIT ( * ) SI_UNIT ( $, .STERADIAN. ) SOLID_ANGLE_UNIT ( ) );
#4422 = EDGE_CURVE ( 'NONE', #885, #1898, #359, .T. ) ;
#4423 = CARTESIAN_POINT ( 'NONE',  ( -0.4999999999999995559, 0.1999999999999999833, -1.949999999999999289 ) ) ;
#4424 = PLANE ( 'NONE',  #5044 ) ;
#4425 = CARTESIAN_POINT ( 'NONE',  ( -0.1499999999999995226, 0.000000000000000000, -1.949999999999999067 ) ) ;
#4426 = SURFACE_SIDE_STYLE ('',( #1736 ) ) ;
#4427 = ADVANCED_FACE ( 'NONE', ( #1093 ), #1868, .T. ) ;
#4428 = VECTOR ( 'NONE', #432, 1000.000000000000000 ) ;
#4429 = CARTESIAN_POINT ( 'NONE',  ( 0.000000000000000000, 0.2000000000000000111, 0.000000000000000000 ) ) ;
#4430 = EDGE_CURVE ( 'NONE', #4853, #1226, #3664, .T. ) ;
#4431 =( NAMED_UNIT ( * ) SI_UNIT ( $, .STERADIAN. ) SOLID_ANGLE_UNIT ( ) );
#4432 = AXIS2_PLACEMENT_3D ( 'NONE', #3215, #2266, #2660 ) ;
#4433 = AXIS2_PLACEMENT_3D ( 'NONE', #1732, #4292, #2337 ) ;
#4434 = ORIENTED_EDGE ( 'NONE', *, *, #2976, .F. ) ;
#4435 = CARTESIAN_POINT ( 'NONE',  ( -1.149999999999999467, 0.000000000000000000, -2.499999999999999556 ) ) ;
#4436 = ORIENTED_EDGE ( 'NONE', *, *, #2573, .T. ) ;
#4437 = VERTEX_POINT ( 'NONE', #6030 ) ;
#4438 = DIRECTION ( 'NONE',  ( 0.000000000000000000, -0.000000000000000000, -1.000000000000000000 ) ) ;
#4439 = DIRECTION ( 'NONE',  ( -1.000000000000000000, 0.000000000000000000, 0.000000000000000000 ) ) ;
#4440 = VERTEX_POINT ( 'NONE', #5013 ) ;
#4441 = EDGE_CURVE ( 'NONE', #419, #3902, #5855, .T. ) ;
#4442 = CARTESIAN_POINT ( 'NONE',  ( 1.949999999999998623, 0.8264982043070834283, -0.1499999999999999667 ) ) ;
#4443 = ORIENTED_EDGE ( 'NONE', *, *, #3151, .F. ) ;
#4444 = CARTESIAN_POINT ( 'NONE',  ( 1.949999999999998623, 0.8264982043070834283, 0.5000000000000000000 ) ) ;
#4445 = DIRECTION ( 'NONE',  ( 0.000000000000000000, -0.000000000000000000, -1.000000000000000000 ) ) ;
#4446 = PLANE ( 'NONE',  #2948 ) ;
#4447 = EDGE_CURVE ( 'NONE', #3588, #4821, #5216, .T. ) ;
#4448 = DIRECTION ( 'NONE',  ( 0.000000000000000000, 0.000000000000000000, -1.000000000000000000 ) ) ;
#4449 = ORIENTED_EDGE ( 'NONE', *, *, #2246, .T. ) ;
#4450 = ADVANCED_FACE ( 'NONE', ( #5608 ), #4424, .T. ) ;
#4451 = CARTESIAN_POINT ( 'NONE',  ( 2.499999999999998668, 0.8264982043070834283, -1.449999999999999956 ) ) ;
#4452 = DIRECTION ( 'NONE',  ( 0.000000000000000000, 1.000000000000000000, 0.000000000000000000 ) ) ;
#4453 = EDGE_LOOP ( 'NONE', ( #6425, #5846, #1758, #5750 ) ) ;
#4454 = EDGE_LOOP ( 'NONE', ( #3380, #512, #6656, #4074 ) ) ;
#4455 = VECTOR ( 'NONE', #2220, 1000.000000000000000 ) ;
#4456 = VERTEX_POINT ( 'NONE', #2920 ) ;
#4457 = DIRECTION ( 'NONE',  ( 0.000000000000000000, 0.000000000000000000, -1.000000000000000000 ) ) ;
#4458 = COLOUR_RGB ( '',0.7921568627450980005, 0.8196078431372548767, 0.9333333333333333481 ) ;
#4459 = DIRECTION ( 'NONE',  ( -1.000000000000000000, 0.000000000000000000, 7.228014483236697541E-16 ) ) ;
#4460 = DIRECTION ( 'NONE',  ( -0.000000000000000000, -1.000000000000000000, -0.000000000000000000 ) ) ;
#4461 = ORIENTED_EDGE ( 'NONE', *, *, #1540, .T. ) ;
#4462 = ORIENTED_EDGE ( 'NONE', *, *, #5058, .F. ) ;
#4463 = CARTESIAN_POINT ( 'NONE',  ( -1.149999999999999023, 0.04999999999999999584, 1.949999999999999734 ) ) ;
#4464 = VECTOR ( 'NONE', #5579, 1000.000000000000000 ) ;
#4465 = ORIENTED_EDGE ( 'NONE', *, *, #168, .T. ) ;
#4466 = ORIENTED_EDGE ( 'NONE', *, *, #6151, .T. ) ;
#4467 = AXIS2_PLACEMENT_3D ( 'NONE', #4752, #6292, #3677 ) ;
#4468 = DIRECTION ( 'NONE',  ( 1.000000000000000000, -0.000000000000000000, -8.673617379884035472E-17 ) ) ;
#4469 = LINE ( 'NONE', #5433, #3096 ) ;
#4470 = DIRECTION ( 'NONE',  ( 0.000000000000000000, 0.000000000000000000, 1.000000000000000000 ) ) ;
#4471 = VERTEX_POINT ( 'NONE', #4553 ) ;
#4472 = LINE ( 'NONE', #6247, #2215 ) ;
#4473 = VECTOR ( 'NONE', #5662, 1000.000000000000000 ) ;
#4474 = EDGE_LOOP ( 'NONE', ( #28, #1390, #4436, #4465 ) ) ;
#4475 =( NAMED_UNIT ( * ) SI_UNIT ( $, .STERADIAN. ) SOLID_ANGLE_UNIT ( ) );
#4476 = EDGE_LOOP ( 'NONE', ( #2605, #2984, #6342, #4890 ) ) ;
#4477 = DIRECTION ( 'NONE',  ( 0.000000000000000000, -0.000000000000000000, -1.000000000000000000 ) ) ;
#4478 = ORIENTED_EDGE ( 'NONE', *, *, #3232, .T. ) ;
#4479 = VECTOR ( 'NONE', #4010, 1000.000000000000000 ) ;
#4480 = DIRECTION ( 'NONE',  ( 0.000000000000000000, -1.000000000000000000, 0.000000000000000000 ) ) ;
#4481 = VECTOR ( 'NONE', #4524, 1000.000000000000000 ) ;
#4482 = AXIS2_PLACEMENT_3D ( 'NONE', #2775, #4287, #1725 ) ;
#4483 = EDGE_CURVE ( 'NONE', #2651, #2037, #5445, .T. ) ;
#4484 = ORIENTED_EDGE ( 'NONE', *, *, #4849, .F. ) ;
#4485 = VECTOR ( 'NONE', #4460, 1000.000000000000000 ) ;
#4486 = CARTESIAN_POINT ( 'NONE',  ( -2.499999999999998668, 0.000000000000000000, 1.449999999999999956 ) ) ;
#4487 = CARTESIAN_POINT ( 'NONE',  ( -1.449999999999999512, 0.1999999999999999833, -1.949999999999999067 ) ) ;
#4488 = DIRECTION ( 'NONE',  ( -0.000000000000000000, -1.000000000000000000, -0.000000000000000000 ) ) ;
#4489 = CARTESIAN_POINT ( 'NONE',  ( -1.949999999999998623, 0.1999999999999999833, 0.5000000000000000000 ) ) ;
#4490 = VERTEX_POINT ( 'NONE', #6098 ) ;
#4491 = LINE ( 'NONE', #3018, #367 ) ;
#4492 = LINE ( 'NONE', #3572, #5364 ) ;
#4493 = ORIENTED_EDGE ( 'NONE', *, *, #4053, .T. ) ;
#4494 = ADVANCED_FACE ( 'NONE', ( #200 ), #3828, .T. ) ;
#4495 = EDGE_LOOP ( 'NONE', ( #5008, #895, #3546, #3224 ) ) ;
#4496 = CIRCLE ( 'NONE', #731, 0.1999999999999998723 ) ;
#4497 = PLANE ( 'NONE',  #1610 ) ;
#4498 = AXIS2_PLACEMENT_3D ( 'NONE', #3951, #4044, #6145 ) ;
#4499 = EDGE_CURVE ( 'NONE', #6631, #6192, #5055, .T. ) ;
#4500 = ORIENTED_EDGE ( 'NONE', *, *, #5417, .T. ) ;
#4501 = VECTOR ( 'NONE', #6278, 1000.000000000000000 ) ;
#4502 = LINE ( 'NONE', #3673, #1189 ) ;
#4503 = CARTESIAN_POINT ( 'NONE',  ( 2.500000000000002220, 0.05000000000000000278, 2.500000000000000888 ) ) ;
#4504 = CARTESIAN_POINT ( 'NONE',  ( -1.149999999999999467, 0.8264982043070837614, -2.499999999999999556 ) ) ;
#4505 = DIRECTION ( 'NONE',  ( -0.000000000000000000, 0.000000000000000000, 1.000000000000000000 ) ) ;
#4506 = ORIENTED_EDGE ( 'NONE', *, *, #2175, .F. ) ;
#4507 = CARTESIAN_POINT ( 'NONE',  ( -2.499999999999998668, 0.8264982043070834283, 0.7999999999999999334 ) ) ;
#4508 = LINE ( 'NONE', #3915, #6440 ) ;
#4509 = FACE_OUTER_BOUND ( 'NONE', #540, .T. ) ;
#4510 = CARTESIAN_POINT ( 'NONE',  ( -1.409462824231155961E-15, 0.05000000000000000278, 1.949999999999999512 ) ) ;
#4511 = DIRECTION ( 'NONE',  ( 0.000000000000000000, 0.000000000000000000, -1.000000000000000000 ) ) ;
#4512 = EDGE_CURVE ( 'NONE', #6553, #3187, #3986, .T. ) ;
#4513 = DIRECTION ( 'NONE',  ( 1.000000000000000000, 0.000000000000000000, 0.000000000000000000 ) ) ;
#4514 = CARTESIAN_POINT ( 'NONE',  ( -0.1499999999999990785, 0.8264982043070837614, 1.949999999999999512 ) ) ;
#4515 = DIRECTION ( 'NONE',  ( 0.000000000000000000, 0.000000000000000000, -1.000000000000000000 ) ) ;
#4516 = AXIS2_PLACEMENT_3D ( 'NONE', #3336, #5440, #1283 ) ;
#4517 = ORIENTED_EDGE ( 'NONE', *, *, #4769, .T. ) ;
#4518 = ORIENTED_EDGE ( 'NONE', *, *, #5641, .T. ) ;
#4519 = CARTESIAN_POINT ( 'NONE',  ( 0.8000000000000003775, 0.1999999999999999833, -1.949999999999999289 ) ) ;
#4520 = EDGE_CURVE ( 'NONE', #4805, #2524, #1242, .T. ) ;
#4521 = ORIENTED_EDGE ( 'NONE', *, *, #6300, .T. ) ;
#4522 = CARTESIAN_POINT ( 'NONE',  ( 0.000000000000000000, 0.2000000000000000111, 0.000000000000000000 ) ) ;
#4523 = DIRECTION ( 'NONE',  ( 0.000000000000000000, 0.000000000000000000, -1.000000000000000000 ) ) ;
#4524 = DIRECTION ( 'NONE',  ( 0.000000000000000000, 0.000000000000000000, -1.000000000000000000 ) ) ;
#4525 = STYLED_ITEM ( 'NONE', ( #5719 ), #3329 ) ;
#4526 = ADVANCED_FACE ( 'NONE', ( #3017 ), #3556, .T. ) ;
#4527 = ORIENTED_EDGE ( 'NONE', *, *, #5369, .T. ) ;
#4528 = ORIENTED_EDGE ( 'NONE', *, *, #2167, .T. ) ;
#4529 = FILL_AREA_STYLE_COLOUR ( '', #1331 ) ;
#4530 = CARTESIAN_POINT ( 'NONE',  ( -0.1499999999999988842, 0.1999999999999999833, 2.499999999999999112 ) ) ;
#4531 = CARTESIAN_POINT ( 'NONE',  ( -1.949999999999998623, 0.1999999999999999833, -1.449999999999999956 ) ) ;
#4532 = DIRECTION ( 'NONE',  ( 0.000000000000000000, -1.000000000000000000, 0.000000000000000000 ) ) ;
#4533 = DIRECTION ( 'NONE',  ( 1.000000000000000000, 0.000000000000000000, 7.228014483236699514E-16 ) ) ;
#4534 = EDGE_CURVE ( 'NONE', #5573, #4924, #3503, .T. ) ;
#4535 = CARTESIAN_POINT ( 'NONE',  ( -2.499999999999998668, 0.8264982043070834283, -1.149999999999999911 ) ) ;
#4536 = ORIENTED_EDGE ( 'NONE', *, *, #5521, .T. ) ;
#4537 = VECTOR ( 'NONE', #4908, 1000.000000000000000 ) ;
#4538 = VERTEX_POINT ( 'NONE', #5619 ) ;
#4539 = CARTESIAN_POINT ( 'NONE',  ( 0.1500000000000003830, 0.8264982043070837614, -1.949999999999999289 ) ) ;
#4540 = CARTESIAN_POINT ( 'NONE',  ( 0.000000000000000000, 0.05000000000000000278, 0.7999999999999999334 ) ) ;
#4541 = CARTESIAN_POINT ( 'NONE',  ( -2.499999999999998668, 0.000000000000000000, 1.449999999999999956 ) ) ;
#4542 = ORIENTED_EDGE ( 'NONE', *, *, #5821, .T. ) ;
#4543 = DIRECTION ( 'NONE',  ( -0.000000000000000000, -1.000000000000000000, -0.000000000000000000 ) ) ;
#4544 = SURFACE_STYLE_FILL_AREA ( #4197 ) ;
#4545 = ORIENTED_EDGE ( 'NONE', *, *, #3214, .T. ) ;
#4546 = DIRECTION ( 'NONE',  ( 0.000000000000000000, 0.000000000000000000, -1.000000000000000000 ) ) ;
#4547 = EDGE_CURVE ( 'NONE', #1794, #6353, #1494, .T. ) ;
#4548 = DIRECTION ( 'NONE',  ( 0.000000000000000000, 0.000000000000000000, 1.000000000000000000 ) ) ;
#4549 = LINE ( 'NONE', #4507, #4464 ) ;
#4550 = DIRECTION ( 'NONE',  ( 1.000000000000000000, 0.000000000000000000, 7.228014483236699514E-16 ) ) ;
#4551 = VECTOR ( 'NONE', #4480, 1000.000000000000000 ) ;
#4552 = VERTEX_POINT ( 'NONE', #6624 ) ;
#4553 = CARTESIAN_POINT ( 'NONE',  ( -2.499999999999997780, 0.05000000000000000278, 2.500000000000001332 ) ) ;
#4554 = VECTOR ( 'NONE', #1380, 1000.000000000000000 ) ;
#4555 = DIRECTION ( 'NONE',  ( -1.000000000000000000, 0.000000000000000000, -7.228014483236698528E-16 ) ) ;
#4556 = ORIENTED_EDGE ( 'NONE', *, *, #898, .T. ) ;
#4557 = ADVANCED_FACE ( 'NONE', ( #687 ), #380, .F. ) ;
#4558 = ORIENTED_EDGE ( 'NONE', *, *, #1612, .F. ) ;
#4559 = VECTOR ( 'NONE', #3445, 1000.000000000000000 ) ;
#4560 = EDGE_CURVE ( 'NONE', #5731, #158, #2299, .T. ) ;
#4561 = LINE ( 'NONE', #6143, #2140 ) ;
#4562 = VECTOR ( 'NONE', #6053, 1000.000000000000000 ) ;
#4563 = EDGE_LOOP ( 'NONE', ( #5128, #908, #4770, #3771 ) ) ;
#4564 = LINE ( 'NONE', #6031, #44 ) ;
#4565 = STYLED_ITEM ( 'NONE', ( #1144 ), #5537 ) ;
#4566 = STYLED_ITEM ( 'NONE', ( #5559 ), #3047 ) ;
#4567 = ORIENTED_EDGE ( 'NONE', *, *, #3836, .F. ) ;
#4568 =( NAMED_UNIT ( * ) SI_UNIT ( $, .STERADIAN. ) SOLID_ANGLE_UNIT ( ) );
#4569 = ADVANCED_FACE ( 'NONE', ( #602 ), #4601, .T. ) ;
#4570 = ORIENTED_EDGE ( 'NONE', *, *, #5891, .F. ) ;
#4571 = VECTOR ( 'NONE', #2211, 1000.000000000000000 ) ;
#4572 =( NAMED_UNIT ( * ) PLANE_ANGLE_UNIT ( ) SI_UNIT ( $, .RADIAN. ) );
#4573 = ORIENTED_EDGE ( 'NONE', *, *, #2025, .F. ) ;
#4574 = EDGE_LOOP ( 'NONE', ( #1569, #2120, #4188, #4355 ) ) ;
#4575 = CIRCLE ( 'NONE', #904, 0.1999999999999998723 ) ;
#4576 = DIRECTION ( 'NONE',  ( -0.000000000000000000, -0.000000000000000000, 1.000000000000000000 ) ) ;
#4577 = ORIENTED_EDGE ( 'NONE', *, *, #2370, .T. ) ;
#4578 = FACE_OUTER_BOUND ( 'NONE', #3422, .T. ) ;
#4579 = EDGE_CURVE ( 'NONE', #2940, #4083, #6418, .T. ) ;
#4580 = VECTOR ( 'NONE', #1000, 1000.000000000000000 ) ;
#4581 = CARTESIAN_POINT ( 'NONE',  ( -1.149999999999999023, 0.000000000000000000, 1.949999999999999734 ) ) ;
#4582 = PLANE ( 'NONE',  #4748 ) ;
#4583 = ORIENTED_EDGE ( 'NONE', *, *, #801, .T. ) ;
#4584 = CARTESIAN_POINT ( 'NONE',  ( -2.099999999999999645, 0.8000000000000000444, -2.100000000000000089 ) ) ;
#4585 = EDGE_LOOP ( 'NONE', ( #5546, #6637, #2718, #5793 ) ) ;
#4586 = LINE ( 'NONE', #4539, #472 ) ;
#4587 = SURFACE_STYLE_USAGE ( .BOTH. , #2959 ) ;
#4588 =( GEOMETRIC_REPRESENTATION_CONTEXT ( 3 ) GLOBAL_UNCERTAINTY_ASSIGNED_CONTEXT ( ( #5953 ) ) GLOBAL_UNIT_ASSIGNED_CONTEXT ( ( #1666, #2787, #5345 ) ) REPRESENTATION_CONTEXT ( 'NONE', 'WORKASPACE' ) );
#4589 = EDGE_CURVE ( 'NONE', #656, #5731, #6022, .T. ) ;
#4590 = ORIENTED_EDGE ( 'NONE', *, *, #5653, .F. ) ;
#4591 = FACE_OUTER_BOUND ( 'NONE', #4378, .T. ) ;
#4592 = PLANE ( 'NONE',  #747 ) ;
#4593 = CARTESIAN_POINT ( 'NONE',  ( -1.449999999999999067, 0.000000000000000000, 1.949999999999999512 ) ) ;
#4594 = ADVANCED_FACE ( 'NONE', ( #5698 ), #5125, .T. ) ;
#4595 = MECHANICAL_DESIGN_GEOMETRIC_PRESENTATION_REPRESENTATION (  '', ( #3547 ), #1008 ) ;
#4596 = PLANE ( 'NONE',  #5509 ) ;
#4597 = DIRECTION ( 'NONE',  ( 3.942553354492745503E-16, 0.000000000000000000, 1.000000000000000000 ) ) ;
#4598 = EDGE_CURVE ( 'NONE', #5707, #5687, #5209, .T. ) ;
#4599 = CARTESIAN_POINT ( 'NONE',  ( 1.949999999999998623, 0.000000000000000000, -1.149999999999999911 ) ) ;
#4600 = ADVANCED_FACE ( 'NONE', ( #3818 ), #1420, .F. ) ;
#4601 = PLANE ( 'NONE',  #6222 ) ;
#4602 = ORIENTED_EDGE ( 'NONE', *, *, #2988, .T. ) ;
#4603 = ORIENTED_EDGE ( 'NONE', *, *, #1674, .T. ) ;
#4604 = ORIENTED_EDGE ( 'NONE', *, *, #4360, .F. ) ;
#4605 = PRESENTATION_LAYER_ASSIGNMENT (  '', '', ( #3896 ) ) ;
#4606 = ORIENTED_EDGE ( 'NONE', *, *, #6028, .F. ) ;
#4607 = DIRECTION ( 'NONE',  ( 1.000000000000000000, 0.000000000000000000, 0.000000000000000000 ) ) ;
#4608 = CARTESIAN_POINT ( 'NONE',  ( 1.949999999999998623, 0.000000000000000000, 0.1499999999999999667 ) ) ;
#4609 = CARTESIAN_POINT ( 'NONE',  ( 1.450000000000000400, 0.2000000000000000111, -2.499999999999999556 ) ) ;
#4610 = EDGE_CURVE ( 'NONE', #1564, #4055, #923, .T. ) ;
#4611 = DIRECTION ( 'NONE',  ( 0.000000000000000000, -1.000000000000000000, 0.000000000000000000 ) ) ;
#4612 = CARTESIAN_POINT ( 'NONE',  ( -2.099999999999999645, 0.6999999999999999556, -2.100000000000000089 ) ) ;
#4613 = ORIENTED_EDGE ( 'NONE', *, *, #5118, .F. ) ;
#4614 = DIRECTION ( 'NONE',  ( 0.000000000000000000, 0.000000000000000000, 1.000000000000000000 ) ) ;
#4615 = DIRECTION ( 'NONE',  ( 1.000000000000000000, 0.000000000000000000, 0.000000000000000000 ) ) ;
#4616 = EDGE_CURVE ( 'NONE', #5317, #5548, #4303, .T. ) ;
#4617 = ORIENTED_EDGE ( 'NONE', *, *, #5709, .T. ) ;
#4618 = EDGE_LOOP ( 'NONE', ( #115, #3985, #3066, #4886 ) ) ;
#4619 = ADVANCED_FACE ( 'NONE', ( #192 ), #5831, .T. ) ;
#4620 = VECTOR ( 'NONE', #5790, 1000.000000000000000 ) ;
#4621 = EDGE_LOOP ( 'NONE', ( #1557, #1521, #3405, #5510 ) ) ;
#4622 = LINE ( 'NONE', #6211, #3245 ) ;
#4623 = ORIENTED_EDGE ( 'NONE', *, *, #5208, .F. ) ;
#4624 = CARTESIAN_POINT ( 'NONE',  ( -1.550000000000000488, 0.000000000000000000, 1.550000000000000488 ) ) ;
#4625 = LINE ( 'NONE', #949, #5599 ) ;
#4626 = DIRECTION ( 'NONE',  ( 0.000000000000000000, -0.000000000000000000, 1.000000000000000000 ) ) ;
#4627 = VERTEX_POINT ( 'NONE', #577 ) ;
#4628 = ADVANCED_FACE ( 'NONE', ( #2368 ), #85, .T. ) ;
#4629 = VECTOR ( 'NONE', #310, 1000.000000000000000 ) ;
#4630 = PLANE ( 'NONE',  #4828 ) ;
#4631 = FACE_OUTER_BOUND ( 'NONE', #1808, .T. ) ;
#4632 = ORIENTED_EDGE ( 'NONE', *, *, #4800, .F. ) ;
#4633 = DIRECTION ( 'NONE',  ( -1.000000000000000000, 0.000000000000000000, -0.000000000000000000 ) ) ;
#4634 = VERTEX_POINT ( 'NONE', #4713 ) ;
#4635 = CARTESIAN_POINT ( 'NONE',  ( 1.949999999999998623, 0.1999999999999999833, -1.149999999999999911 ) ) ;
#4636 = EDGE_CURVE ( 'NONE', #1995, #4149, #6652, .T. ) ;
#4637 = LINE ( 'NONE', #4323, #3657 ) ;
#4638 = DIRECTION ( 'NONE',  ( -1.000000000000000000, 0.000000000000000000, 3.942553354492744024E-16 ) ) ;
#4639 = EDGE_LOOP ( 'NONE', ( #1065, #2019, #5451, #5600 ) ) ;
#4640 = ORIENTED_EDGE ( 'NONE', *, *, #3441, .T. ) ;
#4641 = LINE ( 'NONE', #505, #849 ) ;
#4642 = VERTEX_POINT ( 'NONE', #6678 ) ;
#4643 = CARTESIAN_POINT ( 'NONE',  ( 1.949999999999998623, 0.8264982043070834283, -0.7999999999999999334 ) ) ;
#4644 = CARTESIAN_POINT ( 'NONE',  ( -0.7999999999999990452, 0.8264982043070837614, 1.949999999999999512 ) ) ;
#4645 = ORIENTED_EDGE ( 'NONE', *, *, #1306, .F. ) ;
#4646 = VECTOR ( 'NONE', #2545, 1000.000000000000000 ) ;
#4647 = FACE_OUTER_BOUND ( 'NONE', #2402, .T. ) ;
#4648 = ORIENTED_EDGE ( 'NONE', *, *, #97, .T. ) ;
#4649 = LINE ( 'NONE', #2952, #857 ) ;
#4650 = EDGE_CURVE ( 'NONE', #5784, #280, #3584, .T. ) ;
#4651 = ORIENTED_EDGE ( 'NONE', *, *, #2674, .T. ) ;
#4652 = VECTOR ( 'NONE', #2773, 1000.000000000000000 ) ;
#4653 = VECTOR ( 'NONE', #6452, 1000.000000000000000 ) ;
#4654 = AXIS2_PLACEMENT_3D ( 'NONE', #2769, #1809, #4359 ) ;
#4655 = DIRECTION ( 'NONE',  ( -0.000000000000000000, -1.000000000000000000, -0.000000000000000000 ) ) ;
#4656 = ORIENTED_EDGE ( 'NONE', *, *, #5103, .F. ) ;
#4657 = EDGE_LOOP ( 'NONE', ( #4982, #839, #5889, #466 ) ) ;
#4658 = DIRECTION ( 'NONE',  ( -0.000000000000000000, -0.000000000000000000, 1.000000000000000000 ) ) ;
#4659 = CARTESIAN_POINT ( 'NONE',  ( -2.499999999999998668, 0.000000000000000000, -1.149999999999999911 ) ) ;
#4660 = VERTEX_POINT ( 'NONE', #1697 ) ;
#4661 = FACE_OUTER_BOUND ( 'NONE', #2496, .T. ) ;
#4662 = ADVANCED_FACE ( 'NONE', ( #6255 ), #3725, .T. ) ;
#4663 = VECTOR ( 'NONE', #565, 1000.000000000000000 ) ;
#4664 = CARTESIAN_POINT ( 'NONE',  ( -2.499999999999998668, 0.1999999999999999833, 1.149999999999999911 ) ) ;
#4665 = ORIENTED_EDGE ( 'NONE', *, *, #1067, .T. ) ;
#4666 = LINE ( 'NONE', #1762, #1188 ) ;
#4667 = PLANE ( 'NONE',  #2440 ) ;
#4668 = LINE ( 'NONE', #254, #1265 ) ;
#4669 = PLANE ( 'NONE',  #3695 ) ;
#4670 = ADVANCED_FACE ( 'NONE', ( #6337 ), #5240, .T. ) ;
#4671 = ORIENTED_EDGE ( 'NONE', *, *, #3331, .T. ) ;
#4672 = FACE_OUTER_BOUND ( 'NONE', #2226, .T. ) ;
#4673 = EDGE_CURVE ( 'NONE', #3692, #1860, #2762, .T. ) ;
#4674 = DIRECTION ( 'NONE',  ( -0.000000000000000000, -1.000000000000000000, -0.000000000000000000 ) ) ;
#4675 = CARTESIAN_POINT ( 'NONE',  ( 0.000000000000000000, 0.2000000000000000111, 0.000000000000000000 ) ) ;
#4676 = EDGE_CURVE ( 'NONE', #3192, #444, #6182, .T. ) ;
#4677 = ORIENTED_EDGE ( 'NONE', *, *, #1957, .F. ) ;
#4678 = CARTESIAN_POINT ( 'NONE',  ( 0.8000000000000008216, 0.2000000000000000111, 1.949999999999999734 ) ) ;
#4679 = CARTESIAN_POINT ( 'NONE',  ( -0.4999999999999995559, 0.000000000000000000, -1.949999999999999289 ) ) ;
#4680 = DIRECTION ( 'NONE',  ( 1.000000000000000000, -0.000000000000000000, -8.673617379884035472E-17 ) ) ;
#4681 = ORIENTED_EDGE ( 'NONE', *, *, #2212, .F. ) ;
#4682 = AXIS2_PLACEMENT_3D ( 'NONE', #3733, #2258, #177 ) ;
#4684 = CARTESIAN_POINT ( 'NONE',  ( 2.499999999999998668, 0.04999999999999991257, 1.449999999999999956 ) ) ;
#4683 = DIRECTION ( 'NONE',  ( -1.000000000000000000, 0.000000000000000000, -0.000000000000000000 ) ) ;
#4685 = ORIENTED_EDGE ( 'NONE', *, *, #1150, .T. ) ;
#4686 = EDGE_LOOP ( 'NONE', ( #5444, #5053, #4542, #137 ) ) ;
#4687 = CARTESIAN_POINT ( 'NONE',  ( -0.4999999999999995559, 0.8264982043070837614, -2.499999999999999556 ) ) ;
#4688 = DIRECTION ( 'NONE',  ( -0.000000000000000000, -1.000000000000000000, -0.000000000000000000 ) ) ;
#4689 = ORIENTED_EDGE ( 'NONE', *, *, #365, .F. ) ;
#4690 = EDGE_CURVE ( 'NONE', #3582, #2133, #4714, .T. ) ;
#4691 = AXIS2_PLACEMENT_3D ( 'NONE', #306, #6000, #1828 ) ;
#4692 = CARTESIAN_POINT ( 'NONE',  ( 2.500000000000002220, 8.671067811865475150, 2.500000000000000888 ) ) ;
#4693 = CARTESIAN_POINT ( 'NONE',  ( -1.949999999999998623, 0.1999999999999999833, -0.5000000000000000000 ) ) ;
#4694 = ADVANCED_FACE ( 'NONE', ( #347 ), #1633, .F. ) ;
#4695 = CARTESIAN_POINT ( 'NONE',  ( 2.499999999999998668, 0.04999999999999991257, 0.5000000000000000000 ) ) ;
#4696 = CARTESIAN_POINT ( 'NONE',  ( 1.949999999999998623, 0.8264982043070834283, 1.449999999999999956 ) ) ;
#4697 = VERTEX_POINT ( 'NONE', #5746 ) ;
#4698 = DIRECTION ( 'NONE',  ( 0.000000000000000000, 0.000000000000000000, 1.000000000000000000 ) ) ;
#4699 = EDGE_CURVE ( 'NONE', #3485, #16, #5361, .T. ) ;
#4700 = LINE ( 'NONE', #5308, #5347 ) ;
#4701 = VERTEX_POINT ( 'NONE', #2233 ) ;
#4702 = DIRECTION ( 'NONE',  ( 0.000000000000000000, -0.000000000000000000, -1.000000000000000000 ) ) ;
#4703 = FACE_OUTER_BOUND ( 'NONE', #1822, .T. ) ;
#4704 = ORIENTED_EDGE ( 'NONE', *, *, #2650, .F. ) ;
#4705 = EDGE_LOOP ( 'NONE', ( #1829, #5178, #4689, #5840 ) ) ;
#4706 = DIRECTION ( 'NONE',  ( 1.000000000000000000, 0.000000000000000000, 0.000000000000000000 ) ) ;
#4707 = PLANE ( 'NONE',  #5094 ) ;
#4708 = LINE ( 'NONE', #6183, #2517 ) ;
#4709 = EDGE_LOOP ( 'NONE', ( #662, #2177, #4845, #1967 ) ) ;
#4710 = LINE ( 'NONE', #5321, #3325 ) ;
#4711 = VECTOR ( 'NONE', #759, 1000.000000000000000 ) ;
#4712 = EDGE_CURVE ( 'NONE', #6017, #476, #1567, .T. ) ;
#4713 = CARTESIAN_POINT ( 'NONE',  ( 1.949999999999998623, 0.2000000000000002054, 0.7999999999999999334 ) ) ;
#4714 = LINE ( 'NONE', #4255, #1726 ) ;
#4715 = ORIENTED_EDGE ( 'NONE', *, *, #5903, .F. ) ;
#4716 = LINE ( 'NONE', #360, #6099 ) ;
#4717 = LINE ( 'NONE', #2099, #5603 ) ;
#4718 = DIRECTION ( 'NONE',  ( -1.000000000000000000, 0.000000000000000000, 0.000000000000000000 ) ) ;
#4719 = ORIENTED_EDGE ( 'NONE', *, *, #818, .T. ) ;
#4720 = VERTEX_POINT ( 'NONE', #3288 ) ;
#4721 = DIRECTION ( 'NONE',  ( 0.000000000000000000, 0.000000000000000000, -1.000000000000000000 ) ) ;
#4722 = LINE ( 'NONE', #3411, #2771 ) ;
#4723 = FACE_OUTER_BOUND ( 'NONE', #482, .T. ) ;
#4724 = DIRECTION ( 'NONE',  ( -0.000000000000000000, 0.000000000000000000, 1.000000000000000000 ) ) ;
#4725 = LINE ( 'NONE', #3061, #5134 ) ;
#4726 = ORIENTED_EDGE ( 'NONE', *, *, #1989, .T. ) ;
#4727 = CYLINDRICAL_SURFACE ( 'NONE', #1047, 0.1999999999999996503 ) ;
#4728 = ORIENTED_EDGE ( 'NONE', *, *, #471, .F. ) ;
#4729 = EDGE_CURVE ( 'NONE', #5784, #683, #6096, .T. ) ;
#4730 = EDGE_CURVE ( 'NONE', #3015, #3062, #2536, .T. ) ;
#4731 = CARTESIAN_POINT ( 'NONE',  ( 1.949999999999998623, 0.8264982043070834283, -1.149999999999999911 ) ) ;
#4732 = ORIENTED_EDGE ( 'NONE', *, *, #6675, .T. ) ;
#4733 = LINE ( 'NONE', #6303, #6345 ) ;
#4734 = ORIENTED_EDGE ( 'NONE', *, *, #76, .T. ) ;
#4735 = PLANE ( 'NONE',  #239 ) ;
#4736 = CLOSED_SHELL ( 'NONE', ( #430, #3000, #1270, #2563, #975, #2229 ) ) ;
#4737 = DIRECTION ( 'NONE',  ( -0.000000000000000000, -1.000000000000000000, -0.000000000000000000 ) ) ;
#4738 = PRODUCT_DEFINITION_SHAPE ( 'NONE', 'NONE',  #1590 ) ;
#4739 = COLOUR_RGB ( '',1.000000000000000000, 1.000000000000000000, 1.000000000000000000 ) ;
#4740 = ADVANCED_FACE ( 'NONE', ( #4959 ), #2717, .T. ) ;
#4741 = ORIENTED_EDGE ( 'NONE', *, *, #3626, .T. ) ;
#4742 = VECTOR ( 'NONE', #5448, 1000.000000000000000 ) ;
#4743 = LINE ( 'NONE', #5782, #3362 ) ;
#4744 = ORIENTED_EDGE ( 'NONE', *, *, #4171, .F. ) ;
#4745 = CARTESIAN_POINT ( 'NONE',  ( 2.500000000000002220, 0.05000000000000000278, 2.500000000000000888 ) ) ;
#4746 = VERTEX_POINT ( 'NONE', #1793 ) ;
#4747 = VECTOR ( 'NONE', #4804, 1000.000000000000000 ) ;
#4748 = AXIS2_PLACEMENT_3D ( 'NONE', #2013, #4615, #5617 ) ;
#4749 = EDGE_CURVE ( 'NONE', #1583, #5328, #1403, .T. ) ;
#4750 = LINE ( 'NONE', #842, #4252 ) ;
#4751 = DIRECTION ( 'NONE',  ( 1.000000000000000000, 0.000000000000000000, 0.000000000000000000 ) ) ;
#4752 = CARTESIAN_POINT ( 'NONE',  ( 1.949999999999999956, 0.2000000000000000111, 0.000000000000000000 ) ) ;
#4753 = DIRECTION ( 'NONE',  ( 0.000000000000000000, -0.000000000000000000, 1.000000000000000000 ) ) ;
#4754 = CARTESIAN_POINT ( 'NONE',  ( -1.949999999999998623, 0.000000000000000000, -0.5000000000000000000 ) ) ;
#4755 = CIRCLE ( 'NONE', #3862, 0.1999999999999998723 ) ;
#4756 = PLANE ( 'NONE',  #4294 ) ;
#4757 = EDGE_CURVE ( 'NONE', #3160, #1017, #5525, .T. ) ;
#4758 = EDGE_CURVE ( 'NONE', #683, #6505, #31, .T. ) ;
#4759 = CARTESIAN_POINT ( 'NONE',  ( -1.449999999999999512, 0.1999999999999999833, -1.949999999999999067 ) ) ;
#4760 = UNCERTAINTY_MEASURE_WITH_UNIT (LENGTH_MEASURE( 1.000000000000000082E-05 ), #4382, 'distance_accuracy_value', 'NONE');
#4761 = DIRECTION ( 'NONE',  ( 0.000000000000000000, 0.000000000000000000, 1.000000000000000000 ) ) ;
#4762 = ORIENTED_EDGE ( 'NONE', *, *, #6521, .T. ) ;
#4763 = CARTESIAN_POINT ( 'NONE',  ( -0.4999999999999995559, 0.1999999999999999833, -2.499999999999999556 ) ) ;
#4764 = DIRECTION ( 'NONE',  ( -0.000000000000000000, -1.000000000000000000, -0.000000000000000000 ) ) ;
#4765 = ORIENTED_EDGE ( 'NONE', *, *, #6094, .T. ) ;
#4766 = VERTEX_POINT ( 'NONE', #1757 ) ;
#4767 = DIRECTION ( 'NONE',  ( 0.000000000000000000, -0.000000000000000000, -1.000000000000000000 ) ) ;
#4768 = ADVANCED_FACE ( 'NONE', ( #1235 ), #5961, .F. ) ;
#4769 = EDGE_CURVE ( 'NONE', #2352, #3160, #4637, .T. ) ;
#4770 = ORIENTED_EDGE ( 'NONE', *, *, #5460, .T. ) ;
#4771 = DIRECTION ( 'NONE',  ( 0.000000000000000000, 0.000000000000000000, -1.000000000000000000 ) ) ;
#4772 = CARTESIAN_POINT ( 'NONE',  ( 1.150000000000000799, 0.000000000000000000, 1.949999999999999512 ) ) ;
#4773 = CARTESIAN_POINT ( 'NONE',  ( 1.150000000000000799, 0.2000000000000000111, 1.949999999999999512 ) ) ;
#4774 = EDGE_CURVE ( 'NONE', #1803, #6180, #3491, .T. ) ;
#4775 = PLANE ( 'NONE',  #1975 ) ;
#4777 = EDGE_LOOP ( 'NONE', ( #2575, #4938, #1271, #1559 ) ) ;
#4776 = AXIS2_PLACEMENT_3D ( 'NONE', #2011, #5173, #5156 ) ;
#4778 = DIRECTION ( 'NONE',  ( 0.000000000000000000, -1.000000000000000000, 0.000000000000000000 ) ) ;
#4779 = ORIENTED_EDGE ( 'NONE', *, *, #5744, .F. ) ;
#4780 = DIRECTION ( 'NONE',  ( -0.000000000000000000, -1.000000000000000000, -0.000000000000000000 ) ) ;
#4781 = DIRECTION ( 'NONE',  ( 0.000000000000000000, -0.000000000000000000, -1.000000000000000000 ) ) ;
#4782 = ORIENTED_EDGE ( 'NONE', *, *, #164, .F. ) ;
#4783 = LINE ( 'NONE', #2162, #5115 ) ;
#4784 = ORIENTED_EDGE ( 'NONE', *, *, #4547, .F. ) ;
#4785 = FACE_OUTER_BOUND ( 'NONE', #5354, .T. ) ;
#4786 = PRODUCT_RELATED_PRODUCT_CATEGORY ( 'part', '', ( #1173 ) ) ;
#4787 = PLANE ( 'NONE',  #4175 ) ;
#4788 = EDGE_CURVE ( 'NONE', #3157, #6277, #6490, .T. ) ;
#4789 = VECTOR ( 'NONE', #1415, 1000.000000000000000 ) ;
#4790 = PLANE ( 'NONE',  #4432 ) ;
#4791 = EDGE_LOOP ( 'NONE', ( #5449, #5368, #2302, #2865 ) ) ;
#4792 = LINE ( 'NONE', #3706, #2766 ) ;
#4793 = VERTEX_POINT ( 'NONE', #4291 ) ;
#4794 = CARTESIAN_POINT ( 'NONE',  ( 2.499999999999998668, 0.000000000000000000, 1.449999999999999956 ) ) ;
#4795 = ORIENTED_EDGE ( 'NONE', *, *, #653, .T. ) ;
#4796 = CARTESIAN_POINT ( 'NONE',  ( 2.499999999999998668, 0.2000000000000002054, -1.149999999999999911 ) ) ;
#4797 = ADVANCED_FACE ( 'NONE', ( #2131 ), #3352, .F. ) ;
#4798 = LINE ( 'NONE', #741, #2292 ) ;
#4799 = ORIENTED_EDGE ( 'NONE', *, *, #2328, .F. ) ;
#4800 = EDGE_CURVE ( 'NONE', #3299, #1201, #516, .T. ) ;
#4801 = LINE ( 'NONE', #3248, #3412 ) ;
#4802 = DIRECTION ( 'NONE',  ( -0.000000000000000000, -1.000000000000000000, -0.000000000000000000 ) ) ;
#4803 = ORIENTED_EDGE ( 'NONE', *, *, #67, .T. ) ;
#4804 = DIRECTION ( 'NONE',  ( -1.000000000000000000, 0.000000000000000000, 8.673617379884035472E-17 ) ) ;
#4805 = VERTEX_POINT ( 'NONE', #3846 ) ;
#4806 = EDGE_LOOP ( 'NONE', ( #5194, #3253, #1158, #2135, #252, #2509, #268, #2944, #1333, #1401, #1935, #4998, #5531, #339, #4677, #2551, #1145, #4844, #5937, #5718, #4478, #3788, #123, #5226 ) ) ;
#4807 = CARTESIAN_POINT ( 'NONE',  ( -0.1499999999999990785, 0.8264982043070837614, 1.949999999999999512 ) ) ;
#4808 = LINE ( 'NONE', #6259, #3592 ) ;
#4809 = DIRECTION ( 'NONE',  ( 1.000000000000000000, 0.000000000000000000, 7.228014483236699514E-16 ) ) ;
#4810 = CARTESIAN_POINT ( 'NONE',  ( -0.7999999999999994893, 0.8264982043070837614, -1.949999999999999067 ) ) ;
#4811 = ORIENTED_EDGE ( 'NONE', *, *, #2028, .F. ) ;
#4812 = AXIS2_PLACEMENT_3D ( 'NONE', #3427, #1364, #6012 ) ;
#4813 = ORIENTED_EDGE ( 'NONE', *, *, #3554, .T. ) ;
#4814 = LINE ( 'NONE', #3034, #3669 ) ;
#4815 = CARTESIAN_POINT ( 'NONE',  ( -1.149999999999999023, 0.2000000000000000111, 1.949999999999999734 ) ) ;
#4816 = ORIENTED_EDGE ( 'NONE', *, *, #164, .T. ) ;
#4817 = LINE ( 'NONE', #1246, #5786 ) ;
#4818 = FACE_OUTER_BOUND ( 'NONE', #4454, .T. ) ;
#4819 = EDGE_LOOP ( 'NONE', ( #1721, #3672, #6274, #5764 ) ) ;
#4820 = FACE_OUTER_BOUND ( 'NONE', #5288, .T. ) ;
#4821 = VERTEX_POINT ( 'NONE', #793 ) ;
#4822 = VECTOR ( 'NONE', #5101, 1000.000000000000000 ) ;
#4823 = DIRECTION ( 'NONE',  ( 3.942553354492745503E-16, 0.000000000000000000, 1.000000000000000000 ) ) ;
#4824 = DIRECTION ( 'NONE',  ( -1.000000000000000000, 0.000000000000000000, 7.228014483236699514E-16 ) ) ;
#4825 = VECTOR ( 'NONE', #4981, 1000.000000000000000 ) ;
#4826 = CARTESIAN_POINT ( 'NONE',  ( 1.949999999999998623, 0.000000000000000000, 1.449999999999999956 ) ) ;
#4827 = AXIS2_PLACEMENT_3D ( 'NONE', #4584, #1488, #6609 ) ;
#4828 = AXIS2_PLACEMENT_3D ( 'NONE', #3069, #6, #5649 ) ;
#4829 = ORIENTED_EDGE ( 'NONE', *, *, #1612, .T. ) ;
#4830 = LINE ( 'NONE', #3386, #2637 ) ;
#4831 = LINE ( 'NONE', #5090, #2087 ) ;
#4832 = CARTESIAN_POINT ( 'NONE',  ( 2.499999999999998668, 0.8264982043070834283, -0.7999999999999999334 ) ) ;
#4833 = PLANE ( 'NONE',  #1839 ) ;
#4834 = EDGE_CURVE ( 'NONE', #963, #2598, #6411, .T. ) ;
#4835 = CARTESIAN_POINT ( 'NONE',  ( 0.1500000000000008271, 0.04999999999999999584, 1.949999999999999734 ) ) ;
#4836 = ADVANCED_FACE ( 'NONE', ( #3333 ), #4348, .T. ) ;
#4837 = VECTOR ( 'NONE', #6209, 1000.000000000000000 ) ;
#4838 = CARTESIAN_POINT ( 'NONE',  ( 2.500000000000002220, 0.05000000000000000278, 2.500000000000000888 ) ) ;
#4839 = ORIENTED_EDGE ( 'NONE', *, *, #2826, .T. ) ;
#4840 = MECHANICAL_DESIGN_GEOMETRIC_PRESENTATION_REPRESENTATION (  '', ( #4139 ), #1127 ) ;
#4841 = EDGE_CURVE ( 'NONE', #6658, #752, #4798, .T. ) ;
#4842 = VERTEX_POINT ( 'NONE', #2253 ) ;
#4843 = CARTESIAN_POINT ( 'NONE',  ( 1.450000000000001066, 0.8264982043070837614, 2.499999999999999556 ) ) ;
#4844 = ORIENTED_EDGE ( 'NONE', *, *, #5903, .T. ) ;
#4845 = ORIENTED_EDGE ( 'NONE', *, *, #2470, .T. ) ;
#4846 = EDGE_LOOP ( 'NONE', ( #348, #762, #4241, #684 ) ) ;
#4847 = PLANE ( 'NONE',  #5743 ) ;
#4848 = DIRECTION ( 'NONE',  ( 0.000000000000000000, 0.000000000000000000, -1.000000000000000000 ) ) ;
#4849 = EDGE_CURVE ( 'NONE', #1102, #1164, #592, .T. ) ;
#4850 = DIRECTION ( 'NONE',  ( 0.000000000000000000, -1.000000000000000000, 0.000000000000000000 ) ) ;
#4851 = DIRECTION ( 'NONE',  ( 3.942553354492744024E-16, 0.000000000000000000, 1.000000000000000000 ) ) ;
#4852 = PRESENTATION_LAYER_ASSIGNMENT (  '', '', ( #4167 ) ) ;
#4853 = VERTEX_POINT ( 'NONE', #5900 ) ;
#4854 = PLANE ( 'NONE',  #661 ) ;
#4855 = CARTESIAN_POINT ( 'NONE',  ( 0.8000000000000003775, 0.2000000000000000111, -2.499999999999999556 ) ) ;
#4856 = DIRECTION ( 'NONE',  ( 1.000000000000000000, -0.000000000000000000, 1.445602896647339706E-15 ) ) ;
#4857 = ORIENTED_EDGE ( 'NONE', *, *, #4800, .T. ) ;
#4858 = ADVANCED_FACE ( 'NONE', ( #5046 ), #1729, .T. ) ;
#4859 = LINE ( 'NONE', #2090, #1076 ) ;
#4860 = CARTESIAN_POINT ( 'NONE',  ( 1.949999999999998623, 0.05000000000000000278, 0.000000000000000000 ) ) ;
#4861 = ORIENTED_EDGE ( 'NONE', *, *, #4247, .T. ) ;
#4862 = AXIS2_PLACEMENT_3D ( 'NONE', #5239, #5741, #3217 ) ;
#4863 =( GEOMETRIC_REPRESENTATION_CONTEXT ( 3 ) GLOBAL_UNCERTAINTY_ASSIGNED_CONTEXT ( ( #3754 ) ) GLOBAL_UNIT_ASSIGNED_CONTEXT ( ( #5422, #2838, #789 ) ) REPRESENTATION_CONTEXT ( 'NONE', 'WORKASPACE' ) );
#4864 = EDGE_CURVE ( 'NONE', #5463, #6174, #5845, .T. ) ;
#4865 = VECTOR ( 'NONE', #5823, 1000.000000000000000 ) ;
#4866 = VERTEX_POINT ( 'NONE', #2381 ) ;
#4867 = VECTOR ( 'NONE', #4069, 1000.000000000000000 ) ;
#4868 = DIRECTION ( 'NONE',  ( -1.000000000000000000, 0.000000000000000000, 3.942553354492744024E-16 ) ) ;
#4869 = LINE ( 'NONE', #6446, #4211 ) ;
#4870 = CARTESIAN_POINT ( 'NONE',  ( -1.449999999999999512, 0.8264982043070837614, -1.949999999999999067 ) ) ;
#4871 = DIRECTION ( 'NONE',  ( 0.000000000000000000, 0.000000000000000000, -1.000000000000000000 ) ) ;
#4872 =( NAMED_UNIT ( * ) PLANE_ANGLE_UNIT ( ) SI_UNIT ( $, .RADIAN. ) );
#4873 = VECTOR ( 'NONE', #152, 1000.000000000000000 ) ;
#4874 = ORIENTED_EDGE ( 'NONE', *, *, #5674, .T. ) ;
#4875 = LINE ( 'NONE', #2829, #595 ) ;
#4876 = EDGE_CURVE ( 'NONE', #6434, #5457, #1084, .T. ) ;
#4877 = LINE ( 'NONE', #276, #3730 ) ;
#4878 = ORIENTED_EDGE ( 'NONE', *, *, #3924, .T. ) ;
#4879 = ORIENTED_EDGE ( 'NONE', *, *, #5320, .T. ) ;
#4880 = CARTESIAN_POINT ( 'NONE',  ( 0.1500000000000008271, 0.1999999999999999833, 1.949999999999999734 ) ) ;
#4881 = VECTOR ( 'NONE', #3043, 1000.000000000000000 ) ;
#4882 = LINE ( 'NONE', #2856, #3269 ) ;
#4883 = CARTESIAN_POINT ( 'NONE',  ( 0.8000000000000003775, 0.000000000000000000, -1.949999999999999289 ) ) ;
#4884 = LINE ( 'NONE', #6676, #1329 ) ;
#4885 = CARTESIAN_POINT ( 'NONE',  ( 1.549999999999999600, 0.05000000000000143219, -1.549999999999999600 ) ) ;
#4886 = ORIENTED_EDGE ( 'NONE', *, *, #487, .T. ) ;
#4887 = CARTESIAN_POINT ( 'NONE',  ( 2.500000000000002220, 0.05000000000000000278, 2.500000000000000888 ) ) ;
#4888 = LINE ( 'NONE', #5014, #3510 ) ;
#4889 = CARTESIAN_POINT ( 'NONE',  ( 1.450000000000000844, 0.1999999999999999833, 1.949999999999999734 ) ) ;
#4890 = ORIENTED_EDGE ( 'NONE', *, *, #5025, .T. ) ;
#4891 = CARTESIAN_POINT ( 'NONE',  ( 1.949999999999998623, 0.8264982043070834283, 1.449999999999999956 ) ) ;
#4892 = LINE ( 'NONE', #3886, #612 ) ;
#4893 = VERTEX_POINT ( 'NONE', #1916 ) ;
#4894 = VERTEX_POINT ( 'NONE', #1316 ) ;
#4895 = ORIENTED_EDGE ( 'NONE', *, *, #617, .F. ) ;
#4896 = LINE ( 'NONE', #403, #2152 ) ;
#4897 = EDGE_CURVE ( 'NONE', #5421, #4358, #679, .T. ) ;
#4898 = CARTESIAN_POINT ( 'NONE',  ( -1.949999999999998623, 0.000000000000000000, 0.5000000000000000000 ) ) ;
#4899 = ORIENTED_EDGE ( 'NONE', *, *, #6698, .F. ) ;
#4900 = FACE_OUTER_BOUND ( 'NONE', #3670, .T. ) ;
#4901 = LINE ( 'NONE', #6243, #790 ) ;
#4902 = CARTESIAN_POINT ( 'NONE',  ( 1.949999999999998623, 0.8264982043070834283, 1.449999999999999956 ) ) ;
#4903 = ADVANCED_FACE ( 'NONE', ( #761 ), #5480, .T. ) ;
#4904 = CARTESIAN_POINT ( 'NONE',  ( 2.499999999999998668, 0.1999999999999999833, 1.449999999999999956 ) ) ;
#4905 = ORIENTED_EDGE ( 'NONE', *, *, #2923, .F. ) ;
#4906 = COLOUR_RGB ( '',0.7921568627450980005, 0.8196078431372548767, 0.9333333333333333481 ) ;
#4907 = LINE ( 'NONE', #3992, #6524 ) ;
#4908 = DIRECTION ( 'NONE',  ( -1.000000000000000000, 0.000000000000000000, 1.445602896647339706E-15 ) ) ;
#4909 = EDGE_CURVE ( 'NONE', #5328, #4471, #1486, .T. ) ;
#4910 = DIRECTION ( 'NONE',  ( 0.000000000000000000, 0.000000000000000000, 1.000000000000000000 ) ) ;
#4911 = AXIS2_PLACEMENT_3D ( 'NONE', #3602, #506, #5725 ) ;
#4912 = DIRECTION ( 'NONE',  ( -0.000000000000000000, -0.000000000000000000, 1.000000000000000000 ) ) ;
#4913 = CARTESIAN_POINT ( 'NONE',  ( -1.199999999999999956, 0.1999999999999996503, -1.549999999999999600 ) ) ;
#4914 = CARTESIAN_POINT ( 'NONE',  ( 1.949999999999998623, 0.8264982043070834283, -0.5000000000000000000 ) ) ;
#4915 = DIRECTION ( 'NONE',  ( 1.000000000000000000, -0.000000000000000000, 0.000000000000000000 ) ) ;
#4916 = AXIS2_PLACEMENT_3D ( 'NONE', #500, #3595, #530 ) ;
#4917 = EDGE_CURVE ( 'NONE', #207, #6064, #2043, .T. ) ;
#4918 = DIRECTION ( 'NONE',  ( -1.000000000000000000, 0.000000000000000000, 0.000000000000000000 ) ) ;
#4919 = VERTEX_POINT ( 'NONE', #897 ) ;
#4920 = ORIENTED_EDGE ( 'NONE', *, *, #1908, .T. ) ;
#4921 = EDGE_LOOP ( 'NONE', ( #1962, #2237, #6404, #49 ) ) ;
#4922 = STYLED_ITEM ( 'NONE', ( #3903 ), #643 ) ;
#4923 = EDGE_CURVE ( 'NONE', #6430, #1247, #1714, .T. ) ;
#4924 = VERTEX_POINT ( 'NONE', #2876 ) ;
#4925 = DIRECTION ( 'NONE',  ( 0.000000000000000000, 1.000000000000000000, 0.000000000000000000 ) ) ;
#4926 = FILL_AREA_STYLE_COLOUR ( '', #3089 ) ;
#4927 = ADVANCED_FACE ( 'NONE', ( #6172 ), #3934, .F. ) ;
#4928 = PLANE ( 'NONE',  #3871 ) ;
#4929 = CARTESIAN_POINT ( 'NONE',  ( 2.499999999999998668, 0.8264982043070834283, -1.449999999999999956 ) ) ;
#4930 = AXIS2_PLACEMENT_3D ( 'NONE', #6041, #3490, #3454 ) ;
#4931 = DIRECTION ( 'NONE',  ( 0.000000000000000000, 1.000000000000000000, 0.000000000000000000 ) ) ;
#4932 = CARTESIAN_POINT ( 'NONE',  ( 1.450000000000000400, 0.1999999999999999833, -2.499999999999999556 ) ) ;
#4933 = DIRECTION ( 'NONE',  ( 1.000000000000000000, 0.000000000000000000, -3.942553354492745996E-16 ) ) ;
#4934 = CARTESIAN_POINT ( 'NONE',  ( 2.500000000000002220, 0.05000000000000000278, -2.499999999999999112 ) ) ;
#4935 = CARTESIAN_POINT ( 'NONE',  ( -2.099999999999999645, 0.6999999999999999556, -1.899999999999999911 ) ) ;
#4936 = LINE ( 'NONE', #3798, #990 ) ;
#4937 = CARTESIAN_POINT ( 'NONE',  ( -2.099999999999999645, 0.6999999999999999556, -2.100000000000000089 ) ) ;
#4938 = ORIENTED_EDGE ( 'NONE', *, *, #2470, .F. ) ;
#4939 = EDGE_CURVE ( 'NONE', #4401, #6226, #668, .T. ) ;
#4940 = VECTOR ( 'NONE', #3180, 1000.000000000000000 ) ;
#4941 = DIRECTION ( 'NONE',  ( 0.000000000000000000, 1.000000000000000000, 0.000000000000000000 ) ) ;
#4942 = ORIENTED_EDGE ( 'NONE', *, *, #4520, .F. ) ;
#4943 = LINE ( 'NONE', #797, #2190 ) ;
#4944 = AXIS2_PLACEMENT_3D ( 'NONE', #2664, #3168, #2142 ) ;
#4946 = EDGE_LOOP ( 'NONE', ( #269, #1375, #6583, #5047 ) ) ;
#4945 = AXIS2_PLACEMENT_3D ( 'NONE', #3681, #6230, #5702 ) ;
#4947 = LINE ( 'NONE', #4022, #5399 ) ;
#4948 = VECTOR ( 'NONE', #5205, 1000.000000000000000 ) ;
#4949 = DIRECTION ( 'NONE',  ( 0.000000000000000000, -1.000000000000000000, 0.000000000000000000 ) ) ;
#4950 = LINE ( 'NONE', #5056, #1802 ) ;
#4951 = ORIENTED_EDGE ( 'NONE', *, *, #2408, .T. ) ;
#4952 = VECTOR ( 'NONE', #266, 1000.000000000000000 ) ;
#4953 = VECTOR ( 'NONE', #1573, 1000.000000000000000 ) ;
#4954 = EDGE_LOOP ( 'NONE', ( #1497, #4109, #6514, #2611, #3524, #3762, #1905, #4715, #5341, #315, #6456, #1826, #3513, #587, #4779, #4960, #4268, #3271, #6649, #4977, #6102, #6571, #5131, #2394, #3905, #1223, #460, #5946, #5116, #750, #1186, #3876, #5513, #2044, #279, #5589, #1071, #2949, #358, #4484, #6549, #3720, #1862, #2610, #3751, #4264, #5097, #6002, #1580, #1200, #1286, #2788, #2307, #2942, #1820, #5538, #3099, #4899, #3220, #4434, #924, #2777, #290, #6119, #6013, #3249, #199, #5997, #4895, #24, #5051, #5010, #1517, #343, #309, #3438, #4656, #1554, #4681, #1, #6123, #6153, #2, #5733 ) ) ;
#4955 = EDGE_CURVE ( 'NONE', #2115, #1164, #5921, .T. ) ;
#4956 = ORIENTED_EDGE ( 'NONE', *, *, #1944, .T. ) ;
#4957 = UNCERTAINTY_MEASURE_WITH_UNIT (LENGTH_MEASURE( 1.000000000000000082E-05 ), #5853, 'distance_accuracy_value', 'NONE');
#4958 = CARTESIAN_POINT ( 'NONE',  ( 0.1500000000000008271, 0.2000000000000000111, 1.949999999999999734 ) ) ;
#4959 = FACE_OUTER_BOUND ( 'NONE', #6308, .T. ) ;
#4960 = ORIENTED_EDGE ( 'NONE', *, *, #6627, .F. ) ;
#4961 = PLANE ( 'NONE',  #4691 ) ;
#4962 = LINE ( 'NONE', #4245, #3259 ) ;
#4963 = CARTESIAN_POINT ( 'NONE',  ( -1.949999999999998623, 0.1999999999999999833, 0.1499999999999999667 ) ) ;
#4964 = CARTESIAN_POINT ( 'NONE',  ( -1.949999999999998623, 0.000000000000000000, -1.149999999999999911 ) ) ;
#4965 = VECTOR ( 'NONE', #3105, 1000.000000000000000 ) ;
#4966 = ORIENTED_EDGE ( 'NONE', *, *, #2287, .F. ) ;
#4967 = SURFACE_STYLE_FILL_AREA ( #2819 ) ;
#4968 = CARTESIAN_POINT ( 'NONE',  ( -2.499999999999998668, 0.04999999999999991257, -0.5000000000000000000 ) ) ;
#4969 = ADVANCED_FACE ( 'NONE', ( #2927 ), #5976, .T. ) ;
#4970 = ORIENTED_EDGE ( 'NONE', *, *, #1976, .F. ) ;
#4971 = ORIENTED_EDGE ( 'NONE', *, *, #1705, .F. ) ;
#4972 = LINE ( 'NONE', #3327, #3514 ) ;
#4973 = CARTESIAN_POINT ( 'NONE',  ( -1.949999999999998623, 0.000000000000000000, 1.149999999999999911 ) ) ;
#4974 = AXIS2_PLACEMENT_3D ( 'NONE', #2985, #3501, #5581 ) ;
#4975 = EDGE_CURVE ( 'NONE', #4720, #2416, #2362, .T. ) ;
#4976 = LINE ( 'NONE', #475, #5285 ) ;
#4977 = ORIENTED_EDGE ( 'NONE', *, *, #3399, .F. ) ;
#4978 = ORIENTED_EDGE ( 'NONE', *, *, #4447, .F. ) ;
#4979 = VECTOR ( 'NONE', #3918, 1000.000000000000000 ) ;
#4980 = CARTESIAN_POINT ( 'NONE',  ( 2.499999999999998668, 0.1999999999999999833, -0.5000000000000000000 ) ) ;
#4981 = DIRECTION ( 'NONE',  ( -0.000000000000000000, -1.000000000000000000, -0.000000000000000000 ) ) ;
#4982 = ORIENTED_EDGE ( 'NONE', *, *, #757, .F. ) ;
#4983 = VECTOR ( 'NONE', #830, 1000.000000000000000 ) ;
#4984 = DIRECTION ( 'NONE',  ( 0.000000000000000000, 0.000000000000000000, -1.000000000000000000 ) ) ;
#4985 = ORIENTED_EDGE ( 'NONE', *, *, #1591, .F. ) ;
#4986 = VERTEX_POINT ( 'NONE', #1349 ) ;
#4987 = DIRECTION ( 'NONE',  ( 0.000000000000000000, -1.000000000000000000, 0.000000000000000000 ) ) ;
#4988 = CARTESIAN_POINT ( 'NONE',  ( 1.949999999999998623, 0.05000000000000000278, 0.000000000000000000 ) ) ;
#4989 = ORIENTED_EDGE ( 'NONE', *, *, #5021, .F. ) ;
#4990 = LINE ( 'NONE', #6237, #2243 ) ;
#4991 = LINE ( 'NONE', #547, #1524 ) ;
#4992 = CARTESIAN_POINT ( 'NONE',  ( -0.7999999999999994893, 0.2000000000000000111, -1.949999999999999067 ) ) ;
#4993 = EDGE_CURVE ( 'NONE', #657, #5463, #1882, .T. ) ;
#4994 = DIRECTION ( 'NONE',  ( 0.000000000000000000, -1.000000000000000000, 0.000000000000000000 ) ) ;
#4995 = CARTESIAN_POINT ( 'NONE',  ( -1.449999999999999067, 0.2000000000000000111, 1.949999999999999512 ) ) ;
#4996 = PLANE ( 'NONE',  #424 ) ;
#4997 = DIRECTION ( 'NONE',  ( 0.000000000000000000, 0.000000000000000000, 1.000000000000000000 ) ) ;
#4998 = ORIENTED_EDGE ( 'NONE', *, *, #4876, .T. ) ;
#4999 = DIRECTION ( 'NONE',  ( -1.000000000000000000, 0.000000000000000000, 0.000000000000000000 ) ) ;
#5000 = VECTOR ( 'NONE', #314, 1000.000000000000000 ) ;
#5001 = DIRECTION ( 'NONE',  ( -3.942553354492745996E-16, 0.000000000000000000, -1.000000000000000000 ) ) ;
#5002 = CARTESIAN_POINT ( 'NONE',  ( -1.149999999999998801, 0.2000000000000000111, 2.499999999999999556 ) ) ;
#5003 = PLANE ( 'NONE',  #1133 ) ;
#5004 = EDGE_CURVE ( 'NONE', #6482, #3083, #999, .T. ) ;
#5005 = CARTESIAN_POINT ( 'NONE',  ( 1.450000000000001066, 0.2000000000000000111, 2.499999999999999556 ) ) ;
#5006 = ADVANCED_FACE ( 'NONE', ( #5679 ), #2444, .F. ) ;
#5007 = PLANE ( 'NONE',  #6442 ) ;
#5008 = ORIENTED_EDGE ( 'NONE', *, *, #2360, .F. ) ;
#5009 = CARTESIAN_POINT ( 'NONE',  ( -2.499999999999997780, 8.671067811865475150, 2.500000000000001332 ) ) ;
#5010 = ORIENTED_EDGE ( 'NONE', *, *, #1284, .F. ) ;
#5011 = DIRECTION ( 'NONE',  ( -1.000000000000000000, 0.000000000000000000, 0.000000000000000000 ) ) ;
#5012 = CARTESIAN_POINT ( 'NONE',  ( -1.149999999999999467, 0.2000000000000000111, -1.949999999999999289 ) ) ;
#5013 = CARTESIAN_POINT ( 'NONE',  ( -0.7999999999999994893, 0.2000000000000005107, -2.499999999999998668 ) ) ;
#5014 = CARTESIAN_POINT ( 'NONE',  ( 0.5000000000000004441, 0.000000000000000000, -1.949999999999999067 ) ) ;
#5015 = ORIENTED_EDGE ( 'NONE', *, *, #3805, .F. ) ;
#5016 = EDGE_CURVE ( 'NONE', #6185, #181, #6329, .T. ) ;
#5017 = CARTESIAN_POINT ( 'NONE',  ( 1.150000000000001021, 0.04999999999999969746, 2.499999999999999112 ) ) ;
#5018 = EDGE_LOOP ( 'NONE', ( #5490, #3819, #2733, #2745 ) ) ;
#5019 = ORIENTED_EDGE ( 'NONE', *, *, #4140, .F. ) ;
#5020 = CARTESIAN_POINT ( 'NONE',  ( -1.949999999999998623, 0.1999999999999999833, -0.5000000000000000000 ) ) ;
#5021 = EDGE_CURVE ( 'NONE', #3243, #515, #511, .T. ) ;
#5022 = DIRECTION ( 'NONE',  ( 0.000000000000000000, 1.000000000000000000, 0.000000000000000000 ) ) ;
#5023 = CARTESIAN_POINT ( 'NONE',  ( 0.5000000000000011102, 0.000000000000000000, 2.499999999999999112 ) ) ;
#5024 = DIRECTION ( 'NONE',  ( -1.000000000000000000, 0.000000000000000000, 0.000000000000000000 ) ) ;
#5025 = EDGE_CURVE ( 'NONE', #2861, #1865, #2203, .T. ) ;
#5026 = VERTEX_POINT ( 'NONE', #5119 ) ;
#5027 = AXIS2_PLACEMENT_3D ( 'NONE', #6003, #5968, #1360 ) ;
#5028 = LINE ( 'NONE', #4807, #6552 ) ;
#5029 = ORIENTED_EDGE ( 'NONE', *, *, #1086, .T. ) ;
#5030 = FACE_OUTER_BOUND ( 'NONE', #4173, .T. ) ;
#5031 = DIRECTION ( 'NONE',  ( -1.000000000000000000, 0.000000000000000000, 0.000000000000000000 ) ) ;
#5032 = CARTESIAN_POINT ( 'NONE',  ( 2.500000000000002220, 0.05000000000000000278, -2.499999999999999112 ) ) ;
#5033 = EDGE_LOOP ( 'NONE', ( #3913, #1396, #5982, #545 ) ) ;
#5034 = ORIENTED_EDGE ( 'NONE', *, *, #6241, .F. ) ;
#5035 = CARTESIAN_POINT ( 'NONE',  ( -2.499999999999998668, 0.8264982043070834283, 0.7999999999999999334 ) ) ;
#5036 = ADVANCED_FACE ( 'NONE', ( #3009 ), #1634, .F. ) ;
#5037 = LINE ( 'NONE', #1593, #421 ) ;
#5038 = ORIENTED_EDGE ( 'NONE', *, *, #3373, .F. ) ;
#5039 = LINE ( 'NONE', #4361, #1631 ) ;
#5040 = DIRECTION ( 'NONE',  ( 0.000000000000000000, -1.000000000000000000, 0.000000000000000000 ) ) ;
#5041 = EDGE_CURVE ( 'NONE', #5469, #6064, #4950, .T. ) ;
#5042 = LINE ( 'NONE', #4541, #758 ) ;
#5043 = MANIFOLD_SOLID_BREP ( 'Cut-Extrude4', #3569 ) ;
#5044 = AXIS2_PLACEMENT_3D ( 'NONE', #4914, #1938, #2514 ) ;
#5045 = DIRECTION ( 'NONE',  ( 0.000000000000000000, 0.000000000000000000, 1.000000000000000000 ) ) ;
#5046 = FACE_OUTER_BOUND ( 'NONE', #5858, .T. ) ;
#5047 = ORIENTED_EDGE ( 'NONE', *, *, #1328, .F. ) ;
#5048 = LINE ( 'NONE', #1534, #6169 ) ;
#5049 = DIRECTION ( 'NONE',  ( -1.000000000000000000, 0.000000000000000000, 0.000000000000000000 ) ) ;
#5050 = VECTOR ( 'NONE', #2290, 1000.000000000000000 ) ;
#5051 = ORIENTED_EDGE ( 'NONE', *, *, #5041, .F. ) ;
#5052 = CARTESIAN_POINT ( 'NONE',  ( -2.099999999999999645, 0.6999999999999999556, -2.100000000000000089 ) ) ;
#5053 = ORIENTED_EDGE ( 'NONE', *, *, #35, .F. ) ;
#5054 = CARTESIAN_POINT ( 'NONE',  ( -0.4999999999999995559, 0.2000000000000000111, -1.949999999999999289 ) ) ;
#5055 = LINE ( 'NONE', #4052, #4479 ) ;
#5056 = CARTESIAN_POINT ( 'NONE',  ( 2.500000000000002220, 0.05000000000000000278, 2.500000000000000888 ) ) ;
#5057 = LINE ( 'NONE', #5939, #6197 ) ;
#5058 = EDGE_CURVE ( 'NONE', #5179, #2953, #4137, .T. ) ;
#5059 = ORIENTED_EDGE ( 'NONE', *, *, #5758, .T. ) ;
#5060 = LINE ( 'NONE', #2506, #2383 ) ;
#5061 = DIRECTION ( 'NONE',  ( 0.000000000000000000, -0.000000000000000000, 1.000000000000000000 ) ) ;
#5062 = CARTESIAN_POINT ( 'NONE',  ( -2.099999999999999645, 0.8000000000000000444, -2.299999999999999378 ) ) ;
#5063 = ORIENTED_EDGE ( 'NONE', *, *, #5611, .T. ) ;
#5064 = VECTOR ( 'NONE', #4718, 1000.000000000000000 ) ;
#5065 = FACE_OUTER_BOUND ( 'NONE', #3855, .T. ) ;
#5066 = ORIENTED_EDGE ( 'NONE', *, *, #1976, .T. ) ;
#5067 = VERTEX_POINT ( 'NONE', #986 ) ;
#5068 = LINE ( 'NONE', #727, #947 ) ;
#5069 = DIRECTION ( 'NONE',  ( 1.000000000000000000, 0.000000000000000000, -1.445602896647339508E-15 ) ) ;
#5070 = MECHANICAL_DESIGN_GEOMETRIC_PRESENTATION_REPRESENTATION (  '', ( #5235 ), #4588 ) ;
#5071 = EDGE_CURVE ( 'NONE', #3613, #3404, #2753, .T. ) ;
#5072 = ORIENTED_EDGE ( 'NONE', *, *, #6300, .F. ) ;
#5073 = LINE ( 'NONE', #2041, #6364 ) ;
#5074 = LINE ( 'NONE', #1051, #3682 ) ;
#5075 = CARTESIAN_POINT ( 'NONE',  ( 1.450000000000000400, 0.1999999999999999833, -2.499999999999999556 ) ) ;
#5076 = CARTESIAN_POINT ( 'NONE',  ( -0.7999999999999994893, 0.05000000000000000278, 0.000000000000000000 ) ) ;
#5077 = ORIENTED_EDGE ( 'NONE', *, *, #3912, .T. ) ;
#5078 = CARTESIAN_POINT ( 'NONE',  ( 1.949999999999998623, 0.8264982043070834283, 0.1499999999999999667 ) ) ;
#5079 = SURFACE_STYLE_FILL_AREA ( #4101 ) ;
#5080 = ADVANCED_FACE ( 'NONE', ( #263 ), #2507, .F. ) ;
#5081 = VECTOR ( 'NONE', #6543, 1000.000000000000000 ) ;
#5082 = CARTESIAN_POINT ( 'NONE',  ( 0.000000000000000000, 0.2000000000000000111, 0.000000000000000000 ) ) ;
#5083 = EDGE_CURVE ( 'NONE', #371, #6195, #4384, .T. ) ;
#5084 = EDGE_CURVE ( 'NONE', #4160, #6341, #4625, .T. ) ;
#5085 = ADVANCED_FACE ( 'NONE', ( #3970 ), #2492, .T. ) ;
#5086 = CARTESIAN_POINT ( 'NONE',  ( -0.4999999999999995559, 0.000000000000000000, -1.949999999999999289 ) ) ;
#5087 = CARTESIAN_POINT ( 'NONE',  ( -2.499999999999998668, 0.1999999999999999833, -0.1499999999999999667 ) ) ;
#5088 = AXIS2_PLACEMENT_3D ( 'NONE', #6564, #406, #5489 ) ;
#5089 = DIRECTION ( 'NONE',  ( -0.000000000000000000, -0.000000000000000000, 1.000000000000000000 ) ) ;
#5090 = CARTESIAN_POINT ( 'NONE',  ( -2.499999999999998668, 0.8264982043070834283, -0.5000000000000000000 ) ) ;
#5091 = FILL_AREA_STYLE ('',( #5 ) ) ;
#5092 = ORIENTED_EDGE ( 'NONE', *, *, #5084, .T. ) ;
#5093 = CARTESIAN_POINT ( 'NONE',  ( 1.949999999999998623, 0.1999999999999999833, -0.5000000000000000000 ) ) ;
#5094 = AXIS2_PLACEMENT_3D ( 'NONE', #5253, #2165, #575 ) ;
#5095 = CARTESIAN_POINT ( 'NONE',  ( -0.1499999999999995781, 0.1999999999999999833, -2.499999999999999112 ) ) ;
#5096 = EDGE_CURVE ( 'NONE', #4274, #5586, #6644, .T. ) ;
#5097 = ORIENTED_EDGE ( 'NONE', *, *, #6150, .F. ) ;
#5098 = VERTEX_POINT ( 'NONE', #4530 ) ;
#5099 =( LENGTH_UNIT ( ) NAMED_UNIT ( * ) SI_UNIT ( .MILLI., .METRE. ) );
#5100 = ORIENTED_EDGE ( 'NONE', *, *, #227, .F. ) ;
#5101 = DIRECTION ( 'NONE',  ( -0.000000000000000000, -1.000000000000000000, -0.000000000000000000 ) ) ;
#5102 = CARTESIAN_POINT ( 'NONE',  ( 0.6500000000000000222, 0.2000000000000000111, 0.000000000000000000 ) ) ;
#5103 = EDGE_CURVE ( 'NONE', #6248, #2541, #23, .T. ) ;
#5104 = EDGE_CURVE ( 'NONE', #5394, #2763, #1227, .T. ) ;
#5105 = ADVANCED_FACE ( 'NONE', ( #1156 ), #3008, .T. ) ;
#5106 = VECTOR ( 'NONE', #2721, 1000.000000000000000 ) ;
#5107 = ORIENTED_EDGE ( 'NONE', *, *, #6042, .T. ) ;
#5108 = DIRECTION ( 'NONE',  ( 1.000000000000000000, 0.000000000000000000, 0.000000000000000000 ) ) ;
#5109 = DIRECTION ( 'NONE',  ( 0.000000000000000000, 1.000000000000000000, 0.000000000000000000 ) ) ;
#5110 = ADVANCED_FACE ( 'NONE', ( #5514 ), #5187, .F. ) ;
#5111 = DIRECTION ( 'NONE',  ( 0.000000000000000000, 0.000000000000000000, -1.000000000000000000 ) ) ;
#5112 = DIRECTION ( 'NONE',  ( 0.000000000000000000, 0.000000000000000000, 1.000000000000000000 ) ) ;
#5113 = ORIENTED_EDGE ( 'NONE', *, *, #2193, .T. ) ;
#5114 = CARTESIAN_POINT ( 'NONE',  ( -0.7999999999999994893, 0.8264982043070837614, -1.949999999999999067 ) ) ;
#5115 = VECTOR ( 'NONE', #3620, 1000.000000000000000 ) ;
#5116 = ORIENTED_EDGE ( 'NONE', *, *, #151, .F. ) ;
#5117 = LINE ( 'NONE', #6545, #5592 ) ;
#5118 = EDGE_CURVE ( 'NONE', #3107, #4538, #5037, .T. ) ;
#5120 = CARTESIAN_POINT ( 'NONE',  ( 0.8000000000000003775, 0.000000000000000000, -2.499999999999999556 ) ) ;
#5119 = CARTESIAN_POINT ( 'NONE',  ( -2.099999999999999645, 0.8000000000000000444, -1.899999999999999911 ) ) ;
#5121 = LINE ( 'NONE', #2172, #4940 ) ;
#5122 = CARTESIAN_POINT ( 'NONE',  ( -1.949999999999998623, 0.1999999999999999833, -0.7999999999999999334 ) ) ;
#5123 = VECTOR ( 'NONE', #4365, 1000.000000000000000 ) ;
#5124 = ORIENTED_EDGE ( 'NONE', *, *, #921, .T. ) ;
#5125 = PLANE ( 'NONE',  #6336 ) ;
#5126 = LINE ( 'NONE', #5534, #4554 ) ;
#5127 = FACE_OUTER_BOUND ( 'NONE', #4686, .T. ) ;
#5128 = ORIENTED_EDGE ( 'NONE', *, *, #5738, .T. ) ;
#5129 = VERTEX_POINT ( 'NONE', #5170 ) ;
#5130 = VECTOR ( 'NONE', #2915, 1000.000000000000000 ) ;
#5131 = ORIENTED_EDGE ( 'NONE', *, *, #3912, .F. ) ;
#5132 = EDGE_CURVE ( 'NONE', #1201, #683, #3647, .T. ) ;
#5133 = FACE_OUTER_BOUND ( 'NONE', #5218, .T. ) ;
#5134 = VECTOR ( 'NONE', #493, 1000.000000000000000 ) ;
#5135 = ORIENTED_EDGE ( 'NONE', *, *, #4029, .F. ) ;
#5136 = AXIS2_PLACEMENT_3D ( 'NONE', #2169, #2184, #5800 ) ;
#5137 = AXIS2_PLACEMENT_3D ( 'NONE', #2196, #5808, #3816 ) ;
#5138 = EDGE_LOOP ( 'NONE', ( #950, #1859, #3478, #241 ) ) ;
#5139 = DIRECTION ( 'NONE',  ( 7.885106708985487801E-17, -0.000000000000000000, -1.000000000000000000 ) ) ;
#5140 = CARTESIAN_POINT ( 'NONE',  ( -1.949999999999998623, 0.2000000000000002054, -0.7999999999999999334 ) ) ;
#5141 = ORIENTED_EDGE ( 'NONE', *, *, #1467, .T. ) ;
#5142 = FACE_OUTER_BOUND ( 'NONE', #2278, .T. ) ;
#5143 = PLANE ( 'NONE',  #3522 ) ;
#5144 = VECTOR ( 'NONE', #4698, 1000.000000000000000 ) ;
#5145 = DIRECTION ( 'NONE',  ( 1.000000000000000000, -0.000000000000000000, 0.000000000000000000 ) ) ;
#5146 = EDGE_LOOP ( 'NONE', ( #4126, #6613, #667, #5383 ) ) ;
#5147 = ADVANCED_FACE ( 'NONE', ( #2441 ), #534, .T. ) ;
#5148 = VERTEX_POINT ( 'NONE', #4664 ) ;
#5149 = LINE ( 'NONE', #1319, #4327 ) ;
#5150 =( NAMED_UNIT ( * ) SI_UNIT ( $, .STERADIAN. ) SOLID_ANGLE_UNIT ( ) );
#5151 = DIRECTION ( 'NONE',  ( 0.000000000000000000, -1.000000000000000000, 0.000000000000000000 ) ) ;
#5152 = EDGE_LOOP ( 'NONE', ( #5072, #1991, #835, #5359 ) ) ;
#5153 = VECTOR ( 'NONE', #1202, 1000.000000000000000 ) ;
#5154 = EDGE_CURVE ( 'NONE', #4490, #455, #3162, .T. ) ;
#5155 = VECTOR ( 'NONE', #1544, 1000.000000000000000 ) ;
#5156 = DIRECTION ( 'NONE',  ( 1.000000000000000000, 0.000000000000000000, -0.000000000000000000 ) ) ;
#5157 = ORIENTED_EDGE ( 'NONE', *, *, #873, .F. ) ;
#5158 = CARTESIAN_POINT ( 'NONE',  ( 1.949999999999999956, 0.000000000000000000, 0.000000000000000000 ) ) ;
#5159 = VERTEX_POINT ( 'NONE', #2111 ) ;
#5160 = ADVANCED_FACE ( 'NONE', ( #1151 ), #3126, .T. ) ;
#5161 = VERTEX_POINT ( 'NONE', #2132 ) ;
#5162 = LINE ( 'NONE', #3039, #4004 ) ;
#5163 = LINE ( 'NONE', #2106, #1838 ) ;
#5164 = EDGE_CURVE ( 'NONE', #4805, #3898, #4205, .T. ) ;
#5165 = ORIENTED_EDGE ( 'NONE', *, *, #3553, .F. ) ;
#5166 = VECTOR ( 'NONE', #5045, 1000.000000000000000 ) ;
#5167 = CARTESIAN_POINT ( 'NONE',  ( 0.000000000000000000, 0.2000000000000000111, 0.000000000000000000 ) ) ;
#5168 = SURFACE_SIDE_STYLE ('',( #3371 ) ) ;
#5169 = DIRECTION ( 'NONE',  ( 0.000000000000000000, 0.000000000000000000, 1.000000000000000000 ) ) ;
#5171 = CARTESIAN_POINT ( 'NONE',  ( -0.4999999999999991673, 0.2000000000000000111, 1.949999999999999734 ) ) ;
#5170 = CARTESIAN_POINT ( 'NONE',  ( 0.1500000000000010492, 0.1999999999999999833, 2.499999999999999556 ) ) ;
#5172 = MANIFOLD_SOLID_BREP ( 'Boss-Extrude3[1]', #2830 ) ;
#5173 = DIRECTION ( 'NONE',  ( 0.000000000000000000, -0.000000000000000000, 1.000000000000000000 ) ) ;
#5174 = VERTEX_POINT ( 'NONE', #1041 ) ;
#5175 = ADVANCED_FACE ( 'NONE', ( #3881 ), #1625, .F. ) ;
#5176 = EDGE_LOOP ( 'NONE', ( #991, #5157, #2742, #1445 ) ) ;
#5177 = AXIS2_PLACEMENT_3D ( 'NONE', #282, #2351, #1368 ) ;
#5178 = ORIENTED_EDGE ( 'NONE', *, *, #3212, .F. ) ;
#5179 = VERTEX_POINT ( 'NONE', #2070 ) ;
#5180 = DIRECTION ( 'NONE',  ( -1.000000000000000000, 0.000000000000000000, -7.885106708985489034E-17 ) ) ;
#5181 = DIRECTION ( 'NONE',  ( 0.000000000000000000, 1.000000000000000000, 0.000000000000000000 ) ) ;
#5182 = ADVANCED_FACE ( 'NONE', ( #5751 ), #2580, .T. ) ;
#5183 = CARTESIAN_POINT ( 'NONE',  ( 0.5000000000000008882, 0.000000000000000000, 1.949999999999999512 ) ) ;
#5184 = CARTESIAN_POINT ( 'NONE',  ( 0.000000000000000000, 0.2000000000000000111, 0.000000000000000000 ) ) ;
#5185 = STYLED_ITEM ( 'NONE', ( #1004 ), #6246 ) ;
#5186 = EDGE_CURVE ( 'NONE', #2983, #1318, #4783, .T. ) ;
#5187 = PLANE ( 'NONE',  #2235 ) ;
#5188 = DIRECTION ( 'NONE',  ( -1.000000000000000000, 0.000000000000000000, 7.228014483236699514E-16 ) ) ;
#5189 = CARTESIAN_POINT ( 'NONE',  ( -1.949999999999998623, 0.8264982043070834283, -0.1499999999999999667 ) ) ;
#5190 = AXIS2_PLACEMENT_3D ( 'NONE', #1366, #2405, #303 ) ;
#5191 = EDGE_CURVE ( 'NONE', #5977, #1436, #4708, .T. ) ;
#5192 = ORIENTED_EDGE ( 'NONE', *, *, #3666, .T. ) ;
#5193 = FACE_OUTER_BOUND ( 'NONE', #2059, .T. ) ;
#5194 = ORIENTED_EDGE ( 'NONE', *, *, #1858, .T. ) ;
#5195 = LINE ( 'NONE', #118, #3082 ) ;
#5196 = ORIENTED_EDGE ( 'NONE', *, *, #6473, .T. ) ;
#5197 = PLANE ( 'NONE',  #715 ) ;
#5198 = FACE_OUTER_BOUND ( 'NONE', #5018, .T. ) ;
#5199 = DIRECTION ( 'NONE',  ( 0.000000000000000000, 1.000000000000000000, 0.000000000000000000 ) ) ;
#5200 = ORIENTED_EDGE ( 'NONE', *, *, #2744, .F. ) ;
#5201 = VECTOR ( 'NONE', #5897, 1000.000000000000000 ) ;
#5202 = CARTESIAN_POINT ( 'NONE',  ( 0.000000000000000000, 0.05000000000000000278, -1.449999999999999956 ) ) ;
#5203 = VECTOR ( 'NONE', #1409, 1000.000000000000000 ) ;
#5204 = ORIENTED_EDGE ( 'NONE', *, *, #3868, .T. ) ;
#5205 = DIRECTION ( 'NONE',  ( 1.000000000000000000, -0.000000000000000000, -7.228014483236698528E-16 ) ) ;
#5206 = SURFACE_SIDE_STYLE ('',( #1237 ) ) ;
#5207 = ADVANCED_FACE ( 'NONE', ( #914 ), #1059, .T. ) ;
#5208 = EDGE_CURVE ( 'NONE', #2263, #1977, #1303, .T. ) ;
#5209 = LINE ( 'NONE', #418, #4144 ) ;
#5211 = CARTESIAN_POINT ( 'NONE',  ( 2.499999999999998668, 0.2000000000000002054, 0.1499999999999999667 ) ) ;
#5210 = DIRECTION ( 'NONE',  ( -0.000000000000000000, -1.000000000000000000, -0.000000000000000000 ) ) ;
#5212 = ORIENTED_EDGE ( 'NONE', *, *, #5460, .F. ) ;
#5213 = ORIENTED_EDGE ( 'NONE', *, *, #240, .T. ) ;
#5214 = ORIENTED_EDGE ( 'NONE', *, *, #6328, .T. ) ;
#5215 = ADVANCED_FACE ( 'NONE', ( #5198 ), #3188, .F. ) ;
#5216 = LINE ( 'NONE', #1295, #4223 ) ;
#5217 = COLOUR_RGB ( '',0.7921568627450980005, 0.8196078431372548767, 0.9333333333333333481 ) ;
#5218 = EDGE_LOOP ( 'NONE', ( #5204, #2582, #4741, #1685 ) ) ;
#5219 = FACE_OUTER_BOUND ( 'NONE', #3559, .T. ) ;
#5220 = EDGE_CURVE ( 'NONE', #4642, #3785, #6321, .T. ) ;
#5221 = ORIENTED_EDGE ( 'NONE', *, *, #5016, .F. ) ;
#5222 = LINE ( 'NONE', #4299, #610 ) ;
#5223 = PLANE ( 'NONE',  #3264 ) ;
#5224 = VECTOR ( 'NONE', #5466, 1000.000000000000000 ) ;
#5225 = AXIS2_PLACEMENT_3D ( 'NONE', #4843, #5360, #3301 ) ;
#5226 = ORIENTED_EDGE ( 'NONE', *, *, #2066, .T. ) ;
#5227 = EDGE_CURVE ( 'NONE', #5586, #4204, #101, .T. ) ;
#5228 = EDGE_LOOP ( 'NONE', ( #2198, #171, #1587, #5822 ) ) ;
#5229 = VECTOR ( 'NONE', #6130, 1000.000000000000000 ) ;
#5230 = DIRECTION ( 'NONE',  ( 0.000000000000000000, -1.000000000000000000, 0.000000000000000000 ) ) ;
#5231 = ORIENTED_EDGE ( 'NONE', *, *, #2548, .F. ) ;
#5232 = PLANE ( 'NONE',  #551 ) ;
#5233 = VECTOR ( 'NONE', #4706, 1000.000000000000000 ) ;
#5234 = DIRECTION ( 'NONE',  ( -1.000000000000000000, 0.000000000000000000, 0.000000000000000000 ) ) ;
#5235 = STYLED_ITEM ( 'NONE', ( #133 ), #231 ) ;
#5236 = ORIENTED_EDGE ( 'NONE', *, *, #6489, .F. ) ;
#5237 = LINE ( 'NONE', #699, #6045 ) ;
#5238 = VECTOR ( 'NONE', #1471, 1000.000000000000000 ) ;
#5239 = CARTESIAN_POINT ( 'NONE',  ( -1.149999999999999023, 0.8264982043070837614, 1.949999999999999734 ) ) ;
#5240 = PLANE ( 'NONE',  #189 ) ;
#5241 = LINE ( 'NONE', #5120, #5720 ) ;
#5242 = CARTESIAN_POINT ( 'NONE',  ( 0.6500000000000000222, 0.000000000000000000, 0.000000000000000000 ) ) ;
#5243 = DIRECTION ( 'NONE',  ( -1.000000000000000000, 0.000000000000000000, 0.000000000000000000 ) ) ;
#5244 = ADVANCED_FACE ( 'NONE', ( #3808 ), #1715, .T. ) ;
#5245 = EDGE_CURVE ( 'NONE', #6434, #3460, #2122, .T. ) ;
#5246 = DIRECTION ( 'NONE',  ( 0.000000000000000000, 0.000000000000000000, -1.000000000000000000 ) ) ;
#5247 = CARTESIAN_POINT ( 'NONE',  ( -2.499999999999997780, 0.05000000000000000278, 2.500000000000001332 ) ) ;
#5248 = MANIFOLD_SOLID_BREP ( 'LPattern4[6]', #3515 ) ;
#5249 = PLANE ( 'NONE',  #3810 ) ;
#5250 = EDGE_LOOP ( 'NONE', ( #609, #248, #3041, #2877 ) ) ;
#5251 = VERTEX_POINT ( 'NONE', #4263 ) ;
#5252 = CARTESIAN_POINT ( 'NONE',  ( -0.4999999999999989453, 0.2000000000000000111, 2.499999999999999556 ) ) ;
#5253 = CARTESIAN_POINT ( 'NONE',  ( -1.949999999999998623, 0.8264982043070834283, -0.7999999999999999334 ) ) ;
#5254 = ORIENTED_EDGE ( 'NONE', *, *, #635, .F. ) ;
#5255 = UNCERTAINTY_MEASURE_WITH_UNIT (LENGTH_MEASURE( 1.000000000000000082E-05 ), #6626, 'distance_accuracy_value', 'NONE');
#5256 = EDGE_CURVE ( 'NONE', #2214, #1371, #5590, .T. ) ;
#5257 = AXIS2_PLACEMENT_3D ( 'NONE', #3571, #4045, #488 ) ;
#5258 = PRESENTATION_LAYER_ASSIGNMENT (  '', '', ( #6630 ) ) ;
#5259 = PLANE ( 'NONE',  #2484 ) ;
#5260 = DIRECTION ( 'NONE',  ( 0.000000000000000000, 0.000000000000000000, -1.000000000000000000 ) ) ;
#5261 = CARTESIAN_POINT ( 'NONE',  ( -1.949999999999998623, 0.1999999999999999833, -0.5000000000000000000 ) ) ;
#5262 = DIRECTION ( 'NONE',  ( 0.000000000000000000, 0.000000000000000000, -1.000000000000000000 ) ) ;
#5263 = DIRECTION ( 'NONE',  ( 0.000000000000000000, 0.000000000000000000, 1.000000000000000000 ) ) ;
#5264 = EDGE_CURVE ( 'NONE', #4701, #3582, #503, .T. ) ;
#5265 = SURFACE_STYLE_FILL_AREA ( #4275 ) ;
#5266 = ORIENTED_EDGE ( 'NONE', *, *, #3390, .F. ) ;
#5267 = PRESENTATION_STYLE_ASSIGNMENT (( #729 ) ) ;
#5268 = ORIENTED_EDGE ( 'NONE', *, *, #4757, .F. ) ;
#5269 = ORIENTED_EDGE ( 'NONE', *, *, #5494, .T. ) ;
#5270 = ADVANCED_FACE ( 'NONE', ( #2670 ), #4790, .F. ) ;
#5271 = FACE_OUTER_BOUND ( 'NONE', #2124, .T. ) ;
#5272 = MECHANICAL_DESIGN_GEOMETRIC_PRESENTATION_REPRESENTATION (  '', ( #4922 ), #3314 ) ;
#5273 = VECTOR ( 'NONE', #619, 1000.000000000000000 ) ;
#5274 = EDGE_CURVE ( 'NONE', #193, #6253, #2036, .T. ) ;
#5275 = VECTOR ( 'NONE', #2022, 1000.000000000000000 ) ;
#5276 = ORIENTED_EDGE ( 'NONE', *, *, #4171, .T. ) ;
#5277 = FACE_OUTER_BOUND ( 'NONE', #6403, .T. ) ;
#5278 = CARTESIAN_POINT ( 'NONE',  ( 1.949999999999998623, 0.000000000000000000, 1.449999999999999956 ) ) ;
#5279 = DIRECTION ( 'NONE',  ( -0.000000000000000000, -1.000000000000000000, -0.000000000000000000 ) ) ;
#5281 = ORIENTED_EDGE ( 'NONE', *, *, #3166, .T. ) ;
#5280 = DIRECTION ( 'NONE',  ( 0.000000000000000000, 0.000000000000000000, -1.000000000000000000 ) ) ;
#5282 = ORIENTED_EDGE ( 'NONE', *, *, #1328, .T. ) ;
#5283 = VECTOR ( 'NONE', #5925, 1000.000000000000000 ) ;
#5284 = ORIENTED_EDGE ( 'NONE', *, *, #4610, .T. ) ;
#5285 = VECTOR ( 'NONE', #5638, 1000.000000000000000 ) ;
#5286 = CARTESIAN_POINT ( 'NONE',  ( 2.499999999999998668, 0.04999999999999991257, -0.7999999999999999334 ) ) ;
#5287 = FACE_OUTER_BOUND ( 'NONE', #446, .T. ) ;
#5288 = EDGE_LOOP ( 'NONE', ( #4728, #5284, #3766, #1285 ) ) ;
#5289 = FACE_OUTER_BOUND ( 'NONE', #4057, .T. ) ;
#5290 = ORIENTED_EDGE ( 'NONE', *, *, #6579, .T. ) ;
#5291 = EDGE_CURVE ( 'NONE', #2214, #1940, #3079, .T. ) ;
#5292 = DIRECTION ( 'NONE',  ( 3.942553354492745503E-16, 0.000000000000000000, 1.000000000000000000 ) ) ;
#5293 = VERTEX_POINT ( 'NONE', #1216 ) ;
#5294 = VECTOR ( 'NONE', #1116, 1000.000000000000000 ) ;
#5295 = FACE_OUTER_BOUND ( 'NONE', #6560, .T. ) ;
#5296 = ORIENTED_EDGE ( 'NONE', *, *, #3626, .F. ) ;
#5297 = PLANE ( 'NONE',  #5137 ) ;
#5298 = ORIENTED_EDGE ( 'NONE', *, *, #2923, .T. ) ;
#5299 = CARTESIAN_POINT ( 'NONE',  ( -1.449999999999999067, 0.04999999999999999584, 1.949999999999999512 ) ) ;
#5300 = LINE ( 'NONE', #3413, #2553 ) ;
#5301 = AXIS2_PLACEMENT_3D ( 'NONE', #629, #1129, #2201 ) ;
#5302 = VERTEX_POINT ( 'NONE', #1750 ) ;
#5303 = VECTOR ( 'NONE', #4824, 1000.000000000000000 ) ;
#5304 = CARTESIAN_POINT ( 'NONE',  ( -1.949999999999998623, 0.8264982043070834283, -0.5000000000000000000 ) ) ;
#5305 = SURFACE_STYLE_FILL_AREA ( #5091 ) ;
#5306 = PLANE ( 'NONE',  #981 ) ;
#5307 = VECTOR ( 'NONE', #2414, 1000.000000000000000 ) ;
#5308 = CARTESIAN_POINT ( 'NONE',  ( -1.149999999999998801, 0.2000000000000000111, 2.499999999999999556 ) ) ;
#5309 = CARTESIAN_POINT ( 'NONE',  ( 1.949999999999998623, 0.1999999999999999833, -1.149999999999999911 ) ) ;
#5310 = VERTEX_POINT ( 'NONE', #2192 ) ;
#5311 = FACE_OUTER_BOUND ( 'NONE', #6118, .T. ) ;
#5312 = EDGE_CURVE ( 'NONE', #4634, #2763, #1706, .T. ) ;
#5313 = FACE_OUTER_BOUND ( 'NONE', #1024, .T. ) ;
#5314 = ADVANCED_FACE ( 'NONE', ( #2277 ), #4756, .F. ) ;
#5315 = DIRECTION ( 'NONE',  ( -0.000000000000000000, -1.000000000000000000, -0.000000000000000000 ) ) ;
#5316 = DIRECTION ( 'NONE',  ( 1.000000000000000000, -0.000000000000000000, -8.673617379884035472E-17 ) ) ;
#5317 = VERTEX_POINT ( 'NONE', #4311 ) ;
#5318 = LINE ( 'NONE', #320, #3849 ) ;
#5319 = CARTESIAN_POINT ( 'NONE',  ( -1.449999999999999067, 0.1999999999999999833, 1.949999999999999512 ) ) ;
#5320 = EDGE_CURVE ( 'NONE', #6277, #1027, #2116, .T. ) ;
#5321 = CARTESIAN_POINT ( 'NONE',  ( 0.1500000000000003830, 0.8264982043070837614, -2.499999999999999556 ) ) ;
#5322 = DIRECTION ( 'NONE',  ( 0.000000000000000000, -1.000000000000000000, 0.000000000000000000 ) ) ;
#5323 = CARTESIAN_POINT ( 'NONE',  ( 1.949999999999998623, 0.8264982043070834283, 0.5000000000000000000 ) ) ;
#5324 = DIRECTION ( 'NONE',  ( -0.000000000000000000, -1.000000000000000000, -0.000000000000000000 ) ) ;
#5325 = ORIENTED_EDGE ( 'NONE', *, *, #6489, .T. ) ;
#5326 = DIRECTION ( 'NONE',  ( 1.000000000000000000, 0.000000000000000000, -0.000000000000000000 ) ) ;
#5327 = CARTESIAN_POINT ( 'NONE',  ( 0.5000000000000011102, 0.8264982043070837614, 2.499999999999999112 ) ) ;
#5328 = VERTEX_POINT ( 'NONE', #1157 ) ;
#5329 = DIRECTION ( 'NONE',  ( -1.000000000000000000, 0.000000000000000000, -7.228014483236698528E-16 ) ) ;
#5330 = EDGE_CURVE ( 'NONE', #5367, #6279, #6628, .T. ) ;
#5331 = CARTESIAN_POINT ( 'NONE',  ( -1.149999999999999467, 0.8264982043070837614, -1.949999999999999289 ) ) ;
#5332 = VERTEX_POINT ( 'NONE', #2282 ) ;
#5333 = CARTESIAN_POINT ( 'NONE',  ( -1.949999999999998623, 0.1999999999999999833, 1.449999999999999956 ) ) ;
#5334 = EDGE_LOOP ( 'NONE', ( #2603, #2783, #5430, #5907 ) ) ;
#5335 = FILL_AREA_STYLE_COLOUR ( '', #3323 ) ;
#5336 = DIRECTION ( 'NONE',  ( 3.942553354492744024E-16, 0.000000000000000000, 1.000000000000000000 ) ) ;
#5337 = DIRECTION ( 'NONE',  ( -1.000000000000000000, 0.000000000000000000, 1.445602896647339706E-15 ) ) ;
#5338 = DIRECTION ( 'NONE',  ( 0.000000000000000000, 1.000000000000000000, 0.000000000000000000 ) ) ;
#5339 = ADVANCED_FACE ( 'NONE', ( #3640 ), #754, .F. ) ;
#5340 = AXIS2_PLACEMENT_3D ( 'NONE', #6417, #2813, #1266 ) ;
#5341 = ORIENTED_EDGE ( 'NONE', *, *, #799, .F. ) ;
#5342 = COLOUR_RGB ( '',0.7921568627450980005, 0.8196078431372548767, 0.9333333333333333481 ) ;
#5343 = DIRECTION ( 'NONE',  ( -1.000000000000000000, 0.000000000000000000, -0.000000000000000000 ) ) ;
#5344 = FILL_AREA_STYLE_COLOUR ( '', #3190 ) ;
#5345 =( NAMED_UNIT ( * ) SI_UNIT ( $, .STERADIAN. ) SOLID_ANGLE_UNIT ( ) );
#5346 = ORIENTED_EDGE ( 'NONE', *, *, #4067, .T. ) ;
#5347 = VECTOR ( 'NONE', #4778, 1000.000000000000000 ) ;
#5348 = CARTESIAN_POINT ( 'NONE',  ( 0.1500000000000008271, 0.8264982043070837614, 1.949999999999999734 ) ) ;
#5349 = ORIENTED_EDGE ( 'NONE', *, *, #6126, .F. ) ;
#5350 = LINE ( 'NONE', #3121, #1224 ) ;
#5351 = DIRECTION ( 'NONE',  ( 0.000000000000000000, 0.000000000000000000, 1.000000000000000000 ) ) ;
#5352 = PLANE ( 'NONE',  #931 ) ;
#5353 = AXIS2_PLACEMENT_3D ( 'NONE', #3376, #1358, #3939 ) ;
#5354 = EDGE_LOOP ( 'NONE', ( #2957, #2265, #2669, #5428, #868 ) ) ;
#5355 = VECTOR ( 'NONE', #1461, 1000.000000000000000 ) ;
#5356 = ORIENTED_EDGE ( 'NONE', *, *, #773, .F. ) ;
#5357 = LINE ( 'NONE', #316, #6254 ) ;
#5358 = LINE ( 'NONE', #2981, #2286 ) ;
#5359 = ORIENTED_EDGE ( 'NONE', *, *, #4107, .F. ) ;
#5360 = DIRECTION ( 'NONE',  ( 1.445602896647339508E-15, 0.000000000000000000, -1.000000000000000000 ) ) ;
#5361 = LINE ( 'NONE', #3710, #3257 ) ;
#5362 = ORIENTED_EDGE ( 'NONE', *, *, #1137, .T. ) ;
#5363 = EDGE_CURVE ( 'NONE', #1630, #1860, #5747, .T. ) ;
#5364 = VECTOR ( 'NONE', #5657, 1000.000000000000000 ) ;
#5365 = CARTESIAN_POINT ( 'NONE',  ( 1.949999999999998623, 0.8264982043070834283, -0.1499999999999999667 ) ) ;
#5366 = VECTOR ( 'NONE', #2114, 1000.000000000000000 ) ;
#5367 = VERTEX_POINT ( 'NONE', #5915 ) ;
#5368 = ORIENTED_EDGE ( 'NONE', *, *, #2167, .F. ) ;
#5369 = EDGE_CURVE ( 'NONE', #1708, #6164, #18, .T. ) ;
#5370 = VECTOR ( 'NONE', #1373, 1000.000000000000000 ) ;
#5371 = CARTESIAN_POINT ( 'NONE',  ( -1.949999999999998623, 0.8264982043070834283, -0.1499999999999999667 ) ) ;
#5372 = FACE_OUTER_BOUND ( 'NONE', #3971, .T. ) ;
#5373 = CARTESIAN_POINT ( 'NONE',  ( 1.150000000000000355, 0.000000000000000000, -1.949999999999999067 ) ) ;
#5374 = ORIENTED_EDGE ( 'NONE', *, *, #4372, .T. ) ;
#5375 = LINE ( 'NONE', #326, #445 ) ;
#5376 = CARTESIAN_POINT ( 'NONE',  ( 1.549999999999999600, 0.05000000000000143219, 1.550000000000000488 ) ) ;
#5377 = ADVANCED_FACE ( 'NONE', ( #5671 ), #3313, .T. ) ;
#5378 = ORIENTED_EDGE ( 'NONE', *, *, #4017, .T. ) ;
#5379 = VECTOR ( 'NONE', #3268, 1000.000000000000000 ) ;
#5380 = CARTESIAN_POINT ( 'NONE',  ( 0.8000000000000010436, 0.000000000000000000, 2.499999999999999556 ) ) ;
#5381 = LINE ( 'NONE', #1801, #5224 ) ;
#5382 = VERTEX_POINT ( 'NONE', #1287 ) ;
#5383 = ORIENTED_EDGE ( 'NONE', *, *, #128, .F. ) ;
#5384 = FACE_OUTER_BOUND ( 'NONE', #1577, .T. ) ;
#5385 = EDGE_CURVE ( 'NONE', #3566, #5129, #5424, .T. ) ;
#5386 = EDGE_LOOP ( 'NONE', ( #1984, #2897, #1667, #6650 ) ) ;
#5387 = VECTOR ( 'NONE', #2075, 1000.000000000000000 ) ;
#5388 = DIRECTION ( 'NONE',  ( 0.000000000000000000, -1.000000000000000000, 0.000000000000000000 ) ) ;
#5389 = CARTESIAN_POINT ( 'NONE',  ( 2.500000000000002220, 8.671067811865475150, 2.500000000000000888 ) ) ;
#5390 = LINE ( 'NONE', #2581, #1113 ) ;
#5391 = DIRECTION ( 'NONE',  ( 1.000000000000000000, 0.000000000000000000, 0.000000000000000000 ) ) ;
#5392 = AXIS2_PLACEMENT_3D ( 'NONE', #2973, #4077, #6148 ) ;
#5393 = MECHANICAL_DESIGN_GEOMETRIC_PRESENTATION_REPRESENTATION (  '', ( #4566 ), #190 ) ;
#5394 = VERTEX_POINT ( 'NONE', #214 ) ;
#5395 = LINE ( 'NONE', #6488, #4013 ) ;
#5396 = FACE_OUTER_BOUND ( 'NONE', #2560, .T. ) ;
#5397 = CARTESIAN_POINT ( 'NONE',  ( 1.949999999999998623, 0.8264982043070834283, 0.1499999999999999667 ) ) ;
#5398 = EDGE_CURVE ( 'NONE', #1436, #1132, #2917, .T. ) ;
#5399 = VECTOR ( 'NONE', #3996, 1000.000000000000000 ) ;
#5400 = DIRECTION ( 'NONE',  ( 0.000000000000000000, -1.000000000000000000, 0.000000000000000000 ) ) ;
#5401 = DIRECTION ( 'NONE',  ( -0.000000000000000000, -0.000000000000000000, 1.000000000000000000 ) ) ;
#5402 = EDGE_CURVE ( 'NONE', #6353, #5161, #4132, .T. ) ;
#5403 = DIRECTION ( 'NONE',  ( -1.000000000000000000, 0.000000000000000000, 0.000000000000000000 ) ) ;
#5404 = VERTEX_POINT ( 'NONE', #734 ) ;
#5405 = ADVANCED_FACE ( 'NONE', ( #1298 ), #5895, .F. ) ;
#5406 = DIRECTION ( 'NONE',  ( 3.942553354492744024E-16, 0.000000000000000000, 1.000000000000000000 ) ) ;
#5407 = EDGE_LOOP ( 'NONE', ( #1539, #700, #366, #4357 ) ) ;
#5408 = DIRECTION ( 'NONE',  ( 0.000000000000000000, 0.000000000000000000, -1.000000000000000000 ) ) ;
#5409 = ORIENTED_EDGE ( 'NONE', *, *, #2618, .T. ) ;
#5410 = ORIENTED_EDGE ( 'NONE', *, *, #810, .T. ) ;
#5411 = ORIENTED_EDGE ( 'NONE', *, *, #1644, .F. ) ;
#5412 = DIRECTION ( 'NONE',  ( -1.000000000000000000, 0.000000000000000000, 0.000000000000000000 ) ) ;
#5413 = UNCERTAINTY_MEASURE_WITH_UNIT (LENGTH_MEASURE( 1.000000000000000082E-05 ), #6394, 'distance_accuracy_value', 'NONE');
#5414 = CARTESIAN_POINT ( 'NONE',  ( 0.8000000000000008216, 0.2000000000000000111, 1.949999999999999734 ) ) ;
#5415 = CARTESIAN_POINT ( 'NONE',  ( 0.8000000000000003775, 0.000000000000000000, -1.949999999999999289 ) ) ;
#5416 = EDGE_CURVE ( 'NONE', #6180, #4471, #3319, .T. ) ;
#5417 = EDGE_CURVE ( 'NONE', #6271, #1538, #4369, .T. ) ;
#5418 = PLANE ( 'NONE',  #3557 ) ;
#5419 = CARTESIAN_POINT ( 'NONE',  ( -1.949999999999998623, 0.8264982043070834283, -1.449999999999999956 ) ) ;
#5420 = AXIS2_PLACEMENT_3D ( 'NONE', #4097, #5580, #3545 ) ;
#5421 = VERTEX_POINT ( 'NONE', #5062 ) ;
#5422 =( LENGTH_UNIT ( ) NAMED_UNIT ( * ) SI_UNIT ( .MILLI., .METRE. ) );
#5423 = CARTESIAN_POINT ( 'NONE',  ( -1.949999999999998623, 0.1999999999999999833, 0.7999999999999999334 ) ) ;
#5424 = LINE ( 'NONE', #4880, #5908 ) ;
#5425 = CLOSED_SHELL ( 'NONE', ( #5080, #2792, #3844, #955, #1780, #5110 ) ) ;
#5426 = SURFACE_STYLE_FILL_AREA ( #1214 ) ;
#5427 = DIRECTION ( 'NONE',  ( -3.942553354492745010E-16, 0.000000000000000000, -1.000000000000000000 ) ) ;
#5428 = ORIENTED_EDGE ( 'NONE', *, *, #740, .T. ) ;
#5429 = EDGE_CURVE ( 'NONE', #5098, #5382, #3875, .T. ) ;
#5430 = ORIENTED_EDGE ( 'NONE', *, *, #4290, .T. ) ;
#5432 = LINE ( 'NONE', #6479, #4058 ) ;
#5431 = CARTESIAN_POINT ( 'NONE',  ( -0.4999999999999995559, 0.8264982043070837614, -1.949999999999999289 ) ) ;
#5433 = CARTESIAN_POINT ( 'NONE',  ( -1.949999999999998623, 0.8264982043070834283, -1.449999999999999956 ) ) ;
#5434 = VECTOR ( 'NONE', #3401, 1000.000000000000000 ) ;
#5435 = FILL_AREA_STYLE ('',( #6432 ) ) ;
#5436 = DIRECTION ( 'NONE',  ( 0.000000000000000000, -0.000000000000000000, -1.000000000000000000 ) ) ;
#5437 = SURFACE_STYLE_USAGE ( .BOTH. , #4426 ) ;
#5438 = ADVANCED_FACE ( 'NONE', ( #2665 ), #2239, .T. ) ;
#5439 = EDGE_LOOP ( 'NONE', ( #4493, #6380, #99, #342, #4829, #404, #1501, #3983, #821, #5113, #375, #1606, #5550, #6682, #3962, #1468, #388, #5730, #275, #4304, #6573, #3833, #6168, #3826 ) ) ;
#5440 = DIRECTION ( 'NONE',  ( 0.000000000000000000, 1.000000000000000000, 0.000000000000000000 ) ) ;
#5441 = EDGE_CURVE ( 'NONE', #4123, #3346, #907, .T. ) ;
#5442 = EDGE_CURVE ( 'NONE', #3588, #2093, #1788, .T. ) ;
#5443 = ORIENTED_EDGE ( 'NONE', *, *, #6690, .F. ) ;
#5444 = ORIENTED_EDGE ( 'NONE', *, *, #6275, .T. ) ;
#5445 = LINE ( 'NONE', #4394, #2686 ) ;
#5446 = CARTESIAN_POINT ( 'NONE',  ( 2.499999999999998668, 0.8264982043070834283, -1.149999999999999911 ) ) ;
#5447 = VECTOR ( 'NONE', #3463, 1000.000000000000000 ) ;
#5448 = DIRECTION ( 'NONE',  ( -1.000000000000000000, 0.000000000000000000, 7.228014483236699514E-16 ) ) ;
#5449 = ORIENTED_EDGE ( 'NONE', *, *, #572, .F. ) ;
#5450 = CARTESIAN_POINT ( 'NONE',  ( 1.949999999999998623, 0.2000000000000002054, 1.449999999999999956 ) ) ;
#5451 = ORIENTED_EDGE ( 'NONE', *, *, #4834, .T. ) ;
#5452 =( LENGTH_UNIT ( ) NAMED_UNIT ( * ) SI_UNIT ( .MILLI., .METRE. ) );
#5453 = VERTEX_POINT ( 'NONE', #1637 ) ;
#5454 = LINE ( 'NONE', #611, #5064 ) ;
#5455 = SURFACE_STYLE_FILL_AREA ( #2724 ) ;
#5456 = ORIENTED_EDGE ( 'NONE', *, *, #1198, .T. ) ;
#5457 = VERTEX_POINT ( 'NONE', #2696 ) ;
#5458 = UNCERTAINTY_MEASURE_WITH_UNIT (LENGTH_MEASURE( 1.000000000000000082E-05 ), #6534, 'distance_accuracy_value', 'NONE');
#5459 = FILL_AREA_STYLE ('',( #1680 ) ) ;
#5460 = EDGE_CURVE ( 'NONE', #4283, #56, #1556, .T. ) ;
#5461 = DIRECTION ( 'NONE',  ( 1.000000000000000000, -0.000000000000000000, -0.000000000000000000 ) ) ;
#5462 = DIRECTION ( 'NONE',  ( -7.228014483236699514E-16, 0.000000000000000000, -1.000000000000000000 ) ) ;
#5463 = VERTEX_POINT ( 'NONE', #5816 ) ;
#5464 = FACE_BOUND ( 'NONE', #3643, .T. ) ;
#5465 = FACE_OUTER_BOUND ( 'NONE', #3090, .T. ) ;
#5466 = DIRECTION ( 'NONE',  ( -0.000000000000000000, -0.000000000000000000, 1.000000000000000000 ) ) ;
#5467 = VECTOR ( 'NONE', #3414, 1000.000000000000000 ) ;
#5468 = DIRECTION ( 'NONE',  ( 0.000000000000000000, 0.000000000000000000, -1.000000000000000000 ) ) ;
#5469 = VERTEX_POINT ( 'NONE', #110 ) ;
#5470 = LINE ( 'NONE', #2098, #1432 ) ;
#5471 = LINE ( 'NONE', #937, #2006 ) ;
#5472 = EDGE_CURVE ( 'NONE', #2037, #4123, #3156, .T. ) ;
#5473 = CARTESIAN_POINT ( 'NONE',  ( 0.1500000000000008271, 0.000000000000000000, 1.949999999999999734 ) ) ;
#5474 = ORIENTED_EDGE ( 'NONE', *, *, #1720, .F. ) ;
#5475 = DIRECTION ( 'NONE',  ( -3.942553354492745996E-16, 0.000000000000000000, -1.000000000000000000 ) ) ;
#5476 = PRESENTATION_LAYER_ASSIGNMENT (  '', '', ( #4565 ) ) ;
#5477 = AXIS2_PLACEMENT_3D ( 'NONE', #3795, #4269, #3255 ) ;
#5478 = ADVANCED_FACE ( 'NONE', ( #5193 ), #1700, .T. ) ;
#5479 = LINE ( 'NONE', #2908, #5081 ) ;
#5480 = PLANE ( 'NONE',  #5177 ) ;
#5481 = CARTESIAN_POINT ( 'NONE',  ( 2.499999999999998668, 0.000000000000000000, 0.1499999999999999667 ) ) ;
#5482 = DIRECTION ( 'NONE',  ( 0.000000000000000000, 0.000000000000000000, -1.000000000000000000 ) ) ;
#5483 = CARTESIAN_POINT ( 'NONE',  ( 2.499999999999998668, 0.8264982043070834283, 0.1499999999999999667 ) ) ;
#5484 = DIRECTION ( 'NONE',  ( -3.942553354492745010E-16, 0.000000000000000000, -1.000000000000000000 ) ) ;
#5485 = CARTESIAN_POINT ( 'NONE',  ( -1.550000000000000266, 4.584062043356594174, -1.199999999999999289 ) ) ;
#5486 = AXIS2_PLACEMENT_3D ( 'NONE', #5331, #1766, #1238 ) ;
#5487 = EDGE_CURVE ( 'NONE', #3781, #1282, #2996, .T. ) ;
#5488 = ORIENTED_EDGE ( 'NONE', *, *, #3684, .F. ) ;
#5489 = DIRECTION ( 'NONE',  ( 0.000000000000000000, -0.000000000000000000, 1.000000000000000000 ) ) ;
#5490 = ORIENTED_EDGE ( 'NONE', *, *, #4993, .F. ) ;
#5491 = ORIENTED_EDGE ( 'NONE', *, *, #3223, .F. ) ;
#5492 = CARTESIAN_POINT ( 'NONE',  ( 0.1500000000000003830, 0.1999999999999999833, -1.949999999999999289 ) ) ;
#5493 = DIRECTION ( 'NONE',  ( -1.000000000000000000, 0.000000000000000000, -0.000000000000000000 ) ) ;
#5494 = EDGE_CURVE ( 'NONE', #5161, #1690, #6078, .T. ) ;
#5495 = VERTEX_POINT ( 'NONE', #671 ) ;
#5496 = DIRECTION ( 'NONE',  ( 1.445602896647339508E-15, -0.000000000000000000, 1.000000000000000000 ) ) ;
#5497 = EDGE_LOOP ( 'NONE', ( #1843, #4527, #1651, #1241 ) ) ;
#5498 = FILL_AREA_STYLE_COLOUR ( '', #5614 ) ;
#5499 = DIRECTION ( 'NONE',  ( 0.000000000000000000, -0.000000000000000000, -1.000000000000000000 ) ) ;
#5500 = STYLED_ITEM ( 'NONE', ( #5788 ), #1443 ) ;
#5501 = CARTESIAN_POINT ( 'NONE',  ( 1.450000000000000400, 0.1999999999999999833, -1.949999999999999289 ) ) ;
#5502 = DIRECTION ( 'NONE',  ( 0.000000000000000000, 0.000000000000000000, -1.000000000000000000 ) ) ;
#5503 = DIRECTION ( 'NONE',  ( -0.000000000000000000, -1.000000000000000000, -0.000000000000000000 ) ) ;
#5504 = PLANE ( 'NONE',  #60 ) ;
#5505 = ORIENTED_EDGE ( 'NONE', *, *, #2127, .T. ) ;
#5506 = ADVANCED_FACE ( 'NONE', ( #1623 ), #5259, .T. ) ;
#5507 = ORIENTED_EDGE ( 'NONE', *, *, #345, .T. ) ;
#5508 = VECTOR ( 'NONE', #4377, 1000.000000000000000 ) ;
#5510 = ORIENTED_EDGE ( 'NONE', *, *, #4923, .T. ) ;
#5509 = AXIS2_PLACEMENT_3D ( 'NONE', #5675, #2071, #6250 ) ;
#5511 = CARTESIAN_POINT ( 'NONE',  ( 0.6500000000000000222, 0.2000000000000000111, 0.000000000000000000 ) ) ;
#5512 = CARTESIAN_POINT ( 'NONE',  ( 1.949999999999998623, 0.000000000000000000, -1.149999999999999911 ) ) ;
#5513 = ORIENTED_EDGE ( 'NONE', *, *, #395, .F. ) ;
#5514 = FACE_OUTER_BOUND ( 'NONE', #6333, .T. ) ;
#5515 = ORIENTED_EDGE ( 'NONE', *, *, #3196, .F. ) ;
#5516 = FACE_OUTER_BOUND ( 'NONE', #3397, .T. ) ;
#5517 = DIRECTION ( 'NONE',  ( 0.000000000000000000, 0.000000000000000000, 1.000000000000000000 ) ) ;
#5518 = LINE ( 'NONE', #2403, #2930 ) ;
#5519 = ORIENTED_EDGE ( 'NONE', *, *, #293, .T. ) ;
#5520 = PRESENTATION_LAYER_ASSIGNMENT (  '', '', ( #1614 ) ) ;
#5521 = EDGE_CURVE ( 'NONE', #885, #5251, #4700, .T. ) ;
#5522 = VERTEX_POINT ( 'NONE', #6344 ) ;
#5523 = DIRECTION ( 'NONE',  ( 0.000000000000000000, -1.000000000000000000, 0.000000000000000000 ) ) ;
#5524 = PLANE ( 'NONE',  #3440 ) ;
#5525 = LINE ( 'NONE', #3797, #1010 ) ;
#5526 = ORIENTED_EDGE ( 'NONE', *, *, #2803, .T. ) ;
#5527 = VECTOR ( 'NONE', #5912, 1000.000000000000000 ) ;
#5528 = PLANE ( 'NONE',  #4224 ) ;
#5529 = DIRECTION ( 'NONE',  ( -7.228014483236699514E-16, 0.000000000000000000, 1.000000000000000000 ) ) ;
#5530 = LINE ( 'NONE', #4120, #1496 ) ;
#5531 = ORIENTED_EDGE ( 'NONE', *, *, #628, .T. ) ;
#5532 = CARTESIAN_POINT ( 'NONE',  ( 1.450000000000000400, 0.2000000000000000111, -1.949999999999999289 ) ) ;
#5533 = ORIENTED_EDGE ( 'NONE', *, *, #6094, .F. ) ;
#5534 = CARTESIAN_POINT ( 'NONE',  ( -1.949999999999998623, 0.8264982043070834283, 0.7999999999999999334 ) ) ;
#5535 = EDGE_CURVE ( 'NONE', #5382, #1865, #5028, .T. ) ;
#5536 = LINE ( 'NONE', #5114, #3829 ) ;
#5537 = MANIFOLD_SOLID_BREP ( 'LPattern3[5]', #5425 ) ;
#5538 = ORIENTED_EDGE ( 'NONE', *, *, #3858, .F. ) ;
#5539 = LINE ( 'NONE', #2806, #6272 ) ;
#5540 = CARTESIAN_POINT ( 'NONE',  ( 2.499999999999998668, 0.2000000000000002054, -0.1499999999999999667 ) ) ;
#5541 = CARTESIAN_POINT ( 'NONE',  ( -1.949999999999998623, 0.000000000000000000, 1.449999999999999956 ) ) ;
#5542 = ORIENTED_EDGE ( 'NONE', *, *, #5472, .T. ) ;
#5543 = LINE ( 'NONE', #2712, #3605 ) ;
#5544 = CIRCLE ( 'NONE', #1566, 0.1999999999999998723 ) ;
#5545 = SURFACE_SIDE_STYLE ('',( #5754 ) ) ;
#5546 = ORIENTED_EDGE ( 'NONE', *, *, #5971, .F. ) ;
#5547 = ADVANCED_FACE ( 'NONE', ( #578 ), #4297, .F. ) ;
#5548 = VERTEX_POINT ( 'NONE', #3239 ) ;
#5549 = DIRECTION ( 'NONE',  ( 0.000000000000000000, 0.000000000000000000, -1.000000000000000000 ) ) ;
#5550 = ORIENTED_EDGE ( 'NONE', *, *, #1293, .T. ) ;
#5551 = LINE ( 'NONE', #3663, #5233 ) ;
#5552 = FACE_OUTER_BOUND ( 'NONE', #1090, .T. ) ;
#5553 = DIRECTION ( 'NONE',  ( -1.000000000000000000, 0.000000000000000000, 7.228014483236697541E-16 ) ) ;
#5554 = EDGE_CURVE ( 'NONE', #1209, #725, #3558, .T. ) ;
#5555 = CARTESIAN_POINT ( 'NONE',  ( 1.450000000000001066, 0.2000000000000005107, 2.500000000000000888 ) ) ;
#5556 = ORIENTED_EDGE ( 'NONE', *, *, #6313, .T. ) ;
#5557 = FACE_OUTER_BOUND ( 'NONE', #3145, .T. ) ;
#5558 = LINE ( 'NONE', #851, #221 ) ;
#5559 = PRESENTATION_STYLE_ASSIGNMENT (( #3119 ) ) ;
#5560 = DIRECTION ( 'NONE',  ( -0.000000000000000000, 0.000000000000000000, 1.000000000000000000 ) ) ;
#5561 = EDGE_CURVE ( 'NONE', #4490, #2584, #4936, .T. ) ;
#5562 = DIRECTION ( 'NONE',  ( -3.942553354492745996E-16, 0.000000000000000000, -1.000000000000000000 ) ) ;
#5563 = AXIS2_PLACEMENT_3D ( 'NONE', #1310, #3843, #3931 ) ;
#5564 = CARTESIAN_POINT ( 'NONE',  ( 1.949999999999998623, 0.1999999999999999833, -0.1499999999999999667 ) ) ;
#5565 = AXIS2_PLACEMENT_3D ( 'NONE', #1309, #4925, #1044 ) ;
#5566 = EDGE_CURVE ( 'NONE', #4986, #2029, #6315, .T. ) ;
#5567 = DIRECTION ( 'NONE',  ( 0.000000000000000000, -1.000000000000000000, 0.000000000000000000 ) ) ;
#5568 = ORIENTED_EDGE ( 'NONE', *, *, #4758, .F. ) ;
#5569 = DIRECTION ( 'NONE',  ( 0.000000000000000000, -1.000000000000000000, 0.000000000000000000 ) ) ;
#5570 = ORIENTED_EDGE ( 'NONE', *, *, #5320, .F. ) ;
#5571 = DIRECTION ( 'NONE',  ( 1.000000000000000000, -0.000000000000000000, 0.000000000000000000 ) ) ;
#5572 = AXIS2_PLACEMENT_3D ( 'NONE', #2738, #5802, #4781 ) ;
#5573 = VERTEX_POINT ( 'NONE', #3851 ) ;
#5574 = VERTEX_POINT ( 'NONE', #4932 ) ;
#5575 = CARTESIAN_POINT ( 'NONE',  ( -2.499999999999998668, 0.8264982043070834283, 0.1499999999999999667 ) ) ;
#5576 = DIRECTION ( 'NONE',  ( -1.000000000000000000, 0.000000000000000000, -7.228014483236698528E-16 ) ) ;
#5577 = CARTESIAN_POINT ( 'NONE',  ( -2.099999999999999645, 0.8000000000000000444, -1.899999999999999911 ) ) ;
#5578 = CARTESIAN_POINT ( 'NONE',  ( -0.1499999999999998557, 0.05000000000000000278, 5.913830031739113078E-17 ) ) ;
#5579 = DIRECTION ( 'NONE',  ( -0.000000000000000000, -1.000000000000000000, -0.000000000000000000 ) ) ;
#5580 = DIRECTION ( 'NONE',  ( -1.000000000000000000, 0.000000000000000000, 3.942553354492744024E-16 ) ) ;
#5581 = DIRECTION ( 'NONE',  ( 0.000000000000000000, -0.000000000000000000, 1.000000000000000000 ) ) ;
#5582 = EDGE_CURVE ( 'NONE', #297, #3107, #58, .T. ) ;
#5583 = DIRECTION ( 'NONE',  ( -0.7071067811865475727, 0.000000000000000000, -0.7071067811865475727 ) ) ;
#5584 = ORIENTED_EDGE ( 'NONE', *, *, #3567, .F. ) ;
#5585 = AXIS2_PLACEMENT_3D ( 'NONE', #5532, #3450, #3984 ) ;
#5586 = VERTEX_POINT ( 'NONE', #4913 ) ;
#5587 = DIRECTION ( 'NONE',  ( -1.000000000000000000, 0.000000000000000000, -0.000000000000000000 ) ) ;
#5588 = DIRECTION ( 'NONE',  ( -1.000000000000000000, 0.000000000000000000, -7.885106708985489034E-17 ) ) ;
#5589 = ORIENTED_EDGE ( 'NONE', *, *, #3656, .F. ) ;
#5590 = LINE ( 'NONE', #654, #4865 ) ;
#5591 = ORIENTED_EDGE ( 'NONE', *, *, #1857, .F. ) ;
#5592 = VECTOR ( 'NONE', #1308, 1000.000000000000000 ) ;
#5593 =( NAMED_UNIT ( * ) PLANE_ANGLE_UNIT ( ) SI_UNIT ( $, .RADIAN. ) );
#5594 = EDGE_CURVE ( 'NONE', #542, #2524, #376, .T. ) ;
#5595 = LINE ( 'NONE', #2375, #1797 ) ;
#5596 = AXIS2_PLACEMENT_3D ( 'NONE', #1442, #5567, #1548 ) ;
#5597 = AXIS2_PLACEMENT_3D ( 'NONE', #1495, #978, #459 ) ;
#5598 = CARTESIAN_POINT ( 'NONE',  ( -1.949999999999998623, 0.2000000000000002054, 0.7999999999999999334 ) ) ;
#5599 = VECTOR ( 'NONE', #970, 1000.000000000000000 ) ;
#5600 = ORIENTED_EDGE ( 'NONE', *, *, #365, .T. ) ;
#5601 = FACE_OUTER_BOUND ( 'NONE', #4474, .T. ) ;
#5602 = DIRECTION ( 'NONE',  ( 0.000000000000000000, -1.000000000000000000, 0.000000000000000000 ) ) ;
#5603 = VECTOR ( 'NONE', #4136, 1000.000000000000000 ) ;
#5604 = VERTEX_POINT ( 'NONE', #769 ) ;
#5605 = CARTESIAN_POINT ( 'NONE',  ( 2.499999999999998668, 0.8264982043070834283, -0.7999999999999999334 ) ) ;
#5606 = ADVANCED_FACE ( 'NONE', ( #1902 ), #3387, .F. ) ;
#5607 = ORIENTED_EDGE ( 'NONE', *, *, #958, .T. ) ;
#5608 = FACE_OUTER_BOUND ( 'NONE', #2749, .T. ) ;
#5609 = CARTESIAN_POINT ( 'NONE',  ( -0.4999999999999995559, 0.2000000000000000111, -1.949999999999999289 ) ) ;
#5610 = AXIS2_PLACEMENT_3D ( 'NONE', #5184, #4153, #2033 ) ;
#5611 = EDGE_CURVE ( 'NONE', #5687, #2907, #4469, .T. ) ;
#5612 = FACE_OUTER_BOUND ( 'NONE', #1773, .T. ) ;
#5613 = ORIENTED_EDGE ( 'NONE', *, *, #3365, .T. ) ;
#5614 = COLOUR_RGB ( '',0.7921568627450980005, 0.8196078431372548767, 0.9333333333333333481 ) ;
#5615 = ORIENTED_EDGE ( 'NONE', *, *, #2549, .T. ) ;
#5616 = DIRECTION ( 'NONE',  ( -3.942553354492744024E-16, -0.000000000000000000, -1.000000000000000000 ) ) ;
#5617 = DIRECTION ( 'NONE',  ( 0.000000000000000000, 0.000000000000000000, -1.000000000000000000 ) ) ;
#5618 = ADVANCED_FACE ( 'NONE', ( #1890 ), #1229, .F. ) ;
#5619 = CARTESIAN_POINT ( 'NONE',  ( 0.5000000000000008882, 0.000000000000000000, 1.949999999999999512 ) ) ;
#5620 = VERTEX_POINT ( 'NONE', #5930 ) ;
#5621 = VECTOR ( 'NONE', #6408, 1000.000000000000000 ) ;
#5622 = COLOUR_RGB ( '',0.7921568627450980005, 0.8196078431372548767, 0.9333333333333333481 ) ;
#5623 = VERTEX_POINT ( 'NONE', #1848 ) ;
#5624 = ORIENTED_EDGE ( 'NONE', *, *, #862, .T. ) ;
#5625 = VECTOR ( 'NONE', #6375, 1000.000000000000000 ) ;
#5626 = EDGE_CURVE ( 'NONE', #328, #1172, #4215, .T. ) ;
#5627 = ORIENTED_EDGE ( 'NONE', *, *, #6232, .T. ) ;
#5628 = LINE ( 'NONE', #4286, #5153 ) ;
#5629 = FACE_OUTER_BOUND ( 'NONE', #2311, .T. ) ;
#5630 = DIRECTION ( 'NONE',  ( -1.000000000000000000, 0.000000000000000000, -0.000000000000000000 ) ) ;
#5631 = ORIENTED_EDGE ( 'NONE', *, *, #4017, .F. ) ;
#5632 = PLANE ( 'NONE',  #5988 ) ;
#5633 = VERTEX_POINT ( 'NONE', #2785 ) ;
#5634 = DIRECTION ( 'NONE',  ( 0.000000000000000000, 0.000000000000000000, -1.000000000000000000 ) ) ;
#5635 = LINE ( 'NONE', #5577, #1433 ) ;
#5636 = PLANE ( 'NONE',  #784 ) ;
#5638 = DIRECTION ( 'NONE',  ( 1.000000000000000000, 0.000000000000000000, 7.228014483236697541E-16 ) ) ;
#5637 = CARTESIAN_POINT ( 'NONE',  ( 0.1500000000000008271, 0.000000000000000000, 1.949999999999999734 ) ) ;
#5639 = DIRECTION ( 'NONE',  ( 1.000000000000000000, 0.000000000000000000, 7.228014483236697541E-16 ) ) ;
#5640 = LINE ( 'NONE', #1602, #4837 ) ;
#5641 = EDGE_CURVE ( 'NONE', #158, #4415, #3486, .T. ) ;
#5642 = DIRECTION ( 'NONE',  ( -7.885106708985489034E-17, 0.000000000000000000, 1.000000000000000000 ) ) ;
#5643 = ADVANCED_FACE ( 'NONE', ( #1221 ), #813, .F. ) ;
#5644 = AXIS2_PLACEMENT_3D ( 'NONE', #3199, #4227, #5769 ) ;
#5645 = AXIS2_PLACEMENT_3D ( 'NONE', #3859, #6509, #337 ) ;
#5646 = CARTESIAN_POINT ( 'NONE',  ( 0.8000000000000008216, 0.1999999999999999833, 1.949999999999999734 ) ) ;
#5647 = ADVANCED_FACE ( 'NONE', ( #3717 ), #3916, .F. ) ;
#5648 = VERTEX_POINT ( 'NONE', #3867 ) ;
#5649 = DIRECTION ( 'NONE',  ( -1.000000000000000000, 0.000000000000000000, -0.000000000000000000 ) ) ;
#5650 = CARTESIAN_POINT ( 'NONE',  ( 2.499999999999998668, 0.2000000000000002054, 0.7999999999999999334 ) ) ;
#5651 = AXIS2_PLACEMENT_3D ( 'NONE', #6517, #4994, #4438 ) ;
#5652 = DIRECTION ( 'NONE',  ( 1.000000000000000000, -0.000000000000000000, 0.000000000000000000 ) ) ;
#5653 = EDGE_CURVE ( 'NONE', #5573, #2464, #2945, .T. ) ;
#5654 = EDGE_LOOP ( 'NONE', ( #2107, #576, #197, #5200 ) ) ;
#5655 = ORIENTED_EDGE ( 'NONE', *, *, #6419, .F. ) ;
#5656 = CARTESIAN_POINT ( 'NONE',  ( -2.499999999999998668, 0.1999999999999999833, 0.1499999999999999667 ) ) ;
#5657 = DIRECTION ( 'NONE',  ( 0.000000000000000000, 0.000000000000000000, 1.000000000000000000 ) ) ;
#5658 = ORIENTED_EDGE ( 'NONE', *, *, #998, .T. ) ;
#5659 = UNCERTAINTY_MEASURE_WITH_UNIT (LENGTH_MEASURE( 1.000000000000000082E-05 ), #4039, 'distance_accuracy_value', 'NONE');
#5660 = ORIENTED_EDGE ( 'NONE', *, *, #757, .T. ) ;
#5661 = DIRECTION ( 'NONE',  ( -0.000000000000000000, -1.000000000000000000, -0.000000000000000000 ) ) ;
#5662 = DIRECTION ( 'NONE',  ( 0.000000000000000000, -1.000000000000000000, 0.000000000000000000 ) ) ;
#5663 = EDGE_CURVE ( 'NONE', #4083, #1692, #4666, .T. ) ;
#5664 = ORIENTED_EDGE ( 'NONE', *, *, #3013, .F. ) ;
#5665 = DIRECTION ( 'NONE',  ( 0.000000000000000000, -1.000000000000000000, 0.000000000000000000 ) ) ;
#5666 = FACE_OUTER_BOUND ( 'NONE', #1609, .T. ) ;
#5667 = DIRECTION ( 'NONE',  ( -0.000000000000000000, -1.000000000000000000, -0.000000000000000000 ) ) ;
#5668 = DIRECTION ( 'NONE',  ( 0.000000000000000000, 1.000000000000000000, 0.000000000000000000 ) ) ;
#5669 = ORIENTED_EDGE ( 'NONE', *, *, #5191, .T. ) ;
#5670 = DIRECTION ( 'NONE',  ( -0.000000000000000000, -1.000000000000000000, -0.000000000000000000 ) ) ;
#5671 = FACE_OUTER_BOUND ( 'NONE', #815, .T. ) ;
#5672 = ORIENTED_EDGE ( 'NONE', *, *, #4864, .T. ) ;
#5673 = CARTESIAN_POINT ( 'NONE',  ( 1.450000000000001066, 0.8264982043070837614, 2.499999999999999556 ) ) ;
#5674 = EDGE_CURVE ( 'NONE', #3172, #4054, #4943, .T. ) ;
#5675 = CARTESIAN_POINT ( 'NONE',  ( -1.949999999999998623, 0.8264982043070834283, 0.1499999999999999667 ) ) ;
#5676 = PRESENTATION_STYLE_ASSIGNMENT (( #2156 ) ) ;
#5677 = EDGE_LOOP ( 'NONE', ( #4148, #1525, #2378, #6576 ) ) ;
#5678 = DIRECTION ( 'NONE',  ( 0.000000000000000000, -1.000000000000000000, 0.000000000000000000 ) ) ;
#5679 = FACE_OUTER_BOUND ( 'NONE', #1512, .T. ) ;
#5680 = ORIENTED_EDGE ( 'NONE', *, *, #3035, .T. ) ;
#5681 = ADVANCED_FACE ( 'NONE', ( #2054 ), #743, .F. ) ;
#5682 = FACE_OUTER_BOUND ( 'NONE', #4321, .T. ) ;
#5683 = LINE ( 'NONE', #3002, #2835 ) ;
#5684 = ORIENTED_EDGE ( 'NONE', *, *, #5164, .T. ) ;
#5685 = EDGE_LOOP ( 'NONE', ( #3477, #1542, #3067, #5135 ) ) ;
#5686 = VECTOR ( 'NONE', #4802, 1000.000000000000000 ) ;
#5687 = VERTEX_POINT ( 'NONE', #2272 ) ;
#5688 = EDGE_CURVE ( 'NONE', #3493, #1209, #6325, .T. ) ;
#5689 = LINE ( 'NONE', #3789, #6186 ) ;
#5690 = VECTOR ( 'NONE', #2385, 1000.000000000000000 ) ;
#5691 = VERTEX_POINT ( 'NONE', #6533 ) ;
#5692 = AXIS2_PLACEMENT_3D ( 'NONE', #1210, #6390, #5343 ) ;
#5693 = AXIS2_PLACEMENT_3D ( 'NONE', #2626, #574, #3687 ) ;
#5694 = ORIENTED_EDGE ( 'NONE', *, *, #1198, .F. ) ;
#5695 = PLANE ( 'NONE',  #1686 ) ;
#5696 = CARTESIAN_POINT ( 'NONE',  ( -1.949999999999998623, 0.2000000000000002054, -1.449999999999999956 ) ) ;
#5697 = ORIENTED_EDGE ( 'NONE', *, *, #5096, .T. ) ;
#5698 = FACE_OUTER_BOUND ( 'NONE', #5760, .T. ) ;
#5699 = PLANE ( 'NONE',  #1115 ) ;
#5700 = VECTOR ( 'NONE', #5652, 1000.000000000000000 ) ;
#5701 = DIRECTION ( 'NONE',  ( 1.000000000000000000, 0.000000000000000000, 0.000000000000000000 ) ) ;
#5702 = DIRECTION ( 'NONE',  ( 0.000000000000000000, 0.000000000000000000, -1.000000000000000000 ) ) ;
#5703 = ORIENTED_EDGE ( 'NONE', *, *, #4598, .T. ) ;
#5704 = LINE ( 'NONE', #4934, #2303 ) ;
#5706 =( LENGTH_UNIT ( ) NAMED_UNIT ( * ) SI_UNIT ( .MILLI., .METRE. ) );
#5705 = CARTESIAN_POINT ( 'NONE',  ( 0.1500000000000003830, 0.2000000000000000111, -1.949999999999999289 ) ) ;
#5707 = VERTEX_POINT ( 'NONE', #399 ) ;
#5708 = VECTOR ( 'NONE', #112, 1000.000000000000000 ) ;
#5709 = EDGE_CURVE ( 'NONE', #331, #3588, #4071, .T. ) ;
#5710 = VECTOR ( 'NONE', #1853, 1000.000000000000000 ) ;
#5711 = ORIENTED_EDGE ( 'NONE', *, *, #5363, .T. ) ;
#5712 = ORIENTED_EDGE ( 'NONE', *, *, #3231, .T. ) ;
#5713 = VECTOR ( 'NONE', #1869, 1000.000000000000000 ) ;
#5714 = EDGE_LOOP ( 'NONE', ( #1987, #3968 ) ) ;
#5715 = VECTOR ( 'NONE', #5523, 1000.000000000000000 ) ;
#5716 = VECTOR ( 'NONE', #2040, 1000.000000000000000 ) ;
#5717 = EDGE_CURVE ( 'NONE', #838, #929, #6016, .T. ) ;
#5718 = ORIENTED_EDGE ( 'NONE', *, *, #688, .T. ) ;
#5719 = PRESENTATION_STYLE_ASSIGNMENT (( #5832 ) ) ;
#5720 = VECTOR ( 'NONE', #3098, 1000.000000000000000 ) ;
#5721 = DIRECTION ( 'NONE',  ( 0.000000000000000000, -0.000000000000000000, 1.000000000000000000 ) ) ;
#5722 = ADVANCED_FACE ( 'NONE', ( #120 ), #2919, .F. ) ;
#5723 = EDGE_CURVE ( 'NONE', #976, #1784, #3415, .T. ) ;
#5724 = VECTOR ( 'NONE', #3593, 1000.000000000000000 ) ;
#5726 = CARTESIAN_POINT ( 'NONE',  ( 1.150000000000000355, 0.000000000000000000, -2.499999999999999112 ) ) ;
#5725 = DIRECTION ( 'NONE',  ( 3.942553354492744024E-16, 0.000000000000000000, 1.000000000000000000 ) ) ;
#5727 = CARTESIAN_POINT ( 'NONE',  ( -0.4999999999999989453, 0.000000000000000000, 2.499999999999999556 ) ) ;
#5728 = CARTESIAN_POINT ( 'NONE',  ( -2.099999999999999645, 0.6999999999999999556, -1.899999999999999911 ) ) ;
#5729 = EDGE_CURVE ( 'NONE', #4220, #4034, #1981, .T. ) ;
#5730 = ORIENTED_EDGE ( 'NONE', *, *, #5487, .T. ) ;
#5731 = VERTEX_POINT ( 'NONE', #3480 ) ;
#5732 = DIRECTION ( 'NONE',  ( 1.000000000000000000, -0.000000000000000000, 0.000000000000000000 ) ) ;
#5733 = ORIENTED_EDGE ( 'NONE', *, *, #2565, .F. ) ;
#5734 = DIRECTION ( 'NONE',  ( 0.000000000000000000, 0.000000000000000000, -1.000000000000000000 ) ) ;
#5735 = ORIENTED_EDGE ( 'NONE', *, *, #5792, .F. ) ;
#5736 = CARTESIAN_POINT ( 'NONE',  ( -0.7999999999999988232, 0.000000000000000000, 2.499999999999999112 ) ) ;
#5737 = AXIS2_PLACEMENT_3D ( 'NONE', #91, #650, #6293 ) ;
#5738 = EDGE_CURVE ( 'NONE', #476, #2195, #1169, .T. ) ;
#5739 = CARTESIAN_POINT ( 'NONE',  ( 1.949999999999998623, 0.8264982043070834283, -1.449999999999999956 ) ) ;
#5740 = CARTESIAN_POINT ( 'NONE',  ( -1.949999999999998623, 0.05000000000000023870, 0.1499999999999999667 ) ) ;
#5741 = DIRECTION ( 'NONE',  ( -1.000000000000000000, 0.000000000000000000, 3.942553354492744024E-16 ) ) ;
#5742 = ADVANCED_FACE ( 'NONE', ( #3507, #1014 ), #5524, .F. ) ;
#5743 = AXIS2_PLACEMENT_3D ( 'NONE', #5839, #1684, #3765 ) ;
#5744 = EDGE_CURVE ( 'NONE', #3460, #1132, #521, .T. ) ;
#5745 = VERTEX_POINT ( 'NONE', #3953 ) ;
#5746 = CARTESIAN_POINT ( 'NONE',  ( -2.499999999999998668, 0.04999999999999991257, -0.7999999999999999334 ) ) ;
#5747 = LINE ( 'NONE', #1782, #5508 ) ;
#5748 = EDGE_LOOP ( 'NONE', ( #2367, #2594, #5771, #3379 ) ) ;
#5749 = VECTOR ( 'NONE', #1155, 1000.000000000000000 ) ;
#5750 = ORIENTED_EDGE ( 'NONE', *, *, #1519, .F. ) ;
#5751 = FACE_OUTER_BOUND ( 'NONE', #1627, .T. ) ;
#5752 = ORIENTED_EDGE ( 'NONE', *, *, #2533, .F. ) ;
#5753 = DIRECTION ( 'NONE',  ( -1.000000000000000000, 0.000000000000000000, 7.228014483236697541E-16 ) ) ;
#5754 = SURFACE_STYLE_FILL_AREA ( #2941 ) ;
#5755 = DIRECTION ( 'NONE',  ( 0.000000000000000000, 1.000000000000000000, 0.000000000000000000 ) ) ;
#5756 = PLANE ( 'NONE',  #3472 ) ;
#5757 = EDGE_CURVE ( 'NONE', #5977, #5773, #1570, .T. ) ;
#5758 = EDGE_CURVE ( 'NONE', #444, #2633, #6495, .T. ) ;
#5759 = DIRECTION ( 'NONE',  ( -1.000000000000000000, -0.000000000000000000, -0.000000000000000000 ) ) ;
#5760 = EDGE_LOOP ( 'NONE', ( #6131, #2666, #3163, #6677 ) ) ;
#5761 = FACE_OUTER_BOUND ( 'NONE', #755, .T. ) ;
#5762 = VECTOR ( 'NONE', #718, 1000.000000000000000 ) ;
#5763 = VERTEX_POINT ( 'NONE', #3977 ) ;
#5764 = ORIENTED_EDGE ( 'NONE', *, *, #3355, .T. ) ;
#5765 = DIRECTION ( 'NONE',  ( -1.000000000000000000, 0.000000000000000000, 0.000000000000000000 ) ) ;
#5766 = CARTESIAN_POINT ( 'NONE',  ( 1.949999999999998623, 0.05000000000000023870, 0.5000000000000000000 ) ) ;
#5767 =( GEOMETRIC_REPRESENTATION_CONTEXT ( 3 ) GLOBAL_UNCERTAINTY_ASSIGNED_CONTEXT ( ( #961 ) ) GLOBAL_UNIT_ASSIGNED_CONTEXT ( ( #531, #4130, #1056 ) ) REPRESENTATION_CONTEXT ( 'NONE', 'WORKASPACE' ) );
#5768 = VECTOR ( 'NONE', #1464, 1000.000000000000000 ) ;
#5769 = DIRECTION ( 'NONE',  ( 0.000000000000000000, 0.000000000000000000, -1.000000000000000000 ) ) ;
#5770 = LINE ( 'NONE', #5012, #196 ) ;
#5771 = ORIENTED_EDGE ( 'NONE', *, *, #2583, .T. ) ;
#5772 = FACE_OUTER_BOUND ( 'NONE', #2649, .T. ) ;
#5773 = VERTEX_POINT ( 'NONE', #6029 ) ;
#5774 = ORIENTED_EDGE ( 'NONE', *, *, #6063, .F. ) ;
#5775 = SURFACE_STYLE_FILL_AREA ( #3764 ) ;
#5776 = CARTESIAN_POINT ( 'NONE',  ( -2.499999999999997780, 0.2000000000000005107, 0.8000000000000001554 ) ) ;
#5777 = VECTOR ( 'NONE', #5329, 1000.000000000000000 ) ;
#5778 = MECHANICAL_DESIGN_GEOMETRIC_PRESENTATION_REPRESENTATION (  '', ( #5185 ), #1704 ) ;
#5779 = ORIENTED_EDGE ( 'NONE', *, *, #708, .T. ) ;
#5780 = EDGE_CURVE ( 'NONE', #3865, #976, #605, .T. ) ;
#5781 = ORIENTED_EDGE ( 'NONE', *, *, #3214, .F. ) ;
#5782 = CARTESIAN_POINT ( 'NONE',  ( -0.1499999999999990785, 0.2000000000000000111, 1.949999999999999512 ) ) ;
#5783 = ADVANCED_FACE ( 'NONE', ( #274 ), #4009, .F. ) ;
#5784 = VERTEX_POINT ( 'NONE', #2448 ) ;
#5785 = DIRECTION ( 'NONE',  ( 1.000000000000000000, -0.000000000000000000, 0.000000000000000000 ) ) ;
#5786 = VECTOR ( 'NONE', #4343, 1000.000000000000000 ) ;
#5787 = CARTESIAN_POINT ( 'NONE',  ( 0.000000000000000000, 0.05000000000000000278, 0.1499999999999999667 ) ) ;
#5788 = PRESENTATION_STYLE_ASSIGNMENT (( #3118 ) ) ;
#5789 = VECTOR ( 'NONE', #4915, 1000.000000000000000 ) ;
#5790 = DIRECTION ( 'NONE',  ( 0.000000000000000000, -1.000000000000000000, 0.000000000000000000 ) ) ;
#5791 = EDGE_CURVE ( 'NONE', #6174, #1304, #5770, .T. ) ;
#5792 = EDGE_CURVE ( 'NONE', #1436, #6434, #682, .T. ) ;
#5793 = ORIENTED_EDGE ( 'NONE', *, *, #3108, .T. ) ;
#5794 = VECTOR ( 'NONE', #6027, 1000.000000000000000 ) ;
#5795 = CARTESIAN_POINT ( 'NONE',  ( -0.1499999999999990785, 0.000000000000000000, 1.949999999999999512 ) ) ;
#5796 = VECTOR ( 'NONE', #585, 1000.000000000000000 ) ;
#5797 = CARTESIAN_POINT ( 'NONE',  ( 0.000000000000000000, 0.000000000000000000, 0.000000000000000000 ) ) ;
#5798 = ORIENTED_EDGE ( 'NONE', *, *, #4993, .T. ) ;
#5799 = LINE ( 'NONE', #2527, #4428 ) ;
#5800 = DIRECTION ( 'NONE',  ( -1.000000000000000000, 0.000000000000000000, 7.228014483236699514E-16 ) ) ;
#5801 = CARTESIAN_POINT ( 'NONE',  ( 0.8000000000000003775, 0.2000000000000000111, -1.949999999999999289 ) ) ;
#5802 = DIRECTION ( 'NONE',  ( 0.000000000000000000, -1.000000000000000000, 0.000000000000000000 ) ) ;
#5803 = DIRECTION ( 'NONE',  ( -7.228014483236697541E-16, 0.000000000000000000, -1.000000000000000000 ) ) ;
#5804 = EDGE_CURVE ( 'NONE', #6617, #6253, #3901, .T. ) ;
#5805 = CARTESIAN_POINT ( 'NONE',  ( -0.4999999999999995559, 0.04999999999999999584, -1.949999999999999289 ) ) ;
#5806 = ORIENTED_EDGE ( 'NONE', *, *, #4730, .T. ) ;
#5807 = EDGE_LOOP ( 'NONE', ( #4312, #3960, #4857, #3320 ) ) ;
#5808 = DIRECTION ( 'NONE',  ( 0.000000000000000000, 1.000000000000000000, 0.000000000000000000 ) ) ;
#5809 = CARTESIAN_POINT ( 'NONE',  ( 0.8000000000000003775, 0.2000000000000000111, -1.949999999999999289 ) ) ;
#5810 = ORIENTED_EDGE ( 'NONE', *, *, #2989, .F. ) ;
#5811 = ADVANCED_FACE ( 'NONE', ( #2052 ), #922, .F. ) ;
#5812 = EDGE_CURVE ( 'NONE', #181, #4437, #3020, .T. ) ;
#5813 = ORIENTED_EDGE ( 'NONE', *, *, #1160, .F. ) ;
#5814 = SURFACE_SIDE_STYLE ('',( #2480 ) ) ;
#5815 = ORIENTED_EDGE ( 'NONE', *, *, #1720, .T. ) ;
#5816 = CARTESIAN_POINT ( 'NONE',  ( -1.449999999999999512, 0.2000000000000000111, -1.949999999999999067 ) ) ;
#5817 = PLANE ( 'NONE',  #1880 ) ;
#5818 = FILL_AREA_STYLE ('',( #6318 ) ) ;
#5819 = CARTESIAN_POINT ( 'NONE',  ( 1.549999999999999600, 4.584062043356594174, 1.550000000000000488 ) ) ;
#5820 = CARTESIAN_POINT ( 'NONE',  ( -0.1499999999999990785, 0.2000000000000000111, 1.949999999999999512 ) ) ;
#5821 = EDGE_CURVE ( 'NONE', #1134, #3692, #5850, .T. ) ;
#5822 = ORIENTED_EDGE ( 'NONE', *, *, #426, .F. ) ;
#5823 = DIRECTION ( 'NONE',  ( -0.000000000000000000, -1.000000000000000000, -0.000000000000000000 ) ) ;
#5824 = VERTEX_POINT ( 'NONE', #1536 ) ;
#5825 = CARTESIAN_POINT ( 'NONE',  ( -1.449999999999999067, 0.000000000000000000, 1.949999999999999512 ) ) ;
#5826 = DIRECTION ( 'NONE',  ( 0.000000000000000000, 1.000000000000000000, 0.000000000000000000 ) ) ;
#5827 = COLOUR_RGB ( '',0.7921568627450980005, 0.8196078431372548767, 0.9333333333333333481 ) ;
#5828 = ORIENTED_EDGE ( 'NONE', *, *, #2588, .F. ) ;
#5829 = LINE ( 'NONE', #3544, #1876 ) ;
#5830 = EDGE_CURVE ( 'NONE', #3087, #2752, #6107, .T. ) ;
#5831 = PLANE ( 'NONE',  #3895 ) ;
#5832 = SURFACE_STYLE_USAGE ( .BOTH. , #5814 ) ;
#5833 = ORIENTED_EDGE ( 'NONE', *, *, #676, .F. ) ;
#5834 = COLOUR_RGB ( '',0.2509803921568627416, 0.2509803921568627416, 0.2509803921568627416 ) ;
#5835 = EDGE_LOOP ( 'NONE', ( #1206, #1716, #1149, #2729 ) ) ;
#5836 = LINE ( 'NONE', #329, #4629 ) ;
#5837 = LINE ( 'NONE', #2315, #6007 ) ;
#5838 = CARTESIAN_POINT ( 'NONE',  ( -0.7999999999999988232, 0.2000000000000000111, 2.499999999999999112 ) ) ;
#5840 = ORIENTED_EDGE ( 'NONE', *, *, #862, .F. ) ;
#5839 = CARTESIAN_POINT ( 'NONE',  ( 0.000000000000000000, 0.2000000000000000111, 0.000000000000000000 ) ) ;
#5841 = ORIENTED_EDGE ( 'NONE', *, *, #4390, .F. ) ;
#5842 = AXIS2_PLACEMENT_3D ( 'NONE', #5167, #2057, #481 ) ;
#5843 = PLANE ( 'NONE',  #3880 ) ;
#5844 = ADVANCED_FACE ( 'NONE', ( #2217 ), #4076, .F. ) ;
#5845 = LINE ( 'NONE', #6464, #2049 ) ;
#5846 = ORIENTED_EDGE ( 'NONE', *, *, #3714, .T. ) ;
#5847 = VECTOR ( 'NONE', #4680, 1000.000000000000000 ) ;
#5848 = PRODUCT_CONTEXT ( 'NONE', #4281, 'mechanical' ) ;
#5849 = CARTESIAN_POINT ( 'NONE',  ( 0.000000000000000000, 0.2000000000000000111, 0.000000000000000000 ) ) ;
#5850 = LINE ( 'NONE', #4106, #3101 ) ;
#5851 = ORIENTED_EDGE ( 'NONE', *, *, #330, .F. ) ;
#5852 = ORIENTED_EDGE ( 'NONE', *, *, #1340, .F. ) ;
#5853 =( LENGTH_UNIT ( ) NAMED_UNIT ( * ) SI_UNIT ( .MILLI., .METRE. ) );
#5854 = VERTEX_POINT ( 'NONE', #2571 ) ;
#5855 = LINE ( 'NONE', #3917, #527 ) ;
#5856 = LINE ( 'NONE', #3499, #1576 ) ;
#5857 = DIRECTION ( 'NONE',  ( 0.000000000000000000, -1.000000000000000000, 0.000000000000000000 ) ) ;
#5858 = EDGE_LOOP ( 'NONE', ( #2191, #3628, #3350, #2710 ) ) ;
#5859 = LINE ( 'NONE', #1296, #1248 ) ;
#5860 = AXIS2_PLACEMENT_3D ( 'NONE', #535, #489, #1549 ) ;
#5861 = ORIENTED_EDGE ( 'NONE', *, *, #4909, .T. ) ;
#5862 = CARTESIAN_POINT ( 'NONE',  ( -2.499999999999997780, 0.8000000000000003775, 2.500000000000001332 ) ) ;
#5863 = FACE_OUTER_BOUND ( 'NONE', #6086, .T. ) ;
#5864 = ORIENTED_EDGE ( 'NONE', *, *, #5417, .F. ) ;
#5865 = ORIENTED_EDGE ( 'NONE', *, *, #449, .T. ) ;
#5866 = DIRECTION ( 'NONE',  ( -1.000000000000000000, -0.000000000000000000, -0.000000000000000000 ) ) ;
#5867 = DIRECTION ( 'NONE',  ( 0.000000000000000000, 0.000000000000000000, -1.000000000000000000 ) ) ;
#5868 = ORIENTED_EDGE ( 'NONE', *, *, #2316, .F. ) ;
#5869 = VECTOR ( 'NONE', #5188, 1000.000000000000000 ) ;
#5870 = AXIS2_PLACEMENT_3D ( 'NONE', #1294, #4868, #1796 ) ;
#5871 = EDGE_CURVE ( 'NONE', #2983, #6235, #1730, .T. ) ;
#5872 = VECTOR ( 'NONE', #909, 1000.000000000000000 ) ;
#5873 = DIRECTION ( 'NONE',  ( -0.000000000000000000, -1.000000000000000000, -0.000000000000000000 ) ) ;
#5874 = DIRECTION ( 'NONE',  ( 0.000000000000000000, 0.000000000000000000, -1.000000000000000000 ) ) ;
#5875 = ORIENTED_EDGE ( 'NONE', *, *, #3793, .T. ) ;
#5876 = FACE_OUTER_BOUND ( 'NONE', #6476, .T. ) ;
#5877 = DIRECTION ( 'NONE',  ( -0.000000000000000000, -1.000000000000000000, -0.000000000000000000 ) ) ;
#5878 = PRESENTATION_LAYER_ASSIGNMENT (  '', '', ( #5235 ) ) ;
#5879 = EDGE_CURVE ( 'NONE', #826, #4437, #1648, .T. ) ;
#5880 = CARTESIAN_POINT ( 'NONE',  ( -0.7999999999999990452, 0.2000000000000000111, 1.949999999999999512 ) ) ;
#5881 = DIRECTION ( 'NONE',  ( -1.000000000000000000, 0.000000000000000000, 8.673617379884035472E-17 ) ) ;
#5882 = ADVANCED_FACE ( 'NONE', ( #5612 ), #1485, .T. ) ;
#5883 = VECTOR ( 'NONE', #55, 1000.000000000000000 ) ;
#5884 = CARTESIAN_POINT ( 'NONE',  ( 0.000000000000000000, 0.2000000000000000111, 0.000000000000000000 ) ) ;
#5885 = CARTESIAN_POINT ( 'NONE',  ( -1.949999999999998623, 0.8264982043070834283, -0.7999999999999999334 ) ) ;
#5886 = ORIENTED_EDGE ( 'NONE', *, *, #3936, .F. ) ;
#5887 = CARTESIAN_POINT ( 'NONE',  ( -1.949999999999998623, 0.8264982043070834283, 1.449999999999999956 ) ) ;
#5888 = SURFACE_SIDE_STYLE ('',( #3839 ) ) ;
#5889 = ORIENTED_EDGE ( 'NONE', *, *, #5256, .T. ) ;
#5890 = CARTESIAN_POINT ( 'NONE',  ( -0.7999999999999994893, 0.000000000000000000, -1.949999999999999067 ) ) ;
#5891 = EDGE_CURVE ( 'NONE', #131, #1043, #5530, .T. ) ;
#5892 = ORIENTED_EDGE ( 'NONE', *, *, #4841, .T. ) ;
#5893 = ORIENTED_EDGE ( 'NONE', *, *, #4422, .T. ) ;
#5894 = ORIENTED_EDGE ( 'NONE', *, *, #1160, .T. ) ;
#5895 = PLANE ( 'NONE',  #5340 ) ;
#5896 = AXIS2_PLACEMENT_3D ( 'NONE', #6159, #6117, #3054 ) ;
#5897 = DIRECTION ( 'NONE',  ( 0.000000000000000000, 0.000000000000000000, 1.000000000000000000 ) ) ;
#5898 = CARTESIAN_POINT ( 'NONE',  ( 1.949999999999998623, 0.000000000000000000, -0.5000000000000000000 ) ) ;
#5899 = CARTESIAN_POINT ( 'NONE',  ( 0.000000000000000000, 0.2000000000000000111, 0.000000000000000000 ) ) ;
#5900 = CARTESIAN_POINT ( 'NONE',  ( 0.8000000000000008216, 0.1999999999999999833, 1.949999999999999734 ) ) ;
#5901 = AXIS2_PLACEMENT_3D ( 'NONE', #6128, #1986, #1463 ) ;
#5902 = MECHANICAL_DESIGN_GEOMETRIC_PRESENTATION_REPRESENTATION (  '', ( #4525 ), #3049 ) ;
#5903 = EDGE_CURVE ( 'NONE', #1734, #6491, #4884, .T. ) ;
#5904 = DIRECTION ( 'NONE',  ( 1.000000000000000000, -0.000000000000000000, 0.000000000000000000 ) ) ;
#5905 =( LENGTH_UNIT ( ) NAMED_UNIT ( * ) SI_UNIT ( .MILLI., .METRE. ) );
#5906 = CARTESIAN_POINT ( 'NONE',  ( 0.5000000000000004441, 0.2000000000000000111, -1.949999999999999067 ) ) ;
#5907 = ORIENTED_EDGE ( 'NONE', *, *, #6527, .T. ) ;
#5908 = VECTOR ( 'NONE', #4851, 1000.000000000000000 ) ;
#5909 = CARTESIAN_POINT ( 'NONE',  ( 1.949999999999998623, 0.1999999999999999833, -1.449999999999999956 ) ) ;
#5910 = ORIENTED_EDGE ( 'NONE', *, *, #3232, .F. ) ;
#5911 = ADVANCED_FACE ( 'NONE', ( #2689 ), #450, .T. ) ;
#5912 = DIRECTION ( 'NONE',  ( -1.000000000000000000, 0.000000000000000000, 0.000000000000000000 ) ) ;
#5913 = EDGE_CURVE ( 'NONE', #1254, #356, #2939, .T. ) ;
#5914 = ORIENTED_EDGE ( 'NONE', *, *, #3231, .F. ) ;
#5915 = CARTESIAN_POINT ( 'NONE',  ( 2.500000000000002220, 0.8000000000000003775, 2.500000000000000888 ) ) ;
#5916 = CLOSED_SHELL ( 'NONE', ( #5911, #1924, #6140, #3370, #4600, #5339 ) ) ;
#5917 = VECTOR ( 'NONE', #4949, 1000.000000000000000 ) ;
#5918 = CARTESIAN_POINT ( 'NONE',  ( 1.949999999999998623, 0.8264982043070834283, 1.149999999999999911 ) ) ;
#5919 = PLANE ( 'NONE',  #3135 ) ;
#5920 = SURFACE_STYLE_USAGE ( .BOTH. , #301 ) ;
#5921 = LINE ( 'NONE', #1885, #4551 ) ;
#5922 = ORIENTED_EDGE ( 'NONE', *, *, #6466, .F. ) ;
#5923 = VECTOR ( 'NONE', #5400, 1000.000000000000000 ) ;
#5924 = PLANE ( 'NONE',  #1811 ) ;
#5925 = DIRECTION ( 'NONE',  ( 0.000000000000000000, 0.000000000000000000, -1.000000000000000000 ) ) ;
#5926 = COLOUR_RGB ( '',0.7921568627450980005, 0.8196078431372548767, 0.9333333333333333481 ) ;
#5927 = EDGE_LOOP ( 'NONE', ( #1075, #4765, #1498, #2870 ) ) ;
#5928 = ORIENTED_EDGE ( 'NONE', *, *, #1847, .T. ) ;
#5929 = EDGE_CURVE ( 'NONE', #5648, #2861, #2143, .T. ) ;
#5930 = CARTESIAN_POINT ( 'NONE',  ( 0.5000000000000008882, 0.2000000000000000111, 1.949999999999999512 ) ) ;
#5931 = VECTOR ( 'NONE', #5503, 1000.000000000000000 ) ;
#5932 = CARTESIAN_POINT ( 'NONE',  ( 1.150000000000000799, 0.8264982043070837614, 1.949999999999999512 ) ) ;
#5933 = LINE ( 'NONE', #386, #6347 ) ;
#5934 = CARTESIAN_POINT ( 'NONE',  ( -0.1499999999999988842, 0.000000000000000000, 2.499999999999999112 ) ) ;
#5935 = VECTOR ( 'NONE', #5502, 1000.000000000000000 ) ;
#5936 = AXIS2_PLACEMENT_3D ( 'NONE', #3940, #1332, #6470 ) ;
#5937 = ORIENTED_EDGE ( 'NONE', *, *, #487, .F. ) ;
#5938 = VECTOR ( 'NONE', #6605, 1000.000000000000000 ) ;
#5939 = CARTESIAN_POINT ( 'NONE',  ( 0.000000000000000000, 0.05000000000000000278, 1.449999999999999956 ) ) ;
#5940 = EDGE_LOOP ( 'NONE', ( #781, #3254, #3645, #6388 ) ) ;
#5941 = ORIENTED_EDGE ( 'NONE', *, *, #4131, .T. ) ;
#5942 = VECTOR ( 'NONE', #2822, 1000.000000000000000 ) ;
#5943 = DIRECTION ( 'NONE',  ( 0.000000000000000000, -1.000000000000000000, 0.000000000000000000 ) ) ;
#5944 = LINE ( 'NONE', #616, #6586 ) ;
#5945 = ORIENTED_EDGE ( 'NONE', *, *, #3820, .T. ) ;
#5946 = ORIENTED_EDGE ( 'NONE', *, *, #293, .F. ) ;
#5947 = EDGE_LOOP ( 'NONE', ( #296, #5192, #1367, #6077 ) ) ;
#5948 = FACE_OUTER_BOUND ( 'NONE', #5959, .T. ) ;
#5949 = EDGE_CURVE ( 'NONE', #1318, #193, #4725, .T. ) ;
#5950 = ORIENTED_EDGE ( 'NONE', *, *, #2014, .T. ) ;
#5951 = LINE ( 'NONE', #1693, #1513 ) ;
#5952 = PLANE ( 'NONE',  #760 ) ;
#5953 = UNCERTAINTY_MEASURE_WITH_UNIT (LENGTH_MEASURE( 1.000000000000000082E-05 ), #1666, 'distance_accuracy_value', 'NONE');
#5954 = DIRECTION ( 'NONE',  ( -1.000000000000000000, 0.000000000000000000, -0.000000000000000000 ) ) ;
#5955 = DIRECTION ( 'NONE',  ( -6.994852725712932707E-17, 0.000000000000000000, 1.000000000000000000 ) ) ;
#5956 = PRESENTATION_LAYER_ASSIGNMENT (  '', '', ( #1410 ) ) ;
#5957 = AXIS2_PLACEMENT_3D ( 'NONE', #2488, #6157, #6085 ) ;
#5958 = ADVANCED_FACE ( 'NONE', ( #3344 ), #4582, .T. ) ;
#5959 = EDGE_LOOP ( 'NONE', ( #3296, #5456, #1240, #5269 ) ) ;
#5960 = DIRECTION ( 'NONE',  ( -1.000000000000000000, 0.000000000000000000, 7.228014483236697541E-16 ) ) ;
#5961 = PLANE ( 'NONE',  #2270 ) ;
#5962 = ORIENTED_EDGE ( 'NONE', *, *, #5402, .F. ) ;
#5963 = VECTOR ( 'NONE', #5979, 1000.000000000000000 ) ;
#5964 = LINE ( 'NONE', #2121, #1919 ) ;
#5965 = CARTESIAN_POINT ( 'NONE',  ( -1.949999999999998623, 0.8264982043070834283, 0.7999999999999999334 ) ) ;
#5966 = DIRECTION ( 'NONE',  ( -1.000000000000000000, 0.000000000000000000, 8.673617379884035472E-17 ) ) ;
#5967 = EDGE_CURVE ( 'NONE', #3160, #108, #3587, .T. ) ;
#5968 = DIRECTION ( 'NONE',  ( 1.000000000000000000, -0.000000000000000000, 0.000000000000000000 ) ) ;
#5969 = ORIENTED_EDGE ( 'NONE', *, *, #143, .F. ) ;
#5970 = CARTESIAN_POINT ( 'NONE',  ( -1.449999999999999067, 0.05000000000000000278, 2.500000000000001332 ) ) ;
#5971 = EDGE_CURVE ( 'NONE', #3576, #5421, #3260, .T. ) ;
#5972 = FILL_AREA_STYLE_COLOUR ( '', #25 ) ;
#5973 = CARTESIAN_POINT ( 'NONE',  ( -0.4999999999999995559, 0.000000000000000000, -2.499999999999999556 ) ) ;
#5974 = CARTESIAN_POINT ( 'NONE',  ( -1.550000000000000266, 0.1999999999999996503, -1.199999999999999289 ) ) ;
#5975 = ORIENTED_EDGE ( 'NONE', *, *, #3784, .F. ) ;
#5976 = PLANE ( 'NONE',  #1927 ) ;
#5977 = VERTEX_POINT ( 'NONE', #3555 ) ;
#5978 = ORIENTED_EDGE ( 'NONE', *, *, #4102, .F. ) ;
#5979 = DIRECTION ( 'NONE',  ( -1.000000000000000000, 0.000000000000000000, 7.228014483236697541E-16 ) ) ;
#5980 = CARTESIAN_POINT ( 'NONE',  ( -1.149999999999999023, 0.2000000000000000111, 1.949999999999999734 ) ) ;
#5981 = CARTESIAN_POINT ( 'NONE',  ( 1.300000000000000044, 0.2000000000000000111, 0.000000000000000000 ) ) ;
#5982 = ORIENTED_EDGE ( 'NONE', *, *, #5535, .T. ) ;
#5983 = DIRECTION ( 'NONE',  ( 0.7071067811865474617, 0.000000000000000000, -0.7071067811865474617 ) ) ;
#5984 =( LENGTH_UNIT ( ) NAMED_UNIT ( * ) SI_UNIT ( .MILLI., .METRE. ) );
#5985 = ADVANCED_FACE ( 'NONE', ( #5287 ), #510, .F. ) ;
#5986 = EDGE_CURVE ( 'NONE', #1179, #3608, #847, .T. ) ;
#5987 = DIRECTION ( 'NONE',  ( -1.000000000000000000, 0.000000000000000000, 3.942553354492744024E-16 ) ) ;
#5988 = AXIS2_PLACEMENT_3D ( 'NONE', #3456, #940, #4505 ) ;
#5989 =( NAMED_UNIT ( * ) PLANE_ANGLE_UNIT ( ) SI_UNIT ( $, .RADIAN. ) );
#5990 = DIRECTION ( 'NONE',  ( 1.000000000000000000, 0.000000000000000000, 7.228014483236697541E-16 ) ) ;
#5991 = VERTEX_POINT ( 'NONE', #2137 ) ;
#5992 = DIRECTION ( 'NONE',  ( -7.228014483236697541E-16, 0.000000000000000000, 1.000000000000000000 ) ) ;
#5993 = ORIENTED_EDGE ( 'NONE', *, *, #3581, .T. ) ;
#5994 = ORIENTED_EDGE ( 'NONE', *, *, #1867, .T. ) ;
#5995 = AXIS2_PLACEMENT_3D ( 'NONE', #2197, #1190, #639 ) ;
#5996 = EDGE_CURVE ( 'NONE', #1172, #1723, #1161, .T. ) ;
#5997 = ORIENTED_EDGE ( 'NONE', *, *, #3331, .F. ) ;
#5998 = DIRECTION ( 'NONE',  ( 3.942553354492744024E-16, -0.000000000000000000, 1.000000000000000000 ) ) ;
#5999 = VECTOR ( 'NONE', #5145, 1000.000000000000000 ) ;
#6000 = DIRECTION ( 'NONE',  ( 0.000000000000000000, 1.000000000000000000, 0.000000000000000000 ) ) ;
#6001 = DIRECTION ( 'NONE',  ( 0.000000000000000000, 0.000000000000000000, -1.000000000000000000 ) ) ;
#6002 = ORIENTED_EDGE ( 'NONE', *, *, #5004, .F. ) ;
#6003 = CARTESIAN_POINT ( 'NONE',  ( -2.499999999999998668, 0.8264982043070834283, -0.5000000000000000000 ) ) ;
#6004 = VECTOR ( 'NONE', #6049, 1000.000000000000000 ) ;
#6005 = VERTEX_POINT ( 'NONE', #1629 ) ;
#6006 = LINE ( 'NONE', #5261, #2294 ) ;
#6007 = VECTOR ( 'NONE', #4448, 1000.000000000000000 ) ;
#6008 = EDGE_CURVE ( 'NONE', #5382, #3566, #837, .T. ) ;
#6009 = ORIENTED_EDGE ( 'NONE', *, *, #3212, .T. ) ;
#6010 = ORIENTED_EDGE ( 'NONE', *, *, #1867, .F. ) ;
#6011 = VECTOR ( 'NONE', #6386, 1000.000000000000000 ) ;
#6012 = DIRECTION ( 'NONE',  ( 0.000000000000000000, -0.000000000000000000, 1.000000000000000000 ) ) ;
#6013 = ORIENTED_EDGE ( 'NONE', *, *, #5641, .F. ) ;
#6014 = VECTOR ( 'NONE', #1673, 1000.000000000000000 ) ;
#6015 = DIRECTION ( 'NONE',  ( -1.000000000000000000, 0.000000000000000000, -6.994852725712932707E-17 ) ) ;
#6016 = LINE ( 'NONE', #379, #5935 ) ;
#6017 = VERTEX_POINT ( 'NONE', #40 ) ;
#6018 = ADVANCED_FACE ( 'NONE', ( #2206 ), #4669, .F. ) ;
#6019 = ORIENTED_EDGE ( 'NONE', *, *, #448, .T. ) ;
#6020 =( NAMED_UNIT ( * ) PLANE_ANGLE_UNIT ( ) SI_UNIT ( $, .RADIAN. ) );
#6021 = ORIENTED_EDGE ( 'NONE', *, *, #1896, .F. ) ;
#6022 = LINE ( 'NONE', #1448, #4646 ) ;
#6023 = DIRECTION ( 'NONE',  ( 0.000000000000000000, -1.000000000000000000, 0.000000000000000000 ) ) ;
#6024 = VECTOR ( 'NONE', #2562, 1000.000000000000000 ) ;
#6025 = VERTEX_POINT ( 'NONE', #1107 ) ;
#6026 = FACE_OUTER_BOUND ( 'NONE', #6412, .T. ) ;
#6027 = DIRECTION ( 'NONE',  ( -1.000000000000000000, 0.000000000000000000, 0.000000000000000000 ) ) ;
#6028 = EDGE_CURVE ( 'NONE', #5522, #3709, #3580, .T. ) ;
#6029 = CARTESIAN_POINT ( 'NONE',  ( -1.949999999999998623, 0.05000000000000023870, -1.149999999999999911 ) ) ;
#6030 = CARTESIAN_POINT ( 'NONE',  ( 1.549999999999999600, 0.000000000000000000, 1.550000000000000488 ) ) ;
#6031 = CARTESIAN_POINT ( 'NONE',  ( -1.949999999999998623, 0.000000000000000000, -0.7999999999999999334 ) ) ;
#6032 = ORIENTED_EDGE ( 'NONE', *, *, #5949, .T. ) ;
#6033 = VECTOR ( 'NONE', #5857, 1000.000000000000000 ) ;
#6034 = VECTOR ( 'NONE', #2123, 1000.000000000000000 ) ;
#6035 = ORIENTED_EDGE ( 'NONE', *, *, #1519, .T. ) ;
#6036 = ORIENTED_EDGE ( 'NONE', *, *, #1340, .T. ) ;
#6037 = DIRECTION ( 'NONE',  ( -0.000000000000000000, -1.000000000000000000, -0.000000000000000000 ) ) ;
#6038 = ORIENTED_EDGE ( 'NONE', *, *, #1048, .T. ) ;
#6039 = LINE ( 'NONE', #398, #1351 ) ;
#6040 = VECTOR ( 'NONE', #5139, 1000.000000000000000 ) ;
#6041 = CARTESIAN_POINT ( 'NONE',  ( 0.8000000000000003775, 0.8264982043070837614, -1.949999999999999289 ) ) ;
#6042 = EDGE_CURVE ( 'NONE', #3187, #4766, #1970, .T. ) ;
#6043 = CARTESIAN_POINT ( 'NONE',  ( -1.949999999999998623, 0.1999999999999999833, 1.449999999999999956 ) ) ;
#6044 = VERTEX_POINT ( 'NONE', #5766 ) ;
#6045 = VECTOR ( 'NONE', #3407, 1000.000000000000000 ) ;
#6046 = PRESENTATION_LAYER_ASSIGNMENT (  '', '', ( #3169 ) ) ;
#6047 = LINE ( 'NONE', #6224, #5238 ) ;
#6048 = DIRECTION ( 'NONE',  ( -0.000000000000000000, 0.000000000000000000, -1.000000000000000000 ) ) ;
#6049 = DIRECTION ( 'NONE',  ( 0.000000000000000000, 0.000000000000000000, -1.000000000000000000 ) ) ;
#6050 = ORIENTED_EDGE ( 'NONE', *, *, #4483, .T. ) ;
#6051 = DIRECTION ( 'NONE',  ( 1.000000000000000000, 0.000000000000000000, -8.673617379884035472E-17 ) ) ;
#6052 = FACE_OUTER_BOUND ( 'NONE', #397, .T. ) ;
#6053 = DIRECTION ( 'NONE',  ( -1.000000000000000000, 0.000000000000000000, 0.000000000000000000 ) ) ;
#6054 = DIRECTION ( 'NONE',  ( 0.000000000000000000, 0.000000000000000000, -1.000000000000000000 ) ) ;
#6055 = EDGE_CURVE ( 'NONE', #1318, #6617, #1638, .T. ) ;
#6056 = DIRECTION ( 'NONE',  ( 0.000000000000000000, 0.000000000000000000, -1.000000000000000000 ) ) ;
#6057 = ADVANCED_FACE ( 'NONE', ( #3823 ), #4707, .T. ) ;
#6058 = ORIENTED_EDGE ( 'NONE', *, *, #5245, .T. ) ;
#6059 = DIRECTION ( 'NONE',  ( -1.000000000000000000, 0.000000000000000000, -0.000000000000000000 ) ) ;
#6060 = ORIENTED_EDGE ( 'NONE', *, *, #4248, .T. ) ;
#6061 = DIRECTION ( 'NONE',  ( 0.000000000000000000, -1.000000000000000000, 0.000000000000000000 ) ) ;
#6062 = DIRECTION ( 'NONE',  ( 1.000000000000000000, 0.000000000000000000, -3.942553354492745996E-16 ) ) ;
#6063 = EDGE_CURVE ( 'NONE', #2242, #725, #4717, .T. ) ;
#6064 = VERTEX_POINT ( 'NONE', #600 ) ;
#6065 = DIRECTION ( 'NONE',  ( 0.000000000000000000, -0.000000000000000000, 1.000000000000000000 ) ) ;
#6066 = ORIENTED_EDGE ( 'NONE', *, *, #1658, .F. ) ;
#6067 = ORIENTED_EDGE ( 'NONE', *, *, #2483, .T. ) ;
#6068 = CARTESIAN_POINT ( 'NONE',  ( -1.149999999999999023, 0.2000000000000000111, 1.949999999999999734 ) ) ;
#6069 = EDGE_CURVE ( 'NONE', #2047, #3074, #1806, .T. ) ;
#6070 = CARTESIAN_POINT ( 'NONE',  ( -1.550000000000000266, 4.584062043356594174, -1.199999999999999289 ) ) ;
#6071 = AXIS2_PLACEMENT_3D ( 'NONE', #3084, #6137, #4038 ) ;
#6072 = DIRECTION ( 'NONE',  ( 0.000000000000000000, 0.000000000000000000, -1.000000000000000000 ) ) ;
#6073 = DIRECTION ( 'NONE',  ( 1.000000000000000000, 0.000000000000000000, -0.000000000000000000 ) ) ;
#6074 = DIRECTION ( 'NONE',  ( -1.000000000000000000, 0.000000000000000000, -0.000000000000000000 ) ) ;
#6075 = PLANE ( 'NONE',  #458 ) ;
#6076 = EDGE_CURVE ( 'NONE', #2554, #4358, #36, .T. ) ;
#6077 = ORIENTED_EDGE ( 'NONE', *, *, #1092, .T. ) ;
#6078 = LINE ( 'NONE', #1681, #2508 ) ;
#6079 = AXIS2_PLACEMENT_3D ( 'NONE', #2844, #2295, #195 ) ;
#6081 = ORIENTED_EDGE ( 'NONE', *, *, #4157, .T. ) ;
#6080 = AXIS2_PLACEMENT_3D ( 'NONE', #3873, #3929, #2910 ) ;
#6082 = DIRECTION ( 'NONE',  ( -1.000000000000000000, 0.000000000000000000, -1.445602896647339508E-15 ) ) ;
#6083 = CARTESIAN_POINT ( 'NONE',  ( 2.499999999999998668, 0.8264982043070834283, -0.5000000000000000000 ) ) ;
#6084 = FACE_OUTER_BOUND ( 'NONE', #2318, .T. ) ;
#6085 = DIRECTION ( 'NONE',  ( -3.942553354492745996E-16, 0.000000000000000000, -1.000000000000000000 ) ) ;
#6086 = EDGE_LOOP ( 'NONE', ( #3639, #2472, #6587, #930 ) ) ;
#6087 = ORIENTED_EDGE ( 'NONE', *, *, #5913, .F. ) ;
#6088 = ADVANCED_FACE ( 'NONE', ( #6177 ), #4165, .F. ) ;
#6089 = PRESENTATION_STYLE_ASSIGNMENT (( #2176 ) ) ;
#6090 = ORIENTED_EDGE ( 'NONE', *, *, #785, .T. ) ;
#6091 = LINE ( 'NONE', #1267, #3883 ) ;
#6092 = PLANE ( 'NONE',  #4974 ) ;
#6093 = AXIS2_PLACEMENT_3D ( 'NONE', #1006, #5668, #3070 ) ;
#6094 = EDGE_CURVE ( 'NONE', #5495, #6499, #6485, .T. ) ;
#6095 = DIRECTION ( 'NONE',  ( 0.000000000000000000, 1.000000000000000000, 0.000000000000000000 ) ) ;
#6096 = LINE ( 'NONE', #5365, #1966 ) ;
#6097 = ORIENTED_EDGE ( 'NONE', *, *, #2716, .F. ) ;
#6098 = CARTESIAN_POINT ( 'NONE',  ( -0.1499999999999995226, 0.2000000000000000111, -1.949999999999999067 ) ) ;
#6099 = VECTOR ( 'NONE', #3959, 1000.000000000000000 ) ;
#6100 = DIRECTION ( 'NONE',  ( 1.000000000000000000, -0.000000000000000000, 1.445602896647339706E-15 ) ) ;
#6101 = FACE_OUTER_BOUND ( 'NONE', #6486, .T. ) ;
#6102 = ORIENTED_EDGE ( 'NONE', *, *, #2193, .F. ) ;
#6103 = VERTEX_POINT ( 'NONE', #3195 ) ;
#6104 = VECTOR ( 'NONE', #6646, 1000.000000000000000 ) ;
#6105 = CARTESIAN_POINT ( 'NONE',  ( -2.499999999999998668, 0.2000000000000002054, -0.5000000000000000000 ) ) ;
#6106 = EDGE_CURVE ( 'NONE', #2736, #2242, #4792, .T. ) ;
#6107 = LINE ( 'NONE', #1937, #2854 ) ;
#6108 = EDGE_LOOP ( 'NONE', ( #2758, #5015, #3627, #5613 ) ) ;
#6109 = LINE ( 'NONE', #5397, #3186 ) ;
#6110 = ORIENTED_EDGE ( 'NONE', *, *, #6232, .F. ) ;
#6111 = CARTESIAN_POINT ( 'NONE',  ( -1.449999999999999512, 0.04999999999999999584, -2.499999999999999112 ) ) ;
#6112 = DIRECTION ( 'NONE',  ( 0.000000000000000000, 0.000000000000000000, -1.000000000000000000 ) ) ;
#6113 = CLOSED_SHELL ( 'NONE', ( #4494, #498, #739, #6453 ) ) ;
#6114 = VECTOR ( 'NONE', #6346, 1000.000000000000000 ) ;
#6115 = CARTESIAN_POINT ( 'NONE',  ( 2.499999999999998668, 0.8264982043070834283, 1.449999999999999956 ) ) ;
#6116 = DIRECTION ( 'NONE',  ( 0.000000000000000000, 1.000000000000000000, 0.000000000000000000 ) ) ;
#6117 = DIRECTION ( 'NONE',  ( 1.000000000000000000, 0.000000000000000000, -3.942553354492745996E-16 ) ) ;
#6118 = EDGE_LOOP ( 'NONE', ( #4704, #5063, #808, #3423 ) ) ;
#6119 = ORIENTED_EDGE ( 'NONE', *, *, #1616, .F. ) ;
#6120 = LINE ( 'NONE', #1702, #5625 ) ;
#6121 = CARTESIAN_POINT ( 'NONE',  ( -1.949999999999998623, 0.1999999999999999833, 1.149999999999999911 ) ) ;
#6122 = FILL_AREA_STYLE ('',( #3505 ) ) ;
#6123 = ORIENTED_EDGE ( 'NONE', *, *, #1847, .F. ) ;
#6124 = VECTOR ( 'NONE', #4184, 1000.000000000000000 ) ;
#6125 = LINE ( 'NONE', #4178, #294 ) ;
#6126 = EDGE_CURVE ( 'NONE', #811, #3116, #3337, .T. ) ;
#6127 = EDGE_CURVE ( 'NONE', #1027, #5404, #2528, .T. ) ;
#6128 = CARTESIAN_POINT ( 'NONE',  ( 1.949999999999998623, 0.8264982043070834283, 0.7999999999999999334 ) ) ;
#6129 = CARTESIAN_POINT ( 'NONE',  ( -1.550000000000000488, 4.584062043356594174, 1.550000000000000488 ) ) ;
#6130 = DIRECTION ( 'NONE',  ( -1.000000000000000000, 0.000000000000000000, 8.673617379884035472E-17 ) ) ;
#6131 = ORIENTED_EDGE ( 'NONE', *, *, #247, .T. ) ;
#6132 = VECTOR ( 'NONE', #1208, 1000.000000000000000 ) ;
#6133 = ADVANCED_FACE ( 'NONE', ( #1088 ), #3796, .F. ) ;
#6134 = LINE ( 'NONE', #5171, #5716 ) ;
#6135 = MECHANICAL_DESIGN_GEOMETRIC_PRESENTATION_REPRESENTATION (  '', ( #1493 ), #2993 ) ;
#6136 = DIRECTION ( 'NONE',  ( 0.000000000000000000, -0.000000000000000000, 1.000000000000000000 ) ) ;
#6137 = DIRECTION ( 'NONE',  ( 0.000000000000000000, 1.000000000000000000, 0.000000000000000000 ) ) ;
#6138 = VECTOR ( 'NONE', #1545, 1000.000000000000000 ) ;
#6139 =( NAMED_UNIT ( * ) PLANE_ANGLE_UNIT ( ) SI_UNIT ( $, .RADIAN. ) );
#6140 = ADVANCED_FACE ( 'NONE', ( #6101 ), #1141, .F. ) ;
#6141 = PLANE ( 'NONE',  #1790 ) ;
#6142 = DIRECTION ( 'NONE',  ( -0.000000000000000000, -0.000000000000000000, 1.000000000000000000 ) ) ;
#6143 = CARTESIAN_POINT ( 'NONE',  ( -1.949999999999998623, 0.1999999999999999833, 0.7999999999999999334 ) ) ;
#6144 = EDGE_CURVE ( 'NONE', #3044, #1017, #2845, .T. ) ;
#6145 = DIRECTION ( 'NONE',  ( 0.000000000000000000, 0.000000000000000000, -1.000000000000000000 ) ) ;
#6146 = CARTESIAN_POINT ( 'NONE',  ( 1.450000000000000400, 0.05000000000000000278, 0.000000000000000000 ) ) ;
#6147 = DIRECTION ( 'NONE',  ( 0.000000000000000000, -0.000000000000000000, -1.000000000000000000 ) ) ;
#6148 = DIRECTION ( 'NONE',  ( 0.000000000000000000, -0.000000000000000000, 1.000000000000000000 ) ) ;
#6149 = EDGE_LOOP ( 'NONE', ( #3500, #211, #5798, #1941 ) ) ;
#6150 = EDGE_CURVE ( 'NONE', #3083, #3890, #4219, .T. ) ;
#6151 = EDGE_CURVE ( 'NONE', #3346, #2651, #4388, .T. ) ;
#6152 = ORIENTED_EDGE ( 'NONE', *, *, #6144, .T. ) ;
#6153 = ORIENTED_EDGE ( 'NONE', *, *, #1776, .F. ) ;
#6154 = ORIENTED_EDGE ( 'NONE', *, *, #3093, .T. ) ;
#6155 = DIRECTION ( 'NONE',  ( -0.000000000000000000, 0.000000000000000000, 1.000000000000000000 ) ) ;
#6156 = CARTESIAN_POINT ( 'NONE',  ( -1.550000000000000266, 4.584062043356594174, -1.199999999999999289 ) ) ;
#6157 = DIRECTION ( 'NONE',  ( 1.000000000000000000, 0.000000000000000000, -3.942553354492745996E-16 ) ) ;
#6158 = DIRECTION ( 'NONE',  ( -3.942553354492745010E-16, 0.000000000000000000, -1.000000000000000000 ) ) ;
#6159 = CARTESIAN_POINT ( 'NONE',  ( 0.5000000000000008882, 0.2000000000000000111, 1.949999999999999512 ) ) ;
#6160 = ADVANCED_FACE ( 'NONE', ( #5127 ), #2800, .T. ) ;
#6161 = EDGE_CURVE ( 'NONE', #5148, #4893, #3982, .T. ) ;
#6162 = ORIENTED_EDGE ( 'NONE', *, *, #2080, .F. ) ;
#6163 = DIRECTION ( 'NONE',  ( 1.000000000000000000, 0.000000000000000000, -8.673617379884035472E-17 ) ) ;
#6164 = VERTEX_POINT ( 'NONE', #1677 ) ;
#6165 = VERTEX_POINT ( 'NONE', #3318 ) ;
#6166 = VECTOR ( 'NONE', #5759, 1000.000000000000000 ) ;
#6167 = UNCERTAINTY_MEASURE_WITH_UNIT (LENGTH_MEASURE( 1.000000000000000082E-05 ), #1972, 'distance_accuracy_value', 'NONE');
#6168 = ORIENTED_EDGE ( 'NONE', *, *, #3315, .F. ) ;
#6169 = VECTOR ( 'NONE', #2112, 1000.000000000000000 ) ;
#6170 =( GEOMETRIC_REPRESENTATION_CONTEXT ( 3 ) GLOBAL_UNCERTAINTY_ASSIGNED_CONTEXT ( ( #1642 ) ) GLOBAL_UNIT_ASSIGNED_CONTEXT ( ( #6373, #3267, #172 ) ) REPRESENTATION_CONTEXT ( 'NONE', 'WORKASPACE' ) );
#6171 = CARTESIAN_POINT ( 'NONE',  ( 0.1500000000000003830, 0.2000000000000000111, -1.949999999999999289 ) ) ;
#6172 = FACE_OUTER_BOUND ( 'NONE', #6475, .T. ) ;
#6173 = CARTESIAN_POINT ( 'NONE',  ( 1.949999999999999956, 0.2000000000000000111, 0.000000000000000000 ) ) ;
#6174 = VERTEX_POINT ( 'NONE', #2269 ) ;
#6175 = FACE_OUTER_BOUND ( 'NONE', #915, .T. ) ;
#6176 = FILL_AREA_STYLE ('',( #569 ) ) ;
#6177 = FACE_OUTER_BOUND ( 'NONE', #3238, .T. ) ;
#6178 = ORIENTED_EDGE ( 'NONE', *, *, #1109, .T. ) ;
#6179 = CARTESIAN_POINT ( 'NONE',  ( -0.4999999999999991673, 0.1999999999999999833, 1.949999999999999734 ) ) ;
#6180 = VERTEX_POINT ( 'NONE', #188 ) ;
#6181 = PLANE ( 'NONE',  #1466 ) ;
#6182 = LINE ( 'NONE', #1168, #3978 ) ;
#6184 = DIRECTION ( 'NONE',  ( -0.000000000000000000, -1.000000000000000000, -0.000000000000000000 ) ) ;
#6183 = CARTESIAN_POINT ( 'NONE',  ( -1.949999999999998623, 0.1999999999999999833, -1.149999999999999911 ) ) ;
#6185 = VERTEX_POINT ( 'NONE', #2731 ) ;
#6186 = VECTOR ( 'NONE', #1136, 1000.000000000000000 ) ;
#6187 = MECHANICAL_DESIGN_GEOMETRIC_PRESENTATION_REPRESENTATION (  '', ( #861 ), #2158 ) ;
#6188 = EDGE_CURVE ( 'NONE', #4697, #3485, #4062, .T. ) ;
#6189 = VECTOR ( 'NONE', #4688, 1000.000000000000000 ) ;
#6190 = ORIENTED_EDGE ( 'NONE', *, *, #1425, .T. ) ;
#6191 = PRESENTATION_STYLE_ASSIGNMENT (( #1845 ) ) ;
#6192 = VERTEX_POINT ( 'NONE', #4796 ) ;
#6193 = CARTESIAN_POINT ( 'NONE',  ( 0.6500000000000000222, 0.000000000000000000, 0.000000000000000000 ) ) ;
#6194 = CARTESIAN_POINT ( 'NONE',  ( 0.1500000000000008271, 0.000000000000000000, 1.949999999999999734 ) ) ;
#6195 = VERTEX_POINT ( 'NONE', #5809 ) ;
#6196 = LINE ( 'NONE', #6374, #5379 ) ;
#6197 = VECTOR ( 'NONE', #4918, 1000.000000000000000 ) ;
#6198 = CLOSED_SHELL ( 'NONE', ( #632, #2750, #2259, #1523, #3804, #3776 ) ) ;
#6199 = ORIENTED_EDGE ( 'NONE', *, *, #2252, .T. ) ;
#6200 = VECTOR ( 'NONE', #4546, 1000.000000000000000 ) ;
#6201 = EDGE_CURVE ( 'NONE', #2263, #1460, #2680, .T. ) ;
#6202 = ORIENTED_EDGE ( 'NONE', *, *, #5804, .F. ) ;
#6203 = FACE_OUTER_BOUND ( 'NONE', #3814, .T. ) ;
#6204 = PLANE ( 'NONE',  #4335 ) ;
#6205 = VERTEX_POINT ( 'NONE', #3752 ) ;
#6206 = LINE ( 'NONE', #1376, #2874 ) ;
#6207 = PLANE ( 'NONE',  #1352 ) ;
#6208 = ADVANCED_FACE ( 'NONE', ( #3496 ), #660, .T. ) ;
#6209 = DIRECTION ( 'NONE',  ( 0.000000000000000000, 0.000000000000000000, -1.000000000000000000 ) ) ;
#6210 = EDGE_LOOP ( 'NONE', ( #1153, #212, #3395, #5774 ) ) ;
#6211 = CARTESIAN_POINT ( 'NONE',  ( 0.000000000000000000, 0.05000000000000000278, 0.5000000000000000000 ) ) ;
#6212 = LINE ( 'NONE', #4008, #5387 ) ;
#6213 = FILL_AREA_STYLE_COLOUR ( '', #6493 ) ;
#6214 = PRESENTATION_LAYER_ASSIGNMENT (  '', '', ( #5500 ) ) ;
#6215 = VECTOR ( 'NONE', #1560, 1000.000000000000000 ) ;
#6216 = DIRECTION ( 'NONE',  ( 0.000000000000000000, 0.000000000000000000, 1.000000000000000000 ) ) ;
#6218 = CARTESIAN_POINT ( 'NONE',  ( 0.8000000000000003775, 0.2000000000000000111, -1.949999999999999289 ) ) ;
#6217 = DIRECTION ( 'NONE',  ( -0.000000000000000000, 0.000000000000000000, 1.000000000000000000 ) ) ;
#6219 = ORIENTED_EDGE ( 'NONE', *, *, #4085, .T. ) ;
#6220 = VECTOR ( 'NONE', #4655, 1000.000000000000000 ) ;
#6221 = DIRECTION ( 'NONE',  ( 3.942553354492745503E-16, 0.000000000000000000, 1.000000000000000000 ) ) ;
#6222 = AXIS2_PLACEMENT_3D ( 'NONE', #5102, #1959, #3464 ) ;
#6223 = VECTOR ( 'NONE', #965, 1000.000000000000000 ) ;
#6224 = CARTESIAN_POINT ( 'NONE',  ( -1.149999999999999467, 0.2000000000000000111, -2.499999999999999556 ) ) ;
#6225 = DIRECTION ( 'NONE',  ( 1.000000000000000000, -0.000000000000000000, 0.000000000000000000 ) ) ;
#6226 = VERTEX_POINT ( 'NONE', #693 ) ;
#6227 =( NAMED_UNIT ( * ) SI_UNIT ( $, .STERADIAN. ) SOLID_ANGLE_UNIT ( ) );
#6228 = PLANE ( 'NONE',  #1672 ) ;
#6229 = AXIS2_PLACEMENT_3D ( 'NONE', #2189, #2703, #6327 ) ;
#6230 = DIRECTION ( 'NONE',  ( 1.000000000000000000, -0.000000000000000000, 0.000000000000000000 ) ) ;
#6231 = ADVANCED_FACE ( 'NONE', ( #2609 ), #3774, .F. ) ;
#6232 = EDGE_CURVE ( 'NONE', #328, #1771, #6570, .T. ) ;
#6233 = EDGE_LOOP ( 'NONE', ( #5914, #1337, #2932, #5556 ) ) ;
#6234 = PLANE ( 'NONE',  #5860 ) ;
#6235 = VERTEX_POINT ( 'NONE', #6400 ) ;
#6236 = ORIENTED_EDGE ( 'NONE', *, *, #4788, .F. ) ;
#6237 = CARTESIAN_POINT ( 'NONE',  ( 2.500000000000002220, 0.8000000000000003775, 2.500000000000000888 ) ) ;
#6238 = CARTESIAN_POINT ( 'NONE',  ( 0.1500000000000008271, 0.1999999999999999833, 1.949999999999999734 ) ) ;
#6239 = ORIENTED_EDGE ( 'NONE', *, *, #1038, .F. ) ;
#6240 = ADVANCED_FACE ( 'NONE', ( #6648 ), #3286, .F. ) ;
#6241 = EDGE_CURVE ( 'NONE', #6164, #1254, #4877, .T. ) ;
#6242 = CARTESIAN_POINT ( 'NONE',  ( -1.149999999999999467, 0.1999999999999999833, -1.949999999999999289 ) ) ;
#6243 = CARTESIAN_POINT ( 'NONE',  ( 0.8000000000000010436, 0.2000000000000000111, 2.499999999999999556 ) ) ;
#6244 = CARTESIAN_POINT ( 'NONE',  ( 0.000000000000000000, 0.2000000000000000111, 0.000000000000000000 ) ) ;
#6245 = ORIENTED_EDGE ( 'NONE', *, *, #1674, .F. ) ;
#6246 = MANIFOLD_SOLID_BREP ( 'LPattern3[2]', #1901 ) ;
#6247 = CARTESIAN_POINT ( 'NONE',  ( 0.8000000000000003775, 0.1999999999999999833, -1.949999999999999289 ) ) ;
#6248 = VERTEX_POINT ( 'NONE', #5299 ) ;
#6249 = EDGE_CURVE ( 'NONE', #4160, #2037, #1481, .T. ) ;
#6250 = DIRECTION ( 'NONE',  ( -0.000000000000000000, 0.000000000000000000, 1.000000000000000000 ) ) ;
#6251 = EDGE_LOOP ( 'NONE', ( #786, #2807, #2811, #185 ) ) ;
#6253 = VERTEX_POINT ( 'NONE', #4363 ) ;
#6252 = MECHANICAL_DESIGN_GEOMETRIC_PRESENTATION_REPRESENTATION (  '', ( #4167 ), #5767 ) ;
#6254 = VECTOR ( 'NONE', #6015, 1000.000000000000000 ) ;
#6255 = FACE_OUTER_BOUND ( 'NONE', #5940, .T. ) ;
#6256 = ORIENTED_EDGE ( 'NONE', *, *, #2988, .F. ) ;
#6257 = EDGE_CURVE ( 'NONE', #5457, #5977, #5595, .T. ) ;
#6258 = LINE ( 'NONE', #2280, #1489 ) ;
#6259 = CARTESIAN_POINT ( 'NONE',  ( 0.1500000000000003830, 0.000000000000000000, -2.499999999999999556 ) ) ;
#6260 = VERTEX_POINT ( 'NONE', #5450 ) ;
#6261 = PRESENTATION_LAYER_ASSIGNMENT (  '', '', ( #4525 ) ) ;
#6262 = EDGE_CURVE ( 'NONE', #636, #16, #6565, .T. ) ;
#6263 = ORIENTED_EDGE ( 'NONE', *, *, #1604, .T. ) ;
#6264 = DIRECTION ( 'NONE',  ( 0.000000000000000000, 0.000000000000000000, -1.000000000000000000 ) ) ;
#6265 = CARTESIAN_POINT ( 'NONE',  ( -0.1499999999999995226, 0.1999999999999999833, -1.949999999999999067 ) ) ;
#6266 = ADVANCED_FACE ( 'NONE', ( #4631 ), #1269, .T. ) ;
#6267 = VECTOR ( 'NONE', #6072, 1000.000000000000000 ) ;
#6268 = CARTESIAN_POINT ( 'NONE',  ( 1.150000000000001021, 0.8264982043070837614, 2.499999999999999112 ) ) ;
#6269 = FACE_OUTER_BOUND ( 'NONE', #2623, .T. ) ;
#6270 = CARTESIAN_POINT ( 'NONE',  ( -1.949999999999998623, 0.8264982043070834283, 1.449999999999999956 ) ) ;
#6271 = VERTEX_POINT ( 'NONE', #3432 ) ;
#6272 = VECTOR ( 'NONE', #1395, 1000.000000000000000 ) ;
#6273 = SURFACE_SIDE_STYLE ('',( #4544 ) ) ;
#6274 = ORIENTED_EDGE ( 'NONE', *, *, #5986, .T. ) ;
#6275 = EDGE_CURVE ( 'NONE', #1860, #2053, #341, .T. ) ;
#6276 = LINE ( 'NONE', #1832, #2149 ) ;
#6277 = VERTEX_POINT ( 'NONE', #1864 ) ;
#6278 = DIRECTION ( 'NONE',  ( -0.000000000000000000, -1.000000000000000000, -0.000000000000000000 ) ) ;
#6279 = VERTEX_POINT ( 'NONE', #6480 ) ;
#6280 = CARTESIAN_POINT ( 'NONE',  ( 1.450000000000001066, 0.000000000000000000, 2.499999999999999556 ) ) ;
#6281 = FACE_OUTER_BOUND ( 'NONE', #5835, .T. ) ;
#6282 = ORIENTED_EDGE ( 'NONE', *, *, #5330, .F. ) ;
#6283 = LINE ( 'NONE', #5252, #3610 ) ;
#6284 = DIRECTION ( 'NONE',  ( 1.000000000000000000, 0.000000000000000000, 0.000000000000000000 ) ) ;
#6285 = DIRECTION ( 'NONE',  ( 0.000000000000000000, 0.000000000000000000, 1.000000000000000000 ) ) ;
#6286 = ORIENTED_EDGE ( 'NONE', *, *, #1875, .F. ) ;
#6287 = LINE ( 'NONE', #5431, #63 ) ;
#6288 = CARTESIAN_POINT ( 'NONE',  ( 0.5000000000000004441, 0.2000000000000000111, -1.949999999999999067 ) ) ;
#6289 = LINE ( 'NONE', #4503, #6372 ) ;
#6290 = CARTESIAN_POINT ( 'NONE',  ( -0.7999999999999994893, 0.1999999999999999833, -2.499999999999999112 ) ) ;
#6291 = EDGE_CURVE ( 'NONE', #1940, #934, #4298, .T. ) ;
#6292 = DIRECTION ( 'NONE',  ( 0.000000000000000000, -1.000000000000000000, 0.000000000000000000 ) ) ;
#6293 = DIRECTION ( 'NONE',  ( 0.000000000000000000, -0.000000000000000000, 1.000000000000000000 ) ) ;
#6294 = CARTESIAN_POINT ( 'NONE',  ( 2.499999999999998668, 0.000000000000000000, -0.7999999999999999334 ) ) ;
#6295 = ORIENTED_EDGE ( 'NONE', *, *, #3683, .F. ) ;
#6296 = LINE ( 'NONE', #2938, #3531 ) ;
#6297 = DIRECTION ( 'NONE',  ( 0.000000000000000000, -1.000000000000000000, 0.000000000000000000 ) ) ;
#6298 = CARTESIAN_POINT ( 'NONE',  ( 1.949999999999998623, 0.1999999999999999833, 0.5000000000000000000 ) ) ;
#6299 = ADVANCED_FACE ( 'NONE', ( #261 ), #317, .T. ) ;
#6300 = EDGE_CURVE ( 'NONE', #1061, #1231, #3974, .T. ) ;
#6301 = CARTESIAN_POINT ( 'NONE',  ( 1.949999999999998623, 0.1999999999999999833, 0.1499999999999999667 ) ) ;
#6302 = ORIENTED_EDGE ( 'NONE', *, *, #2826, .F. ) ;
#6303 = CARTESIAN_POINT ( 'NONE',  ( 1.549999999999999600, 4.584062043356594174, -1.549999999999999600 ) ) ;
#6304 = VERTEX_POINT ( 'NONE', #1290 ) ;
#6305 = ORIENTED_EDGE ( 'NONE', *, *, #2252, .F. ) ;
#6306 = DIRECTION ( 'NONE',  ( 0.000000000000000000, 0.000000000000000000, -1.000000000000000000 ) ) ;
#6307 =( NAMED_UNIT ( * ) PLANE_ANGLE_UNIT ( ) SI_UNIT ( $, .RADIAN. ) );
#6308 = EDGE_LOOP ( 'NONE', ( #3487, #2672, #564, #3026 ) ) ;
#6309 = PRESENTATION_LAYER_ASSIGNMENT (  '', '', ( #3739 ) ) ;
#6310 = CARTESIAN_POINT ( 'NONE',  ( 2.499999999999998668, 0.8264982043070834283, 0.1499999999999999667 ) ) ;
#6311 = EDGE_CURVE ( 'NONE', #2195, #1320, #1886, .T. ) ;
#6312 = CARTESIAN_POINT ( 'NONE',  ( 1.150000000000000355, 0.2000000000000000111, -2.499999999999999112 ) ) ;
#6313 = EDGE_CURVE ( 'NONE', #515, #5854, #5518, .T. ) ;
#6314 = CARTESIAN_POINT ( 'NONE',  ( 1.150000000000001021, 0.2000000000000000111, 2.499999999999999112 ) ) ;
#6315 = LINE ( 'NONE', #4423, #5963 ) ;
#6316 = EDGE_LOOP ( 'NONE', ( #2067, #523, #2072, #5298 ) ) ;
#6317 = PLANE ( 'NONE',  #1789 ) ;
#6318 = FILL_AREA_STYLE_COLOUR ( '', #4739 ) ;
#6319 = ORIENTED_EDGE ( 'NONE', *, *, #4085, .F. ) ;
#6320 = MECHANICAL_DESIGN_GEOMETRIC_PRESENTATION_REPRESENTATION (  '', ( #5500 ), #3072 ) ;
#6321 = LINE ( 'NONE', #2678, #4620 ) ;
#6322 = CARTESIAN_POINT ( 'NONE',  ( 0.1500000000000003830, 0.8264982043070837614, -1.949999999999999289 ) ) ;
#6323 = ORIENTED_EDGE ( 'NONE', *, *, #3518, .T. ) ;
#6324 = ADVANCED_FACE ( 'NONE', ( #1563 ), #4414, .T. ) ;
#6325 = LINE ( 'NONE', #4392, #3742 ) ;
#6326 = VECTOR ( 'NONE', #4127, 1000.000000000000000 ) ;
#6327 = DIRECTION ( 'NONE',  ( 1.000000000000000000, 0.000000000000000000, -0.000000000000000000 ) ) ;
#6328 = EDGE_CURVE ( 'NONE', #1723, #4026, #4869, .T. ) ;
#6329 = LINE ( 'NONE', #1932, #3085 ) ;
#6330 = CARTESIAN_POINT ( 'NONE',  ( -2.499999999999998668, 0.8264982043070834283, -1.449999999999999956 ) ) ;
#6331 = ORIENTED_EDGE ( 'NONE', *, *, #299, .T. ) ;
#6332 = VECTOR ( 'NONE', #2628, 1000.000000000000000 ) ;
#6333 = EDGE_LOOP ( 'NONE', ( #959, #4118, #2102, #5356 ) ) ;
#6334 = ORIENTED_EDGE ( 'NONE', *, *, #5792, .T. ) ;
#6335 = DIRECTION ( 'NONE',  ( 1.000000000000000000, -0.000000000000000000, 1.445602896647339706E-15 ) ) ;
#6336 = AXIS2_PLACEMENT_3D ( 'NONE', #3482, #400, #4513 ) ;
#6337 = FACE_OUTER_BOUND ( 'NONE', #4119, .T. ) ;
#6338 = EDGE_LOOP ( 'NONE', ( #3103, #859, #1640, #4971 ) ) ;
#6339 = LINE ( 'NONE', #5787, #1813 ) ;
#6340 = VECTOR ( 'NONE', #1019, 1000.000000000000000 ) ;
#6341 = VERTEX_POINT ( 'NONE', #250 ) ;
#6342 = ORIENTED_EDGE ( 'NONE', *, *, #979, .T. ) ;
#6343 = EDGE_LOOP ( 'NONE', ( #2578, #5697, #2155, #2866 ) ) ;
#6344 = CARTESIAN_POINT ( 'NONE',  ( -1.449999999999999067, 0.2000000000000000111, 1.949999999999999512 ) ) ;
#6345 = VECTOR ( 'NONE', #5279, 1000.000000000000000 ) ;
#6346 = DIRECTION ( 'NONE',  ( -1.000000000000000000, 0.000000000000000000, -7.228014483236698528E-16 ) ) ;
#6347 = VECTOR ( 'NONE', #1427, 1000.000000000000000 ) ;
#6348 = CARTESIAN_POINT ( 'NONE',  ( 0.1500000000000003830, 0.05000000000000000278, 0.000000000000000000 ) ) ;
#6349 = VERTEX_POINT ( 'NONE', #791 ) ;
#6350 = EDGE_CURVE ( 'NONE', #6192, #4401, #5837, .T. ) ;
#6351 = ORIENTED_EDGE ( 'NONE', *, *, #635, .T. ) ;
#6352 = LINE ( 'NONE', #4489, #2228 ) ;
#6353 = VERTEX_POINT ( 'NONE', #5973 ) ;
#6354 = CARTESIAN_POINT ( 'NONE',  ( 0.5000000000000004441, 0.1999999999999999833, -2.499999999999999112 ) ) ;
#6355 = FACE_OUTER_BOUND ( 'NONE', #2855, .T. ) ;
#6356 = CARTESIAN_POINT ( 'NONE',  ( 0.000000000000000000, 0.2000000000000000111, 0.000000000000000000 ) ) ;
#6357 = COLOUR_RGB ( '',0.7921568627450980005, 0.8196078431372548767, 0.9333333333333333481 ) ;
#6358 = ORIENTED_EDGE ( 'NONE', *, *, #2706, .T. ) ;
#6359 = ORIENTED_EDGE ( 'NONE', *, *, #3579, .F. ) ;
#6360 = DIRECTION ( 'NONE',  ( 0.000000000000000000, 1.000000000000000000, 0.000000000000000000 ) ) ;
#6361 = AXIS2_PLACEMENT_3D ( 'NONE', #6068, #6619, #2968 ) ;
#6362 = EDGE_CURVE ( 'NONE', #4924, #794, #5683, .T. ) ;
#6363 = ORIENTED_EDGE ( 'NONE', *, *, #2744, .T. ) ;
#6364 = VECTOR ( 'NONE', #3552, 1000.000000000000000 ) ;
#6365 = DIRECTION ( 'NONE',  ( 0.000000000000000000, -0.000000000000000000, 1.000000000000000000 ) ) ;
#6366 = VECTOR ( 'NONE', #2086, 1000.000000000000000 ) ;
#6367 = ADVANCED_FACE ( 'NONE', ( #589 ), #1948, .T. ) ;
#6368 = MANIFOLD_SOLID_BREP ( 'LPattern3[6]', #5916 ) ;
#6369 = DIRECTION ( 'NONE',  ( -1.000000000000000000, 0.000000000000000000, 3.942553354492744024E-16 ) ) ;
#6370 = VERTEX_POINT ( 'NONE', #5023 ) ;
#6371 = CARTESIAN_POINT ( 'NONE',  ( -1.449999999999999512, 0.000000000000000000, -1.949999999999999067 ) ) ;
#6372 = VECTOR ( 'NONE', #4468, 1000.000000000000000 ) ;
#6373 =( LENGTH_UNIT ( ) NAMED_UNIT ( * ) SI_UNIT ( .MILLI., .METRE. ) );
#6374 = CARTESIAN_POINT ( 'NONE',  ( -2.499999999999998668, 0.000000000000000000, 0.1499999999999999667 ) ) ;
#6375 = DIRECTION ( 'NONE',  ( 0.000000000000000000, -1.000000000000000000, 0.000000000000000000 ) ) ;
#6376 = CARTESIAN_POINT ( 'NONE',  ( -0.1499999999999995226, 0.2000000000000000111, -2.499999999999999112 ) ) ;
#6377 = EDGE_CURVE ( 'NONE', #5691, #887, #5358, .T. ) ;
#6378 = CARTESIAN_POINT ( 'NONE',  ( -1.449999999999998845, 0.1999999999999999833, 2.499999999999999112 ) ) ;
#6379 = DIRECTION ( 'NONE',  ( 0.000000000000000000, -0.000000000000000000, 1.000000000000000000 ) ) ;
#6380 = ORIENTED_EDGE ( 'NONE', *, *, #151, .T. ) ;
#6381 = CARTESIAN_POINT ( 'NONE',  ( 0.5000000000000008882, 0.2000000000000000111, 1.949999999999999512 ) ) ;
#6382 = ORIENTED_EDGE ( 'NONE', *, *, #560, .T. ) ;
#6383 = CARTESIAN_POINT ( 'NONE',  ( 2.499999999999998668, 0.04999999999999991257, -0.1499999999999999667 ) ) ;
#6384 = EDGE_CURVE ( 'NONE', #3898, #6668, #4549, .T. ) ;
#6385 = EDGE_LOOP ( 'NONE', ( #3585, #2895, #1474, #1555 ) ) ;
#6386 = DIRECTION ( 'NONE',  ( 3.942553354492745503E-16, 0.000000000000000000, 1.000000000000000000 ) ) ;
#6387 = AXIS2_PLACEMENT_3D ( 'NONE', #5885, #2357, #1255 ) ;
#6388 = ORIENTED_EDGE ( 'NONE', *, *, #1783, .F. ) ;
#6389 = ORIENTED_EDGE ( 'NONE', *, *, #3065, .T. ) ;
#6390 = DIRECTION ( 'NONE',  ( 0.000000000000000000, 0.000000000000000000, -1.000000000000000000 ) ) ;
#6391 = DIRECTION ( 'NONE',  ( 0.000000000000000000, 0.000000000000000000, 1.000000000000000000 ) ) ;
#6392 = CARTESIAN_POINT ( 'NONE',  ( 0.8000000000000010436, 0.04999999999999969746, 2.499999999999999556 ) ) ;
#6393 = ADVANCED_FACE ( 'NONE', ( #1400 ), #3498, .F. ) ;
#6394 =( LENGTH_UNIT ( ) NAMED_UNIT ( * ) SI_UNIT ( .MILLI., .METRE. ) );
#6395 = CARTESIAN_POINT ( 'NONE',  ( 0.1500000000000003830, 0.8264982043070837614, -1.949999999999999289 ) ) ;
#6396 = AXIS2_PLACEMENT_3D ( 'NONE', #2905, #5529, #1297 ) ;
#6397 = DIRECTION ( 'NONE',  ( 0.000000000000000000, -0.000000000000000000, -1.000000000000000000 ) ) ;
#6398 = ORIENTED_EDGE ( 'NONE', *, *, #2880, .F. ) ;
#6399 = CARTESIAN_POINT ( 'NONE',  ( 0.000000000000000000, 0.2000000000000000111, 0.000000000000000000 ) ) ;
#6400 = CARTESIAN_POINT ( 'NONE',  ( -1.949999999999998623, 0.000000000000000000, 0.1499999999999999667 ) ) ;
#6401 = ORIENTED_EDGE ( 'NONE', *, *, #4650, .F. ) ;
#6402 = EDGE_CURVE ( 'NONE', #6530, #4894, #3167, .T. ) ;
#6403 = EDGE_LOOP ( 'NONE', ( #5655, #1654, #1007, #5165 ) ) ;
#6404 = ORIENTED_EDGE ( 'NONE', *, *, #1067, .F. ) ;
#6405 = VECTOR ( 'NONE', #4380, 1000.000000000000000 ) ;
#6406 = EDGE_CURVE ( 'NONE', #4133, #5623, #3813, .T. ) ;
#6407 = COLOUR_RGB ( '',0.7921568627450980005, 0.8196078431372548767, 0.9333333333333333481 ) ;
#6408 = DIRECTION ( 'NONE',  ( 1.000000000000000000, -0.000000000000000000, -0.000000000000000000 ) ) ;
#6409 = CARTESIAN_POINT ( 'NONE',  ( 1.949999999999998623, 0.2000000000000002054, 0.1499999999999999667 ) ) ;
#6410 = AXIS2_PLACEMENT_3D ( 'NONE', #53, #3713, #2671 ) ;
#6411 = LINE ( 'NONE', #3306, #3409 ) ;
#6412 = EDGE_LOOP ( 'NONE', ( #3428, #3824, #6589, #624 ) ) ;
#6413 = VECTOR ( 'NONE', #5089, 1000.000000000000000 ) ;
#6414 = VECTOR ( 'NONE', #3637, 1000.000000000000000 ) ;
#6415 = ORIENTED_EDGE ( 'NONE', *, *, #2644, .F. ) ;
#6416 = ORIENTED_EDGE ( 'NONE', *, *, #573, .T. ) ;
#6417 = CARTESIAN_POINT ( 'NONE',  ( -1.149999999999999467, 0.8264982043070837614, -2.499999999999999556 ) ) ;
#6418 = LINE ( 'NONE', #1518, #439 ) ;
#6419 = EDGE_CURVE ( 'NONE', #4220, #6645, #918, .T. ) ;
#6420 = DIRECTION ( 'NONE',  ( -1.000000000000000000, 0.000000000000000000, 0.000000000000000000 ) ) ;
#6421 = ORIENTED_EDGE ( 'NONE', *, *, #5758, .F. ) ;
#6422 = DIRECTION ( 'NONE',  ( 0.000000000000000000, -1.000000000000000000, 0.000000000000000000 ) ) ;
#6423 = SURFACE_STYLE_FILL_AREA ( #1547 ) ;
#6424 = ADVANCED_FACE ( 'NONE', ( #1083 ), #1457, .T. ) ;
#6425 = ORIENTED_EDGE ( 'NONE', *, *, #4131, .F. ) ;
#6426 = VECTOR ( 'NONE', #5732, 1000.000000000000000 ) ;
#6427 = DIRECTION ( 'NONE',  ( -1.000000000000000000, 0.000000000000000000, -0.000000000000000000 ) ) ;
#6428 = VECTOR ( 'NONE', #5873, 1000.000000000000000 ) ;
#6429 = CLOSED_SHELL ( 'NONE', ( #226, #6240, #6523, #478, #5647, #6133 ) ) ;
#6430 = VERTEX_POINT ( 'NONE', #3967 ) ;
#6431 = LINE ( 'NONE', #3800, #4166 ) ;
#6432 = FILL_AREA_STYLE_COLOUR ( '', #2624 ) ;
#6433 = CARTESIAN_POINT ( 'NONE',  ( -2.099999999999999645, 0.8000000000000000444, -2.100000000000000089 ) ) ;
#6434 = VERTEX_POINT ( 'NONE', #966 ) ;
#6435 = VECTOR ( 'NONE', #81, 1000.000000000000000 ) ;
#6436 = EDGE_CURVE ( 'NONE', #5745, #2150, #3652, .T. ) ;
#6437 = DIRECTION ( 'NONE',  ( -7.885106708985489034E-17, 0.000000000000000000, 1.000000000000000000 ) ) ;
#6438 = CARTESIAN_POINT ( 'NONE',  ( -2.499999999999997780, 0.2000000000000005107, 0.1499999999999999667 ) ) ;
#6439 = EDGE_LOOP ( 'NONE', ( #5196, #5815 ) ) ;
#6440 = VECTOR ( 'NONE', #4457, 1000.000000000000000 ) ;
#6441 = FACE_OUTER_BOUND ( 'NONE', #6618, .T. ) ;
#6442 = AXIS2_PLACEMENT_3D ( 'NONE', #374, #6529, #4477 ) ;
#6443 = EDGE_CURVE ( 'NONE', #4552, #3493, #5042, .T. ) ;
#6444 = PLANE ( 'NONE',  #6542 ) ;
#6445 = MANIFOLD_SOLID_BREP ( 'LPattern3[7]', #6666 ) ;
#6446 = CARTESIAN_POINT ( 'NONE',  ( 1.549999999999999600, 0.05000000000000000278, 0.000000000000000000 ) ) ;
#6447 = CARTESIAN_POINT ( 'NONE',  ( 0.8000000000000003775, 0.1999999999999999833, -2.499999999999999556 ) ) ;
#6448 = DIRECTION ( 'NONE',  ( 0.000000000000000000, 0.000000000000000000, -1.000000000000000000 ) ) ;
#6449 = UNCERTAINTY_MEASURE_WITH_UNIT (LENGTH_MEASURE( 1.000000000000000082E-05 ), #5099, 'distance_accuracy_value', 'NONE');
#6450 = CARTESIAN_POINT ( 'NONE',  ( -1.550000000000000488, 4.584062043356594174, 1.550000000000000488 ) ) ;
#6451 = DIRECTION ( 'NONE',  ( -7.228014483236699514E-16, 0.000000000000000000, 1.000000000000000000 ) ) ;
#6452 = DIRECTION ( 'NONE',  ( 0.000000000000000000, 0.000000000000000000, 1.000000000000000000 ) ) ;
#6453 = ADVANCED_FACE ( 'NONE', ( #27 ), #911, .F. ) ;
#6454 = EDGE_CURVE ( 'NONE', #2117, #1641, #4859, .T. ) ;
#6455 = EDGE_CURVE ( 'NONE', #2752, #79, #3573, .T. ) ;
#6456 = ORIENTED_EDGE ( 'NONE', *, *, #6188, .F. ) ;
#6457 = CARTESIAN_POINT ( 'NONE',  ( -0.4999999999999991673, 0.000000000000000000, 1.949999999999999734 ) ) ;
#6458 = EDGE_LOOP ( 'NONE', ( #4989, #4018, #5038, #3307 ) ) ;
#6459 = ORIENTED_EDGE ( 'NONE', *, *, #4107, .T. ) ;
#6460 = ORIENTED_EDGE ( 'NONE', *, *, #1783, .T. ) ;
#6461 = DIRECTION ( 'NONE',  ( 1.000000000000000000, 0.000000000000000000, -1.445602896647339508E-15 ) ) ;
#6462 = CARTESIAN_POINT ( 'NONE',  ( 1.549999999999999600, 4.584062043356594174, 1.550000000000000488 ) ) ;
#6463 = CARTESIAN_POINT ( 'NONE',  ( 1.549999999999999600, 0.000000000000000000, -1.549999999999999600 ) ) ;
#6464 = CARTESIAN_POINT ( 'NONE',  ( -1.149999999999999467, 0.2000000000000000111, -1.949999999999999289 ) ) ;
#6465 = AXIS2_PLACEMENT_3D ( 'NONE', #954, #6622, #2077 ) ;
#6466 = EDGE_CURVE ( 'NONE', #2681, #1371, #6556, .T. ) ;
#6467 = CARTESIAN_POINT ( 'NONE',  ( 2.499999999999998668, 0.000000000000000000, -0.5000000000000000000 ) ) ;
#6468 = DIRECTION ( 'NONE',  ( 0.000000000000000000, 0.000000000000000000, 1.000000000000000000 ) ) ;
#6469 = VECTOR ( 'NONE', #5427, 1000.000000000000000 ) ;
#6470 = DIRECTION ( 'NONE',  ( 0.000000000000000000, 0.000000000000000000, -1.000000000000000000 ) ) ;
#6471 = ORIENTED_EDGE ( 'NONE', *, *, #6042, .F. ) ;
#6472 = CARTESIAN_POINT ( 'NONE',  ( 1.949999999999998623, 0.2000000000000002054, 0.1499999999999999667 ) ) ;
#6473 = EDGE_CURVE ( 'NONE', #2554, #3576, #2200, .T. ) ;
#6474 = EDGE_CURVE ( 'NONE', #6044, #3044, #2118, .T. ) ;
#6475 = EDGE_LOOP ( 'NONE', ( #2824, #4300, #4398, #4407 ) ) ;
#6476 = EDGE_LOOP ( 'NONE', ( #3348, #4803, #1731, #5624 ) ) ;
#6477 = LINE ( 'NONE', #6381, #2356 ) ;
#6478 = VECTOR ( 'NONE', #5112, 1000.000000000000000 ) ;
#6479 = CARTESIAN_POINT ( 'NONE',  ( 1.949999999999998623, 0.8264982043070834283, -0.5000000000000000000 ) ) ;
#6480 = CARTESIAN_POINT ( 'NONE',  ( 2.500000000000002220, 0.8000000000000003775, -2.499999999999999112 ) ) ;
#6481 = ADVANCED_FACE ( 'NONE', ( #5030 ), #1034, .T. ) ;
#6482 = VERTEX_POINT ( 'NONE', #4095 ) ;
#6483 = LINE ( 'NONE', #2327, #5923 ) ;
#6484 = DIRECTION ( 'NONE',  ( 1.000000000000000000, 0.000000000000000000, 0.000000000000000000 ) ) ;
#6485 = LINE ( 'NONE', #4185, #4147 ) ;
#6486 = EDGE_LOOP ( 'NONE', ( #6496, #1791, #2105, #3396 ) ) ;
#6487 = EDGE_LOOP ( 'NONE', ( #1478, #6035, #2467, #2442 ) ) ;
#6488 = CARTESIAN_POINT ( 'NONE',  ( 1.150000000000000355, 0.2000000000000000111, -1.949999999999999067 ) ) ;
#6489 = EDGE_CURVE ( 'NONE', #1690, #1794, #1710, .T. ) ;
#6490 = LINE ( 'NONE', #169, #6568 ) ;
#6491 = VERTEX_POINT ( 'NONE', #29 ) ;
#6492 = DIRECTION ( 'NONE',  ( -3.942553354492745996E-16, 0.000000000000000000, -1.000000000000000000 ) ) ;
#6493 = COLOUR_RGB ( '',0.7921568627450980005, 0.8196078431372548767, 0.9333333333333333481 ) ;
#6494 = PLANE ( 'NONE',  #2079 ) ;
#6495 = LINE ( 'NONE', #6555, #5447 ) ;
#6496 = ORIENTED_EDGE ( 'NONE', *, *, #215, .F. ) ;
#6497 = VECTOR ( 'NONE', #1532, 1000.000000000000000 ) ;
#6498 =( NAMED_UNIT ( * ) SI_UNIT ( $, .STERADIAN. ) SOLID_ANGLE_UNIT ( ) );
#6499 = VERTEX_POINT ( 'NONE', #3632 ) ;
#6500 = CLOSED_SHELL ( 'NONE', ( #2525, #134, #4121, #3969, #5681, #5478 ) ) ;
#6501 = FACE_OUTER_BOUND ( 'NONE', #618, .T. ) ;
#6502 = PLANE ( 'NONE',  #3508 ) ;
#6503 = FACE_OUTER_BOUND ( 'NONE', #6210, .T. ) ;
#6504 = EDGE_LOOP ( 'NONE', ( #5519, #2912, #2310, #6389 ) ) ;
#6505 = VERTEX_POINT ( 'NONE', #4608 ) ;
#6506 = EDGE_CURVE ( 'NONE', #5129, #5098, #2279, .T. ) ;
#6507 = ORIENTED_EDGE ( 'NONE', *, *, #3554, .F. ) ;
#6508 = LINE ( 'NONE', #1628, #1830 ) ;
#6509 = DIRECTION ( 'NONE',  ( 1.445602896647339508E-15, -0.000000000000000000, 1.000000000000000000 ) ) ;
#6510 = VECTOR ( 'NONE', #4658, 1000.000000000000000 ) ;
#6511 = CARTESIAN_POINT ( 'NONE',  ( -1.949999999999998623, 0.8264982043070834283, 0.7999999999999999334 ) ) ;
#6512 = AXIS2_PLACEMENT_3D ( 'NONE', #5082, #5569, #6554 ) ;
#6513 = EDGE_LOOP ( 'NONE', ( #6359, #1742, #4145, #5864 ) ) ;
#6514 = ORIENTED_EDGE ( 'NONE', *, *, #6579, .F. ) ;
#6515 = LINE ( 'NONE', #1955, #704 ) ;
#6516 = LINE ( 'NONE', #4416, #2244 ) ;
#6517 = CARTESIAN_POINT ( 'NONE',  ( 0.000000000000000000, 0.2000000000000000111, 0.000000000000000000 ) ) ;
#6518 = CARTESIAN_POINT ( 'NONE',  ( 1.949999999999998623, 0.1999999999999999833, 0.7999999999999999334 ) ) ;
#6519 = CARTESIAN_POINT ( 'NONE',  ( -1.949999999999998623, 0.1999999999999999833, 1.149999999999999911 ) ) ;
#6520 = DIRECTION ( 'NONE',  ( -0.000000000000000000, 1.000000000000000000, -0.000000000000000000 ) ) ;
#6521 = EDGE_CURVE ( 'NONE', #5574, #5067, #3321, .T. ) ;
#6522 = VERTEX_POINT ( 'NONE', #2615 ) ;
#6523 = ADVANCED_FACE ( 'NONE', ( #3398 ), #6228, .F. ) ;
#6524 = VECTOR ( 'NONE', #2933, 1000.000000000000000 ) ;
#6525 = DIRECTION ( 'NONE',  ( 1.000000000000000000, -0.000000000000000000, 0.000000000000000000 ) ) ;
#6526 = DIRECTION ( 'NONE',  ( -3.942553354492745996E-16, 0.000000000000000000, -1.000000000000000000 ) ) ;
#6527 = EDGE_CURVE ( 'NONE', #3338, #3608, #5350, .T. ) ;
#6528 = DIRECTION ( 'NONE',  ( -0.000000000000000000, -0.000000000000000000, 1.000000000000000000 ) ) ;
#6529 = DIRECTION ( 'NONE',  ( 0.000000000000000000, -1.000000000000000000, 0.000000000000000000 ) ) ;
#6530 = VERTEX_POINT ( 'NONE', #3140 ) ;
#6531 = ORIENTED_EDGE ( 'NONE', *, *, #1441, .F. ) ;
#6532 = CARTESIAN_POINT ( 'NONE',  ( -1.949999999999998623, 0.000000000000000000, -1.449999999999999956 ) ) ;
#6533 = CARTESIAN_POINT ( 'NONE',  ( 0.1500000000000003830, 0.2000000000000000111, -2.499999999999999556 ) ) ;
#6534 =( LENGTH_UNIT ( ) NAMED_UNIT ( * ) SI_UNIT ( .MILLI., .METRE. ) );
#6535 = CARTESIAN_POINT ( 'NONE',  ( 1.450000000000000844, 0.8264982043070837614, 1.949999999999999734 ) ) ;
#6536 = ORIENTED_EDGE ( 'NONE', *, *, #799, .T. ) ;
#6537 = CARTESIAN_POINT ( 'NONE',  ( 1.150000000000000799, 0.2000000000000000111, 1.949999999999999512 ) ) ;
#6538 = CARTESIAN_POINT ( 'NONE',  ( 1.549999999999999600, 0.1999999999999996503, 1.550000000000000488 ) ) ;
#6539 = ORIENTED_EDGE ( 'NONE', *, *, #921, .F. ) ;
#6540 = CARTESIAN_POINT ( 'NONE',  ( -2.099999999999999645, 0.6999999999999999556, -1.899999999999999911 ) ) ;
#6541 = AXIS2_PLACEMENT_3D ( 'NONE', #956, #6369, #1191 ) ;
#6542 = AXIS2_PLACEMENT_3D ( 'NONE', #6399, #3794, #3815 ) ;
#6543 = DIRECTION ( 'NONE',  ( 1.000000000000000000, 0.000000000000000000, 0.000000000000000000 ) ) ;
#6544 = CARTESIAN_POINT ( 'NONE',  ( -1.149999999999999467, 0.2000000000000000111, -2.499999999999999556 ) ) ;
#6545 = CARTESIAN_POINT ( 'NONE',  ( -2.499999999999998668, 0.8264982043070834283, 0.1499999999999999667 ) ) ;
#6546 = DIRECTION ( 'NONE',  ( -3.942553354492744024E-16, -0.000000000000000000, -1.000000000000000000 ) ) ;
#6547 = ADVANCED_FACE ( 'NONE', ( #4785 ), #483, .F. ) ;
#6548 = DIRECTION ( 'NONE',  ( -1.000000000000000000, 0.000000000000000000, -1.445602896647339508E-15 ) ) ;
#6549 = ORIENTED_EDGE ( 'NONE', *, *, #4351, .F. ) ;
#6550 = AXIS2_PLACEMENT_3D ( 'NONE', #5052, #6116, #2003 ) ;
#6551 = EDGE_CURVE ( 'NONE', #284, #2584, #2520, .T. ) ;
#6552 = VECTOR ( 'NONE', #1665, 1000.000000000000000 ) ;
#6553 = VERTEX_POINT ( 'NONE', #5650 ) ;
#6554 = DIRECTION ( 'NONE',  ( 0.000000000000000000, -0.000000000000000000, -1.000000000000000000 ) ) ;
#6555 = CARTESIAN_POINT ( 'NONE',  ( 0.1500000000000003830, 0.000000000000000000, -1.949999999999999289 ) ) ;
#6556 = LINE ( 'NONE', #4593, #3481 ) ;
#6557 = CARTESIAN_POINT ( 'NONE',  ( 1.949999999999998623, 0.1999999999999999833, 0.1499999999999999667 ) ) ;
#6558 = CARTESIAN_POINT ( 'NONE',  ( -2.499999999999998668, 0.8264982043070834283, -0.1499999999999999667 ) ) ;
#6559 = PLANE ( 'NONE',  #3484 ) ;
#6560 = EDGE_LOOP ( 'NONE', ( #4590, #2690, #767, #6562 ) ) ;
#6561 = VECTOR ( 'NONE', #3437, 1000.000000000000000 ) ;
#6562 = ORIENTED_EDGE ( 'NONE', *, *, #2127, .F. ) ;
#6563 = FACE_OUTER_BOUND ( 'NONE', #237, .T. ) ;
#6564 = CARTESIAN_POINT ( 'NONE',  ( 0.000000000000000000, 0.2000000000000000111, 0.000000000000000000 ) ) ;
#6565 = LINE ( 'NONE', #2873, #5917 ) ;
#6566 = EDGE_CURVE ( 'NONE', #6645, #5707, #3724, .T. ) ;
#6567 = VERTEX_POINT ( 'NONE', #6179 ) ;
#6568 = VECTOR ( 'NONE', #2802, 1000.000000000000000 ) ;
#6569 = ORIENTED_EDGE ( 'NONE', *, *, #1128, .T. ) ;
#6570 = LINE ( 'NONE', #4317, #1317 ) ;
#6571 = ORIENTED_EDGE ( 'NONE', *, *, #2909, .F. ) ;
#6572 = DIRECTION ( 'NONE',  ( 0.000000000000000000, -0.000000000000000000, -1.000000000000000000 ) ) ;
#6573 = ORIENTED_EDGE ( 'NONE', *, *, #3805, .T. ) ;
#6574 = DIRECTION ( 'NONE',  ( -0.000000000000000000, 1.000000000000000000, -0.000000000000000000 ) ) ;
#6575 = LINE ( 'NONE', #4609, #2947 ) ;
#6576 = ORIENTED_EDGE ( 'NONE', *, *, #4280, .F. ) ;
#6577 = FACE_OUTER_BOUND ( 'NONE', #2979, .T. ) ;
#6578 = CARTESIAN_POINT ( 'NONE',  ( 1.949999999999998623, 0.05000000000000023870, 0.7999999999999999334 ) ) ;
#6579 = EDGE_CURVE ( 'NONE', #1641, #3116, #4622, .T. ) ;
#6580 = DIRECTION ( 'NONE',  ( 0.000000000000000000, 0.000000000000000000, -1.000000000000000000 ) ) ;
#6581 = CARTESIAN_POINT ( 'NONE',  ( -2.499999999999998668, 0.8264982043070834283, 0.5000000000000000000 ) ) ;
#6582 = CARTESIAN_POINT ( 'NONE',  ( 1.949999999999998623, 0.8264982043070834283, -1.449999999999999956 ) ) ;
#6583 = ORIENTED_EDGE ( 'NONE', *, *, #2344, .T. ) ;
#6584 = VECTOR ( 'NONE', #4780, 1000.000000000000000 ) ;
#6585 = DIRECTION ( 'NONE',  ( 1.445602896647339508E-15, 0.000000000000000000, -1.000000000000000000 ) ) ;
#6586 = VECTOR ( 'NONE', #116, 1000.000000000000000 ) ;
#6587 = ORIENTED_EDGE ( 'NONE', *, *, #1182, .T. ) ;
#6588 = ADVANCED_FACE ( 'NONE', ( #664 ), #2063, .F. ) ;
#6589 = ORIENTED_EDGE ( 'NONE', *, *, #3741, .F. ) ;
#6590 = FACE_OUTER_BOUND ( 'NONE', #2147, .T. ) ;
#6591 = ORIENTED_EDGE ( 'NONE', *, *, #4028, .F. ) ;
#6592 = LINE ( 'NONE', #1535, #3520 ) ;
#6593 = PLANE ( 'NONE',  #6697 ) ;
#6594 = DIRECTION ( 'NONE',  ( -0.000000000000000000, -1.000000000000000000, -0.000000000000000000 ) ) ;
#6595 = EDGE_CURVE ( 'NONE', #6195, #1855, #6640, .T. ) ;
#6596 = DIRECTION ( 'NONE',  ( 3.942553354492744024E-16, -0.000000000000000000, 1.000000000000000000 ) ) ;
#6597 = ORIENTED_EDGE ( 'NONE', *, *, #1506, .F. ) ;
#6598 = DIRECTION ( 'NONE',  ( -0.000000000000000000, -0.000000000000000000, 1.000000000000000000 ) ) ;
#6599 = LINE ( 'NONE', #4992, #4174 ) ;
#6600 = AXIS2_PLACEMENT_3D ( 'NONE', #6462, #5955, #1817 ) ;
#6601 = CARTESIAN_POINT ( 'NONE',  ( 0.8000000000000010436, 0.8264982043070837614, 2.499999999999999556 ) ) ;
#6602 = AXIS2_PLACEMENT_3D ( 'NONE', #2410, #5011, #1920 ) ;
#6603 = EDGE_CURVE ( 'NONE', #125, #2214, #5829, .T. ) ;
#6604 = LINE ( 'NONE', #1291, #1119 ) ;
#6605 = DIRECTION ( 'NONE',  ( 0.000000000000000000, -1.000000000000000000, 0.000000000000000000 ) ) ;
#6606 = DIRECTION ( 'NONE',  ( 1.000000000000000000, -0.000000000000000000, 7.228014483236699514E-16 ) ) ;
#6607 = FACE_OUTER_BOUND ( 'NONE', #1887, .T. ) ;
#6608 = CARTESIAN_POINT ( 'NONE',  ( -1.949999999999998623, 0.000000000000000000, -0.1499999999999999667 ) ) ;
#6609 = DIRECTION ( 'NONE',  ( 0.000000000000000000, 0.000000000000000000, -1.000000000000000000 ) ) ;
#6610 = DIRECTION ( 'NONE',  ( 0.000000000000000000, -1.000000000000000000, 0.000000000000000000 ) ) ;
#6611 = EDGE_CURVE ( 'NONE', #4026, #4204, #5195, .T. ) ;
#6612 = ORIENTED_EDGE ( 'NONE', *, *, #2999, .F. ) ;
#6613 = ORIENTED_EDGE ( 'NONE', *, *, #1484, .F. ) ;
#6614 = DIRECTION ( 'NONE',  ( -1.000000000000000000, 0.000000000000000000, -0.000000000000000000 ) ) ;
#6615 = DIRECTION ( 'NONE',  ( -0.7071067811865474617, 0.000000000000000000, 0.7071067811865474617 ) ) ;
#6616 = ADVANCED_FACE ( 'NONE', ( #6084 ), #1689, .F. ) ;
#6617 = VERTEX_POINT ( 'NONE', #3152 ) ;
#6618 = EDGE_LOOP ( 'NONE', ( #6471, #5894, #2204, #3146 ) ) ;
#6619 = DIRECTION ( 'NONE',  ( -7.228014483236699514E-16, 0.000000000000000000, 1.000000000000000000 ) ) ;
#6620 = EDGE_CURVE ( 'NONE', #1061, #5991, #3644, .T. ) ;
#6621 = CARTESIAN_POINT ( 'NONE',  ( -2.099999999999999645, 0.6999999999999999556, -2.299999999999999378 ) ) ;
#6622 = DIRECTION ( 'NONE',  ( 1.000000000000000000, 0.000000000000000000, 0.000000000000000000 ) ) ;
#6623 = ADVANCED_FACE ( 'NONE', ( #4703 ), #5232, .F. ) ;
#6624 = CARTESIAN_POINT ( 'NONE',  ( -2.499999999999998668, 0.000000000000000000, 1.149999999999999911 ) ) ;
#6625 = DIRECTION ( 'NONE',  ( -7.228014483236699514E-16, 0.000000000000000000, 1.000000000000000000 ) ) ;
#6626 =( LENGTH_UNIT ( ) NAMED_UNIT ( * ) SI_UNIT ( .MILLI., .METRE. ) );
#6627 = EDGE_CURVE ( 'NONE', #130, #3460, #2675, .T. ) ;
#6628 = LINE ( 'NONE', #3840, #3961 ) ;
#6629 = AXIS2_PLACEMENT_3D ( 'NONE', #1199, #6360, #6379 ) ;
#6631 = VERTEX_POINT ( 'NONE', #1096 ) ;
#6630 = STYLED_ITEM ( 'NONE', ( #2929 ), #2825 ) ;
#6632 = DIRECTION ( 'NONE',  ( 0.000000000000000000, 0.000000000000000000, -1.000000000000000000 ) ) ;
#6633 = DIRECTION ( 'NONE',  ( -1.000000000000000000, 0.000000000000000000, 3.942553354492744024E-16 ) ) ;
#6634 = EDGE_LOOP ( 'NONE', ( #5474, #2643, #2218, #80 ) ) ;
#6635 = PLANE ( 'NONE',  #3130 ) ;
#6636 = SURFACE_STYLE_FILL_AREA ( #3702 ) ;
#6637 = ORIENTED_EDGE ( 'NONE', *, *, #6473, .F. ) ;
#6638 = VECTOR ( 'NONE', #846, 1000.000000000000000 ) ;
#6639 =( LENGTH_UNIT ( ) NAMED_UNIT ( * ) SI_UNIT ( .MILLI., .METRE. ) );
#6640 = LINE ( 'NONE', #3738, #20 ) ;
#6641 = MANIFOLD_SOLID_BREP ( 'Boss-Extrude4', #2393 ) ;
#6642 = EDGE_CURVE ( 'NONE', #5148, #4552, #5121, .T. ) ;
#6643 = CARTESIAN_POINT ( 'NONE',  ( -1.149999999999999467, 0.000000000000000000, -1.949999999999999289 ) ) ;
#6644 = LINE ( 'NONE', #1952, #5275 ) ;
#6645 = VERTEX_POINT ( 'NONE', #4242 ) ;
#6646 = DIRECTION ( 'NONE',  ( -0.000000000000000000, -1.000000000000000000, -0.000000000000000000 ) ) ;
#6647 = LINE ( 'NONE', #3943, #3335 ) ;
#6648 = FACE_OUTER_BOUND ( 'NONE', #2002, .T. ) ;
#6649 = ORIENTED_EDGE ( 'NONE', *, *, #4043, .F. ) ;
#6650 = ORIENTED_EDGE ( 'NONE', *, *, #3850, .F. ) ;
#6651 = UNCERTAINTY_MEASURE_WITH_UNIT (LENGTH_MEASURE( 1.000000000000000082E-05 ), #2401, 'distance_accuracy_value', 'NONE');
#6652 = LINE ( 'NONE', #5304, #5686 ) ;
#6653 = ORIENTED_EDGE ( 'NONE', *, *, #1679, .T. ) ;
#6654 = EDGE_CURVE ( 'NONE', #4793, #3157, #1146, .T. ) ;
#6655 = LINE ( 'NONE', #5333, #272 ) ;
#6656 = ORIENTED_EDGE ( 'NONE', *, *, #2890, .F. ) ;
#6657 = LINE ( 'NONE', #5673, #2542 ) ;
#6658 = VERTEX_POINT ( 'NONE', #6354 ) ;
#6659 = CARTESIAN_POINT ( 'NONE',  ( -1.449999999999999512, 0.2000000000000000111, -1.949999999999999067 ) ) ;
#6660 = ADVANCED_FACE ( 'NONE', ( #5666 ), #3653, .T. ) ;
#6661 = ORIENTED_EDGE ( 'NONE', *, *, #2548, .T. ) ;
#6662 = LINE ( 'NONE', #244, #5621 ) ;
#6663 = CARTESIAN_POINT ( 'NONE',  ( -1.949999999999998623, 0.8264982043070834283, 1.149999999999999911 ) ) ;
#6664 = VECTOR ( 'NONE', #1707, 1000.000000000000000 ) ;
#6665 = DIRECTION ( 'NONE',  ( -1.000000000000000000, 0.000000000000000000, 7.228014483236699514E-16 ) ) ;
#6666 = CLOSED_SHELL ( 'NONE', ( #3941, #2516, #2685, #4354, #5643, #5722 ) ) ;
#6667 = AXIS2_PLACEMENT_3D ( 'NONE', #2187, #5230, #4767 ) ;
#6668 = VERTEX_POINT ( 'NONE', #590 ) ;
#6669 = LINE ( 'NONE', #674, #3914 ) ;
#6670 = CARTESIAN_POINT ( 'NONE',  ( 1.450000000000000844, 0.000000000000000000, 1.949999999999999734 ) ) ;
#6671 = ORIENTED_EDGE ( 'NONE', *, *, #958, .F. ) ;
#6672 = FACE_OUTER_BOUND ( 'NONE', #3228, .T. ) ;
#6673 = VECTOR ( 'NONE', #4751, 1000.000000000000000 ) ;
#6674 = CARTESIAN_POINT ( 'NONE',  ( -2.499999999999997780, 0.2000000000000005107, -0.5000000000000000000 ) ) ;
#6675 = EDGE_CURVE ( 'NONE', #1664, #3346, #655, .T. ) ;
#6676 = CARTESIAN_POINT ( 'NONE',  ( -2.499999999999997780, 0.05000000000000000278, 2.500000000000001332 ) ) ;
#6677 = ORIENTED_EDGE ( 'NONE', *, *, #596, .T. ) ;
#6678 = CARTESIAN_POINT ( 'NONE',  ( -1.949999999999998623, 0.2000000000000002054, 0.1499999999999999667 ) ) ;
#6679 = EDGE_LOOP ( 'NONE', ( #4613, #4229, #944, #5607 ) ) ;
#6680 = FACE_OUTER_BOUND ( 'NONE', #3598, .T. ) ;
#6681 = LINE ( 'NONE', #3621, #4336 ) ;
#6682 = ORIENTED_EDGE ( 'NONE', *, *, #3277, .T. ) ;
#6683 = LINE ( 'NONE', #5020, #1045 ) ;
#6684 = DIRECTION ( 'NONE',  ( -0.000000000000000000, -0.000000000000000000, 1.000000000000000000 ) ) ;
#6685 =( LENGTH_UNIT ( ) NAMED_UNIT ( * ) SI_UNIT ( .MILLI., .METRE. ) );
#6686 = DIRECTION ( 'NONE',  ( -1.000000000000000000, 0.000000000000000000, -1.445602896647339508E-15 ) ) ;
#6687 = AXIS2_PLACEMENT_3D ( 'NONE', #2476, #1958, #2427 ) ;
#6688 = DIRECTION ( 'NONE',  ( -1.000000000000000000, 0.000000000000000000, 1.445602896647339706E-15 ) ) ;
#6689 = ADVANCED_FACE ( 'NONE', ( #4051 ), #1671, .F. ) ;
#6690 = EDGE_CURVE ( 'NONE', #56, #476, #3877, .T. ) ;
#6691 = DIRECTION ( 'NONE',  ( -6.994852725712932707E-17, 0.000000000000000000, 1.000000000000000000 ) ) ;
#6693 = DIRECTION ( 'NONE',  ( -7.228014483236699514E-16, 0.000000000000000000, -1.000000000000000000 ) ) ;
#6692 = CARTESIAN_POINT ( 'NONE',  ( -1.949999999999998623, 0.8264982043070834283, 1.449999999999999956 ) ) ;
#6694 = DIRECTION ( 'NONE',  ( 0.000000000000000000, 1.000000000000000000, 0.000000000000000000 ) ) ;
#6695 = ADVANCED_FACE ( 'NONE', ( #2913 ), #3246, .F. ) ;
#6696 = ORIENTED_EDGE ( 'NONE', *, *, #829, .T. ) ;
#6697 = AXIS2_PLACEMENT_3D ( 'NONE', #5511, #2485, #890 ) ;
#6698 = EDGE_CURVE ( 'NONE', #3678, #3194, #4374, .T. ) ;
ENDSEC;
END-ISO-10303-21;
